2026-06-07 22:08:14 [INFO] Starting test: Create and allocate commission package successfully
2026-06-07 22:08:14 [INFO] ===== Test Execution Started =====
2026-06-07 22:08:14 [INFO] Navigating to login page
2026-06-07 22:08:14 [ERROR] Test failed: Create and allocate commission package successfully
2026-06-07 22:08:14 [ERROR] Failure screenshot saved: C:\Users\shashwat.singh\Desktop\Playwright_Coimssion_Automation\reports\failure-screenshots\Create_and_allocate_commission_package_successfully.png
2026-06-07 22:09:57 [INFO] Starting test: Create and allocate commission package successfully
2026-06-07 22:09:57 [INFO] ===== Test Execution Started =====
2026-06-07 22:09:57 [INFO] Navigating to login page
2026-06-07 22:10:09 [INFO] Logging in with user: demoworld.admin@yopmail.com
2026-06-07 22:10:24 [ERROR] Test failed: Create and allocate commission package successfully
2026-06-07 22:10:24 [ERROR] Failure screenshot saved: C:\Users\shashwat.singh\Desktop\Playwright_Coimssion_Automation\reports\failure-screenshots\Create_and_allocate_commission_package_successfully.png
2026-06-07 22:33:08 [INFO] Starting test: Create and allocate commission package successfully
2026-06-07 22:33:08 [INFO] ===== Test Execution Started =====
2026-06-07 22:33:08 [INFO] Navigating to login page
2026-06-07 22:33:12 [INFO] Starting test: Create and allocate commission package successfully
2026-06-07 22:33:12 [INFO] ===== Test Execution Started =====
2026-06-07 22:33:12 [INFO] Navigating to login page
2026-06-07 22:33:16 [INFO] Starting test: Create and allocate commission package successfully
2026-06-07 22:33:16 [INFO] ===== Test Execution Started =====
2026-06-07 22:33:16 [INFO] Navigating to login page
2026-06-07 22:33:20 [INFO] Logging in with user: demoworld.admin@yopmail.com
2026-06-07 22:33:22 [INFO] Logging in with user: demoworld.admin@yopmail.com
2026-06-07 22:33:24 [INFO] Logging in with user: demoworld.admin@yopmail.com
2026-06-07 22:33:27 [ERROR] Test failed: Create and allocate commission package successfully
2026-06-07 22:33:27 [ERROR] Failure screenshot saved: C:\Users\shashwat.singh\Desktop\Playwright_Coimssion_Automation\reports\failure-screenshots\Create_and_allocate_commission_package_successfully.png
2026-06-07 22:33:28 [ERROR] Test failed: Create and allocate commission package successfully
2026-06-07 22:33:28 [ERROR] Failure screenshot saved: C:\Users\shashwat.singh\Desktop\Playwright_Coimssion_Automation\reports\failure-screenshots\Create_and_allocate_commission_package_successfully.png
2026-06-07 22:33:29 [ERROR] Test failed: Create and allocate commission package successfully
2026-06-07 22:33:29 [ERROR] Failure screenshot saved: C:\Users\shashwat.singh\Desktop\Playwright_Coimssion_Automation\reports\failure-screenshots\Create_and_allocate_commission_package_successfully.png
2026-06-07 22:42:42 [INFO] Starting test: Create and allocate commission package successfully
2026-06-07 22:42:42 [INFO] ===== Test Execution Started =====
2026-06-07 22:42:42 [INFO] Navigating to login page
2026-06-07 22:42:43 [INFO] Starting test: Create and allocate commission package successfully
2026-06-07 22:42:43 [INFO] ===== Test Execution Started =====
2026-06-07 22:42:43 [INFO] Navigating to login page
2026-06-07 22:42:46 [INFO] Starting test: Create and allocate commission package successfully
2026-06-07 22:42:46 [INFO] ===== Test Execution Started =====
2026-06-07 22:42:46 [INFO] Navigating to login page
2026-06-07 22:42:51 [INFO] Logging in with user: demoworld.admin@yopmail.com
2026-06-07 22:42:53 [INFO] Logging in with user: demoworld.admin@yopmail.com
2026-06-07 22:42:53 [INFO] Logging in with user: demoworld.admin@yopmail.com
2026-06-07 22:42:58 [ERROR] Test failed: Create and allocate commission package successfully
2026-06-07 22:42:58 [ERROR] Failure screenshot saved: C:\Users\shashwat.singh\Desktop\Playwright_Coimssion_Automation\reports\failure-screenshots\Create_and_allocate_commission_package_successfully.png
2026-06-07 22:42:59 [ERROR] Test failed: Create and allocate commission package successfully
2026-06-07 22:42:59 [ERROR] Failure screenshot saved: C:\Users\shashwat.singh\Desktop\Playwright_Coimssion_Automation\reports\failure-screenshots\Create_and_allocate_commission_package_successfully.png
2026-06-07 22:42:59 [ERROR] Test failed: Create and allocate commission package successfully
2026-06-07 22:42:59 [ERROR] Failure screenshot saved: C:\Users\shashwat.singh\Desktop\Playwright_Coimssion_Automation\reports\failure-screenshots\Create_and_allocate_commission_package_successfully.png
2026-06-07 22:48:44 [INFO] Starting test: Create and allocate commission package successfully
2026-06-07 22:48:44 [INFO] ===== Test Execution Started =====
2026-06-07 22:48:44 [INFO] Navigating to login page
2026-06-07 22:48:44 [INFO] Starting test: Create and allocate commission package successfully
2026-06-07 22:48:44 [INFO] ===== Test Execution Started =====
2026-06-07 22:48:44 [INFO] Navigating to login page
2026-06-07 22:48:48 [INFO] Starting test: Create and allocate commission package successfully
2026-06-07 22:48:48 [INFO] ===== Test Execution Started =====
2026-06-07 22:48:48 [INFO] Navigating to login page
2026-06-07 22:48:52 [INFO] Logging in with user: demoworld.admin@yopmail.com
2026-06-07 22:48:54 [INFO] Logging in with user: demoworld.admin@yopmail.com
2026-06-07 22:48:55 [INFO] Logging in with user: demoworld.admin@yopmail.com
2026-06-07 22:49:11 [ERROR] Test failed: Create and allocate commission package successfully
2026-06-07 22:49:11 [ERROR] Failure screenshot saved: C:\Users\shashwat.singh\Desktop\Playwright_Coimssion_Automation\reports\failure-screenshots\Create_and_allocate_commission_package_successfully.png
2026-06-07 22:49:11 [ERROR] Test failed: Create and allocate commission package successfully
2026-06-07 22:49:11 [ERROR] Failure screenshot saved: C:\Users\shashwat.singh\Desktop\Playwright_Coimssion_Automation\reports\failure-screenshots\Create_and_allocate_commission_package_successfully.png
2026-06-07 22:49:13 [ERROR] Test failed: Create and allocate commission package successfully
2026-06-07 22:49:13 [ERROR] Failure screenshot saved: C:\Users\shashwat.singh\Desktop\Playwright_Coimssion_Automation\reports\failure-screenshots\Create_and_allocate_commission_package_successfully.png
2026-06-07 22:50:21 [INFO] Starting test: Create and allocate commission package successfully
2026-06-07 22:50:21 [INFO] ===== Test Execution Started =====
2026-06-07 22:50:21 [INFO] Navigating to login page
2026-06-07 22:50:30 [INFO] Logging in with user: demoworld.admin@yopmail.com
2026-06-07 22:50:46 [ERROR] Test failed: Create and allocate commission package successfully
2026-06-07 22:50:46 [ERROR] Failure screenshot saved: C:\Users\shashwat.singh\Desktop\Playwright_Coimssion_Automation\reports\failure-screenshots\Create_and_allocate_commission_package_successfully.png
2026-06-07 23:04:16 [INFO] Starting test: Create and allocate commission package successfully
2026-06-07 23:04:16 [INFO] ===== Test Execution Started =====
2026-06-07 23:04:16 [INFO] Navigating to login page
2026-06-07 23:04:26 [INFO] Logging in with user: demoworld.admin@yopmail.com
2026-06-07 23:04:42 [ERROR] Test failed: Create and allocate commission package successfully
2026-06-07 23:04:42 [ERROR] Failure screenshot saved: C:\Users\shashwat.singh\Desktop\Playwright_Coimssion_Automation\reports\failure-screenshots\Create_and_allocate_commission_package_successfully.png
2026-06-07 23:05:39 [INFO] Starting test: Create and allocate commission package successfully
2026-06-07 23:05:39 [INFO] ===== Test Execution Started =====
2026-06-07 23:05:39 [INFO] Navigating to login page
2026-06-07 23:05:47 [INFO] Logging in with user: demoworld.admin@yopmail.com
2026-06-07 23:05:53 [ERROR] Test failed: Create and allocate commission package successfully
2026-06-07 23:05:53 [ERROR] Failure screenshot saved: C:\Users\shashwat.singh\Desktop\Playwright_Coimssion_Automation\reports\failure-screenshots\Create_and_allocate_commission_package_successfully.png
2026-06-07 23:09:56 [INFO] Starting test: Create and allocate commission package successfully
2026-06-07 23:09:56 [INFO] ===== Test Execution Started =====
2026-06-07 23:09:56 [INFO] Navigating to login page
2026-06-07 23:10:05 [INFO] Logging in with user: demoworld.admin@yopmail.com
2026-06-07 23:10:10 [ERROR] Test failed: Create and allocate commission package successfully
2026-06-07 23:10:10 [ERROR] Failure screenshot saved: C:\Users\shashwat.singh\Desktop\Playwright_Coimssion_Automation\reports\failure-screenshots\Create_and_allocate_commission_package_successfully.png
2026-06-07 23:10:39 [INFO] Starting test: Create and allocate commission package successfully
2026-06-07 23:10:39 [INFO] ===== Test Execution Started =====
2026-06-07 23:10:39 [INFO] Navigating to login page
2026-06-07 23:10:50 [INFO] Logging in with user: demoworld.admin@yopmail.com
2026-06-07 23:10:56 [ERROR] Test failed: Create and allocate commission package successfully
2026-06-07 23:10:56 [ERROR] Failure screenshot saved: C:\Users\shashwat.singh\Desktop\Playwright_Coimssion_Automation\reports\failure-screenshots\Create_and_allocate_commission_package_successfully.png
2026-06-08 14:34:03 [INFO] Starting test: Create and allocate commission package successfully
2026-06-08 14:34:03 [INFO] ===== Test Execution Started =====
2026-06-08 14:34:03 [INFO] Navigating to login page
2026-06-08 14:34:08 [INFO] Logging in with user: demoworld.admin@yopmail.com
2026-06-08 14:34:13 [ERROR] Test failed: Create and allocate commission package successfully
2026-06-08 14:34:13 [ERROR] Failure screenshot saved: C:\Users\shashwat.singh\Desktop\Playwright_Coimssion_Automation\reports\failure-screenshots\Create_and_allocate_commission_package_successfully.png
2026-06-08 14:36:09 [INFO] Starting test: Create and allocate commission package successfully
2026-06-08 14:36:09 [INFO] ===== Test Execution Started =====
2026-06-08 14:36:09 [INFO] Navigating to login page
2026-06-08 14:36:14 [INFO] Logging in with user: demoworld.admin@yopmail.com
2026-06-08 14:37:30 [INFO] Starting test: Create and allocate commission package successfully
2026-06-08 14:37:30 [INFO] ===== Test Execution Started =====
2026-06-08 14:37:30 [INFO] Navigating to login page
2026-06-08 14:37:35 [INFO] Logging in with user: demoworld.admin@yopmail.com
2026-06-08 14:37:51 [ERROR] Test failed: Create and allocate commission package successfully
2026-06-08 14:37:51 [ERROR] Failure screenshot saved: C:\Users\shashwat.singh\Desktop\Playwright_Coimssion_Automation\reports\failure-screenshots\Create_and_allocate_commission_package_successfully.png
2026-06-08 14:43:30 [INFO] Starting test: Create and allocate commission package successfully
2026-06-08 14:43:30 [INFO] ===== Test Execution Started =====
2026-06-08 14:43:30 [INFO] Navigating to login page
2026-06-08 14:43:35 [INFO] Logging in with user: demoworld.admin@yopmail.com
2026-06-08 14:43:37 [ERROR] Test failed: Create and allocate commission package successfully
2026-06-08 14:43:37 [ERROR] Failure screenshot saved: C:\Users\shashwat.singh\Desktop\Playwright_Coimssion_Automation\reports\failure-screenshots\Create_and_allocate_commission_package_successfully.png
2026-06-08 14:48:18 [INFO] Starting test: Create and allocate commission package successfully
2026-06-08 14:48:18 [INFO] ===== Test Execution Started =====
2026-06-08 14:48:18 [INFO] Navigating to login page
2026-06-08 14:48:23 [INFO] Logging in with user: demoworld.admin@yopmail.com
2026-06-08 14:48:24 [ERROR] Test failed: Create and allocate commission package successfully
2026-06-08 14:48:24 [ERROR] Failure screenshot saved: C:\Users\shashwat.singh\Desktop\Playwright_Coimssion_Automation\reports\failure-screenshots\Create_and_allocate_commission_package_successfully.png
2026-06-14 14:01:20 [INFO] Starting test: Create and allocate commission package successfully
2026-06-14 14:01:20 [INFO] ===== Test Execution Started =====
2026-06-14 14:01:20 [INFO] Navigating to login page
2026-06-14 14:01:41 [ERROR] Test failed: Create and allocate commission package successfully
2026-06-14 14:01:41 [ERROR] Failure screenshot saved: C:\Users\shashwat.singh\Desktop\Playwright_Coimssion_Automation\reports\failure-screenshots\Create_and_allocate_commission_package_successfully.png
2026-06-14 14:09:16 [INFO] Starting test: Create and allocate commission package successfully
2026-06-14 14:09:16 [INFO] ===== Test Execution Started =====
2026-06-14 14:09:16 [INFO] Navigating to login page
2026-06-14 14:09:35 [INFO] Logging in with user: demoworld.admin@yopmail.com
2026-06-14 14:09:43 [ERROR] Test failed: Create and allocate commission package successfully
2026-06-14 14:09:43 [ERROR] Failure screenshot saved: C:\Users\shashwat.singh\Desktop\Playwright_Coimssion_Automation\reports\failure-screenshots\Create_and_allocate_commission_package_successfully.png
2026-06-14 14:11:07 [INFO] Starting test: Create and allocate commission package successfully
2026-06-14 14:11:07 [INFO] ===== Test Execution Started =====
2026-06-14 14:11:07 [INFO] Navigating to login page
2026-06-14 14:11:17 [INFO] Logging in with user: demoworld.admin@yopmail.com
2026-06-14 14:11:18 [ERROR] Test failed: Create and allocate commission package successfully
2026-06-14 14:11:18 [ERROR] Failure screenshot saved: C:\Users\shashwat.singh\Desktop\Playwright_Coimssion_Automation\reports\failure-screenshots\Create_and_allocate_commission_package_successfully.png
2026-06-14 14:16:59 [INFO] Starting test: Create and allocate commission package successfully
2026-06-14 14:16:59 [INFO] ===== Test Execution Started =====
2026-06-14 14:16:59 [INFO] Navigating to login page
2026-06-14 14:17:09 [INFO] Logging in with user: demoworld.admin@yopmail.com
2026-06-14 14:17:10 [ERROR] Test failed: Create and allocate commission package successfully
2026-06-14 14:17:10 [ERROR] Failure screenshot saved: C:\Users\shashwat.singh\Desktop\Playwright_Coimssion_Automation\reports\failure-screenshots\Create_and_allocate_commission_package_successfully.png
2026-06-14 14:55:26 [INFO] Starting test: Create and allocate commission package successfully
2026-06-14 14:55:26 [INFO] ===== Test Execution Started =====
2026-06-14 14:55:26 [INFO] Navigating to login page
2026-06-14 14:55:34 [INFO] Logging in with user: demoworld.admin@yopmail.com
2026-06-14 14:55:36 [INFO] Validating dashboard
2026-06-14 14:55:46 [ERROR] Test failed: Create and allocate commission package successfully
2026-06-14 14:55:46 [ERROR] Failure screenshot saved: C:\Users\shashwat.singh\Desktop\Playwright_Coimssion_Automation\reports\failure-screenshots\Create_and_allocate_commission_package_successfully.png
2026-06-14 15:22:57 [INFO] Starting test: Create and allocate commission package successfully
2026-06-14 15:22:57 [INFO] ===== Test Execution Started =====
2026-06-14 15:22:57 [INFO] Navigating to login page
2026-06-14 15:23:05 [INFO] Logging in with user: demoworld.admin@yopmail.com
2026-06-14 15:23:08 [INFO] Validating dashboard
2026-06-14 15:23:18 [ERROR] Test failed: Create and allocate commission package successfully
2026-06-14 15:23:18 [ERROR] Failure screenshot saved: C:\Users\shashwat.singh\Desktop\Playwright_Coimssion_Automation\reports\failure-screenshots\Create_and_allocate_commission_package_successfully.png
2026-06-14 15:54:33 [INFO] Starting test: Create and allocate commission package successfully
2026-06-14 15:54:33 [INFO] ===== Test Execution Started =====
2026-06-14 15:54:33 [INFO] Navigating to login page
2026-06-14 15:54:45 [INFO] Logging in with user: demoworld.admin@yopmail.com
2026-06-14 15:54:47 [INFO] Validating dashboard
2026-06-14 15:54:48 [ERROR] Test failed: Create and allocate commission package successfully
2026-06-14 15:54:48 [ERROR] Failure screenshot saved: C:\Users\shashwat.singh\Desktop\Playwright_Coimssion_Automation\reports\failure-screenshots\Create_and_allocate_commission_package_successfully.png
2026-06-14 15:55:26 [INFO] Starting test: Create and allocate commission package successfully
2026-06-14 15:55:27 [INFO] ===== Test Execution Started =====
2026-06-14 15:55:27 [INFO] Navigating to login page
2026-06-14 15:55:37 [INFO] Logging in with user: demoworld.admin@yopmail.com
2026-06-14 15:55:39 [INFO] Validating dashboard
2026-06-14 15:55:39 [ERROR] Test failed: Create and allocate commission package successfully
2026-06-14 15:55:39 [ERROR] Failure screenshot saved: C:\Users\shashwat.singh\Desktop\Playwright_Coimssion_Automation\reports\failure-screenshots\Create_and_allocate_commission_package_successfully.png
2026-06-14 15:56:48 [INFO] Starting test: Create and allocate commission package successfully
2026-06-14 15:56:48 [INFO] ===== Test Execution Started =====
2026-06-14 15:56:48 [INFO] Navigating to login page
2026-06-14 15:56:56 [INFO] Logging in with user: demoworld.admin@yopmail.com
2026-06-14 15:56:56 [INFO] Validating dashboard
2026-06-14 15:56:57 [INFO] Navigating to Agent tab
2026-06-14 15:56:57 [ERROR] Test failed: Create and allocate commission package successfully
2026-06-14 15:56:57 [ERROR] Failure screenshot saved: C:\Users\shashwat.singh\Desktop\Playwright_Coimssion_Automation\reports\failure-screenshots\Create_and_allocate_commission_package_successfully.png
2026-06-14 16:00:27 [INFO] Starting test: Create and allocate commission package successfully
2026-06-14 16:00:27 [INFO] ===== Test Execution Started =====
2026-06-14 16:00:27 [INFO] Navigating to login page
2026-06-14 16:00:35 [INFO] Logging in with user: demoworld.admin@yopmail.com
2026-06-14 16:00:36 [INFO] Validating dashboard
2026-06-14 16:00:36 [INFO] Navigating to Agent tab
2026-06-14 16:00:46 [ERROR] Test failed: Create and allocate commission package successfully
2026-06-14 16:00:46 [ERROR] Failure screenshot saved: C:\Users\shashwat.singh\Desktop\Playwright_Coimssion_Automation\reports\failure-screenshots\Create_and_allocate_commission_package_successfully.png
2026-06-14 16:45:51 [INFO] Starting test: Create and allocate commission package successfully
2026-06-14 16:45:51 [INFO] ===== Test Execution Started =====
2026-06-14 16:45:51 [INFO] Navigating to login page
2026-06-14 16:46:05 [INFO] Logging in with user: demoworld.admin@yopmail.com
2026-06-14 16:46:10 [INFO] Validating dashboard
2026-06-14 16:46:10 [INFO] Navigating to Agent tab
2026-06-14 16:46:10 [ERROR] Test failed: Create and allocate commission package successfully
2026-06-14 16:46:10 [ERROR] Failure screenshot saved: C:\Users\shashwat.singh\Desktop\Playwright_Coimssion_Automation\reports\failure-screenshots\Create_and_allocate_commission_package_successfully.png
2026-06-14 16:47:36 [INFO] Starting test: Create and allocate commission package successfully
2026-06-14 16:47:36 [INFO] ===== Test Execution Started =====
2026-06-14 16:47:36 [INFO] Navigating to login page
2026-06-14 16:47:46 [INFO] Logging in with user: demoworld.admin@yopmail.com
2026-06-14 16:47:48 [INFO] Validating dashboard
2026-06-14 16:47:48 [INFO] Navigating to Agent tab
2026-06-14 16:47:48 [INFO] Opening Agents dropdown
2026-06-14 16:48:04 [ERROR] Test failed: Create and allocate commission package successfully
2026-06-14 16:48:04 [ERROR] Failure screenshot saved: C:\Users\shashwat.singh\Desktop\Playwright_Coimssion_Automation\reports\failure-screenshots\Create_and_allocate_commission_package_successfully.png
2026-06-14 16:51:31 [INFO] Starting test: Create and allocate commission package successfully
2026-06-14 16:51:31 [INFO] ===== Test Execution Started =====
2026-06-14 16:51:31 [INFO] Navigating to login page
2026-06-14 16:51:41 [INFO] Logging in with user: demoworld.admin@yopmail.com
2026-06-14 16:51:43 [INFO] Validating dashboard
2026-06-14 16:51:43 [INFO] Navigating to Agent tab
2026-06-14 16:51:43 [INFO] Opening Agents dropdown
2026-06-14 16:51:54 [ERROR] Test failed: Create and allocate commission package successfully
2026-06-14 16:51:54 [ERROR] Failure screenshot saved: C:\Users\shashwat.singh\Desktop\Playwright_Coimssion_Automation\reports\failure-screenshots\Create_and_allocate_commission_package_successfully.png
2026-06-14 17:00:44 [INFO] Starting test: Create and allocate commission package successfully
2026-06-14 17:00:44 [INFO] ===== Test Execution Started =====
2026-06-14 17:00:44 [INFO] Navigating to login page
2026-06-14 17:00:54 [INFO] Logging in with user: demoworld.admin@yopmail.com
2026-06-14 17:00:55 [INFO] Validating dashboard
2026-06-14 17:00:55 [INFO] Navigating to Agent tab
2026-06-14 17:00:55 [INFO] Opening Agents dropdown
2026-06-14 17:01:17 [ERROR] Test failed: Create and allocate commission package successfully
2026-06-14 17:01:17 [ERROR] Failure screenshot saved: C:\Users\shashwat.singh\Desktop\Playwright_Coimssion_Automation\reports\failure-screenshots\Create_and_allocate_commission_package_successfully.png
2026-06-14 17:02:28 [INFO] Starting test: Create and allocate commission package successfully
2026-06-14 17:02:28 [INFO] ===== Test Execution Started =====
2026-06-14 17:02:28 [INFO] Navigating to login page
2026-06-14 17:02:50 [ERROR] Test failed: Create and allocate commission package successfully
2026-06-14 17:02:50 [ERROR] Failure screenshot saved: C:\Users\shashwat.singh\Desktop\Playwright_Coimssion_Automation\reports\failure-screenshots\Create_and_allocate_commission_package_successfully.png
2026-06-14 17:03:45 [INFO] Starting test: Create and allocate commission package successfully
2026-06-14 17:03:45 [INFO] ===== Test Execution Started =====
2026-06-14 17:03:45 [INFO] Navigating to login page
2026-06-14 17:04:06 [ERROR] Test failed: Create and allocate commission package successfully
2026-06-14 17:04:06 [ERROR] Failure screenshot saved: C:\Users\shashwat.singh\Desktop\Playwright_Coimssion_Automation\reports\failure-screenshots\Create_and_allocate_commission_package_successfully.png
2026-06-14 17:07:16 [INFO] Starting test: Create and allocate commission package successfully
2026-06-14 17:07:16 [INFO] ===== Test Execution Started =====
2026-06-14 17:07:16 [INFO] Navigating to login page
2026-06-14 17:07:25 [INFO] Logging in with user: demoworld.admin@yopmail.com
2026-06-14 17:07:27 [INFO] Validating dashboard
2026-06-14 17:07:27 [INFO] Navigating to Agent tab
2026-06-14 17:07:27 [INFO] Opening Agents dropdown
2026-06-14 17:07:45 [ERROR] Test failed: Create and allocate commission package successfully
2026-06-14 17:07:45 [ERROR] Failure screenshot saved: C:\Users\shashwat.singh\Desktop\Playwright_Coimssion_Automation\reports\failure-screenshots\Create_and_allocate_commission_package_successfully.png
2026-06-14 17:08:42 [INFO] Starting test: Create and allocate commission package successfully
2026-06-14 17:08:42 [INFO] ===== Test Execution Started =====
2026-06-14 17:08:42 [INFO] Navigating to login page
2026-06-14 17:08:50 [INFO] Logging in with user: demoworld.admin@yopmail.com
2026-06-14 17:08:52 [INFO] Validating dashboard
2026-06-14 17:08:52 [INFO] Navigating to Agent tab
2026-06-14 17:08:52 [INFO] Opening Agents dropdown
2026-06-14 17:09:11 [ERROR] Test failed: Create and allocate commission package successfully
2026-06-14 17:09:11 [ERROR] Failure screenshot saved: C:\Users\shashwat.singh\Desktop\Playwright_Coimssion_Automation\reports\failure-screenshots\Create_and_allocate_commission_package_successfully.png
2026-06-14 17:25:43 [INFO] Starting test: Create and allocate commission package successfully
2026-06-14 17:25:43 [INFO] ===== Test Execution Started =====
2026-06-14 17:25:43 [INFO] Navigating to login page
2026-06-14 17:25:54 [INFO] Logging in with user: demoworld.admin@yopmail.com
2026-06-14 17:25:56 [INFO] Validating dashboard
2026-06-14 17:25:56 [INFO] Navigating to Agent tab
2026-06-14 17:25:56 [INFO] Opening Agents dropdown
2026-06-14 17:26:12 [ERROR] Test failed: Create and allocate commission package successfully
2026-06-14 17:26:12 [ERROR] Failure screenshot saved: C:\Users\shashwat.singh\Desktop\Playwright_Coimssion_Automation\reports\failure-screenshots\Create_and_allocate_commission_package_successfully.png
2026-06-14 17:27:22 [INFO] Starting test: Create and allocate commission package successfully
2026-06-14 17:27:22 [INFO] ===== Test Execution Started =====
2026-06-14 17:27:22 [INFO] Navigating to login page
2026-06-14 17:27:31 [INFO] Logging in with user: demoworld.admin@yopmail.com
2026-06-14 17:27:32 [INFO] Validating dashboard
2026-06-14 17:27:32 [INFO] Navigating to Agent tab
2026-06-14 17:27:32 [INFO] Opening Agents dropdown
2026-06-14 17:27:37 [ERROR] Test failed: Create and allocate commission package successfully
2026-06-14 17:27:37 [ERROR] Failure screenshot saved: C:\Users\shashwat.singh\Desktop\Playwright_Coimssion_Automation\reports\failure-screenshots\Create_and_allocate_commission_package_successfully.png
2026-06-14 17:28:31 [INFO] Starting test: Create and allocate commission package successfully
2026-06-14 17:28:31 [INFO] ===== Test Execution Started =====
2026-06-14 17:28:31 [INFO] Navigating to login page
2026-06-14 17:28:41 [INFO] Logging in with user: demoworld.admin@yopmail.com
2026-06-14 17:28:42 [INFO] Validating dashboard
2026-06-14 17:28:42 [INFO] Navigating to Agent tab
2026-06-14 17:28:42 [INFO] Opening Agents dropdown
2026-06-14 17:28:53 [ERROR] Test failed: Create and allocate commission package successfully
2026-06-14 17:28:53 [ERROR] Failure screenshot saved: C:\Users\shashwat.singh\Desktop\Playwright_Coimssion_Automation\reports\failure-screenshots\Create_and_allocate_commission_package_successfully.png
2026-06-14 17:29:47 [INFO] Starting test: Create and allocate commission package successfully
2026-06-14 17:29:47 [INFO] ===== Test Execution Started =====
2026-06-14 17:29:47 [INFO] Navigating to login page
2026-06-14 17:30:00 [INFO] Logging in with user: demoworld.admin@yopmail.com
2026-06-14 17:30:01 [INFO] Validating dashboard
2026-06-14 17:30:01 [INFO] Navigating to Agent tab
2026-06-14 17:30:01 [INFO] Opening Agents dropdown
2026-06-14 17:30:12 [ERROR] Test failed: Create and allocate commission package successfully
2026-06-14 17:30:12 [ERROR] Failure screenshot saved: C:\Users\shashwat.singh\Desktop\Playwright_Coimssion_Automation\reports\failure-screenshots\Create_and_allocate_commission_package_successfully.png
2026-06-14 18:10:29 [INFO] Starting test: Create and allocate commission package successfully
2026-06-14 18:10:30 [INFO] ===== Test Execution Started =====
2026-06-14 18:10:30 [INFO] Navigating to login page
2026-06-14 18:10:41 [INFO] Logging in with user: demoworld.admin@yopmail.com
2026-06-14 18:10:44 [INFO] Validating dashboard
2026-06-14 18:10:44 [INFO] Navigating to Agent tab
2026-06-14 18:10:44 [INFO] Opening Agents dropdown
2026-06-14 18:10:54 [ERROR] Test failed: Create and allocate commission package successfully
2026-06-14 18:10:54 [ERROR] Failure screenshot saved: C:\Users\shashwat.singh\Desktop\Playwright_Coimssion_Automation\reports\failure-screenshots\Create_and_allocate_commission_package_successfully.png
2026-06-14 18:12:02 [INFO] Starting test: Create and allocate commission package successfully
2026-06-14 18:12:02 [INFO] ===== Test Execution Started =====
2026-06-14 18:12:02 [INFO] Navigating to login page
2026-06-14 18:12:11 [INFO] Logging in with user: demoworld.admin@yopmail.com
2026-06-14 18:12:14 [INFO] Validating dashboard
2026-06-14 18:12:14 [INFO] Navigating to Agent tab
2026-06-14 18:12:24 [INFO] Opening Agents dropdown
2026-06-14 18:12:32 [ERROR] Test failed: Create and allocate commission package successfully
2026-06-14 18:12:32 [ERROR] Failure screenshot saved: C:\Users\shashwat.singh\Desktop\Playwright_Coimssion_Automation\reports\failure-screenshots\Create_and_allocate_commission_package_successfully.png
2026-06-14 18:13:06 [INFO] Starting test: Create and allocate commission package successfully
2026-06-14 18:13:06 [INFO] ===== Test Execution Started =====
2026-06-14 18:13:06 [INFO] Navigating to login page
2026-06-14 18:13:15 [INFO] Logging in with user: demoworld.admin@yopmail.com
2026-06-14 18:13:16 [INFO] Validating dashboard
2026-06-14 18:13:16 [INFO] Navigating to Agent tab
2026-06-14 18:13:16 [INFO] Opening Agents dropdown
2026-06-14 18:13:26 [ERROR] Test failed: Create and allocate commission package successfully
2026-06-14 18:13:26 [ERROR] Failure screenshot saved: C:\Users\shashwat.singh\Desktop\Playwright_Coimssion_Automation\reports\failure-screenshots\Create_and_allocate_commission_package_successfully.png
2026-06-14 18:24:04 [INFO] Starting test: Create and allocate commission package successfully
2026-06-14 18:24:04 [INFO] ===== Test Execution Started =====
2026-06-14 18:24:04 [INFO] Navigating to login page
2026-06-14 18:24:14 [INFO] Logging in with user: demoworld.admin@yopmail.com
2026-06-14 18:24:15 [INFO] Validating dashboard
2026-06-14 18:24:15 [INFO] Navigating to Agent tab
2026-06-14 18:24:15 [INFO] Opening Agents dropdown
2026-06-14 18:24:25 [INFO] Selecting Easy Commission
2026-06-14 18:24:25 [INFO] Clicking Settings
2026-06-14 18:24:33 [ERROR] Test failed: Create and allocate commission package successfully
2026-06-14 18:24:33 [ERROR] Failure screenshot saved: C:\Users\shashwat.singh\Desktop\Playwright_Coimssion_Automation\reports\failure-screenshots\Create_and_allocate_commission_package_successfully.png
2026-06-14 18:28:23 [INFO] Starting test: Create and allocate commission package successfully
2026-06-14 18:28:23 [INFO] ===== Test Execution Started =====
2026-06-14 18:28:23 [INFO] Navigating to login page
2026-06-14 18:28:32 [INFO] Logging in with user: demoworld.admin@yopmail.com
2026-06-14 18:28:33 [INFO] Validating dashboard
2026-06-14 18:28:33 [INFO] Navigating to Agent tab
2026-06-14 18:28:33 [INFO] Opening Agents dropdown
2026-06-14 18:28:42 [INFO] Selecting Easy Commission
2026-06-14 18:28:43 [INFO] Clicking Settings
2026-06-14 18:28:53 [ERROR] Test failed: Create and allocate commission package successfully
2026-06-14 18:28:53 [ERROR] Failure screenshot saved: C:\Users\shashwat.singh\Desktop\Playwright_Coimssion_Automation\reports\failure-screenshots\Create_and_allocate_commission_package_successfully.png
2026-06-14 18:30:21 [INFO] Starting test: Create and allocate commission package successfully
2026-06-14 18:30:22 [INFO] ===== Test Execution Started =====
2026-06-14 18:30:22 [INFO] Navigating to login page
2026-06-14 18:30:30 [INFO] Logging in with user: demoworld.admin@yopmail.com
2026-06-14 18:30:31 [INFO] Validating dashboard
2026-06-14 18:30:31 [INFO] Navigating to Agent tab
2026-06-14 18:30:31 [INFO] Opening Agents dropdown
2026-06-14 18:30:42 [INFO] Selecting Easy Commission
2026-06-14 18:30:51 [ERROR] Test failed: Create and allocate commission package successfully
2026-06-14 18:30:51 [ERROR] Failure screenshot saved: C:\Users\shashwat.singh\Desktop\Playwright_Coimssion_Automation\reports\failure-screenshots\Create_and_allocate_commission_package_successfully.png
2026-06-14 18:32:11 [INFO] Starting test: Create and allocate commission package successfully
2026-06-14 18:32:11 [INFO] ===== Test Execution Started =====
2026-06-14 18:32:11 [INFO] Navigating to login page
2026-06-14 18:32:19 [INFO] Logging in with user: demoworld.admin@yopmail.com
2026-06-14 18:32:20 [INFO] Validating dashboard
2026-06-14 18:32:20 [INFO] Navigating to Agent tab
2026-06-14 18:32:20 [INFO] Opening Agents dropdown
2026-06-14 18:32:30 [INFO] Selecting Easy Commission
2026-06-14 18:32:31 [INFO] Clicking Settings
2026-06-14 18:32:40 [ERROR] Test failed: Create and allocate commission package successfully
2026-06-14 18:32:40 [ERROR] Failure screenshot saved: C:\Users\shashwat.singh\Desktop\Playwright_Coimssion_Automation\reports\failure-screenshots\Create_and_allocate_commission_package_successfully.png
2026-06-14 18:39:22 [INFO] Starting test: Create and allocate commission package successfully
2026-06-14 18:39:22 [INFO] ===== Test Execution Started =====
2026-06-14 18:39:22 [INFO] Navigating to login page
2026-06-14 18:39:31 [INFO] Logging in with user: demoworld.admin@yopmail.com
2026-06-14 18:39:32 [INFO] Validating dashboard
2026-06-14 18:39:32 [INFO] Navigating to Agent tab
2026-06-14 18:39:32 [INFO] Opening Agents dropdown
2026-06-14 18:39:42 [INFO] Selecting Easy Commission
2026-06-14 18:39:43 [INFO] Clicking Settings
2026-06-14 18:39:43 [INFO] Clicking Manage Packages
2026-06-14 18:39:43 [ERROR] Test failed: Create and allocate commission package successfully
2026-06-14 18:39:43 [ERROR] Failure screenshot saved: C:\Users\shashwat.singh\Desktop\Playwright_Coimssion_Automation\reports\failure-screenshots\Create_and_allocate_commission_package_successfully.png
2026-06-14 18:44:53 [INFO] Starting test: Create and allocate commission package successfully
2026-06-14 18:44:53 [INFO] ===== Test Execution Started =====
2026-06-14 18:44:53 [INFO] Navigating to login page
2026-06-14 18:45:01 [INFO] Logging in with user: demoworld.admin@yopmail.com
2026-06-14 18:45:02 [INFO] Validating dashboard
2026-06-14 18:45:02 [INFO] Navigating to Agent tab
2026-06-14 18:45:03 [INFO] Opening Agents dropdown
2026-06-14 18:45:14 [INFO] Selecting Easy Commission
2026-06-14 18:45:15 [INFO] Clicking Settings
2026-06-14 18:45:15 [INFO] Clicking Manage Packages
2026-06-14 18:45:22 [ERROR] Test failed: Create and allocate commission package successfully
2026-06-14 18:45:22 [ERROR] Failure screenshot saved: C:\Users\shashwat.singh\Desktop\Playwright_Coimssion_Automation\reports\failure-screenshots\Create_and_allocate_commission_package_successfully.png
2026-06-15 14:14:40 [INFO] Starting test: Create and allocate commission package successfully
2026-06-15 14:14:40 [INFO] ===== Test Execution Started =====
2026-06-15 14:14:40 [INFO] Navigating to login page
2026-06-15 14:14:44 [INFO] Logging in with user: demoworld.admin@yopmail.com
2026-06-15 14:14:46 [INFO] Validating dashboard
2026-06-15 14:14:46 [INFO] Navigating to Agent tab
2026-06-15 14:14:46 [INFO] Opening Agents dropdown
2026-06-15 14:14:55 [INFO] Selecting Easy Commission
2026-06-15 14:14:56 [INFO] Clicking Settings
2026-06-15 14:14:57 [INFO] Clicking Manage Packages
2026-06-15 14:15:07 [ERROR] Test failed: Create and allocate commission package successfully
2026-06-15 14:15:07 [ERROR] Failure screenshot saved: C:\Users\shashwat.singh\Desktop\Playwright_Coimssion_Automation\reports\failure-screenshots\Create_and_allocate_commission_package_successfully.png
2026-06-15 17:48:28 [INFO] Starting test: Create and allocate commission package successfully
2026-06-15 17:48:28 [INFO] ===== Test Execution Started =====
2026-06-15 17:48:28 [INFO] Navigating to login page
2026-06-15 17:48:36 [INFO] Logging in with user: demoworld.admin@yopmail.com
2026-06-15 17:48:38 [INFO] Validating dashboard
2026-06-15 17:48:38 [INFO] Navigating to Agent tab
2026-06-15 17:48:38 [INFO] Opening Agents dropdown
2026-06-15 17:48:47 [INFO] Selecting Easy Commission
2026-06-15 17:48:48 [INFO] Clicking Settings
2026-06-15 17:48:48 [INFO] Clicking Manage Packages
2026-06-15 17:48:58 [ERROR] Test failed: Create and allocate commission package successfully
2026-06-15 17:48:58 [ERROR] Failure screenshot saved: C:\Users\shashwat.singh\Desktop\Playwright_Coimssion_Automation\reports\failure-screenshots\Create_and_allocate_commission_package_successfully.png
2026-06-15 17:51:39 [INFO] Starting test: Create and allocate commission package successfully
2026-06-15 17:51:39 [INFO] ===== Test Execution Started =====
2026-06-15 17:51:39 [INFO] Navigating to login page
2026-06-15 17:51:47 [INFO] Logging in with user: demoworld.admin@yopmail.com
2026-06-15 17:51:49 [INFO] Validating dashboard
2026-06-15 17:51:49 [INFO] Navigating to Agent tab
2026-06-15 17:51:49 [INFO] Opening Agents dropdown
2026-06-15 17:51:59 [ERROR] Test failed: Create and allocate commission package successfully
2026-06-15 17:51:59 [ERROR] Failure screenshot saved: C:\Users\shashwat.singh\Desktop\Playwright_Coimssion_Automation\reports\failure-screenshots\Create_and_allocate_commission_package_successfully.png
2026-06-15 17:54:46 [INFO] Starting test: Create and allocate commission package successfully
2026-06-15 17:54:46 [INFO] ===== Test Execution Started =====
2026-06-15 17:54:46 [INFO] Navigating to login page
2026-06-15 17:54:54 [INFO] Logging in with user: demoworld.admin@yopmail.com
2026-06-15 17:54:55 [INFO] Validating dashboard
2026-06-15 17:54:55 [INFO] Navigating to Agent tab
2026-06-15 17:54:56 [INFO] Opening Agents dropdown
2026-06-15 17:55:07 [INFO] Selecting Easy Commission
2026-06-15 17:55:08 [INFO] Clicking Settings
2026-06-15 17:55:08 [INFO] Clicking Manage Packages
2026-06-15 17:55:16 [ERROR] Test failed: Create and allocate commission package successfully
2026-06-15 17:55:16 [ERROR] Failure screenshot saved: C:\Users\shashwat.singh\Desktop\Playwright_Coimssion_Automation\reports\failure-screenshots\Create_and_allocate_commission_package_successfully.png
2026-06-15 18:04:16 [INFO] Starting test: Create and allocate commission package successfully
2026-06-15 18:04:16 [INFO] ===== Test Execution Started =====
2026-06-15 18:04:16 [INFO] Navigating to login page
2026-06-15 18:04:23 [INFO] Logging in with user: demoworld.admin@yopmail.com
2026-06-15 18:04:25 [INFO] Validating dashboard
2026-06-15 18:04:25 [INFO] Navigating to Agent tab
2026-06-15 18:04:25 [INFO] Opening Agents dropdown
2026-06-15 18:04:34 [INFO] Selecting Easy Commission
2026-06-15 18:04:35 [INFO] Clicking Settings
2026-06-15 18:04:35 [INFO] Clicking Manage Packages
2026-06-15 18:04:36 [ERROR] Test failed: Create and allocate commission package successfully
2026-06-15 18:04:36 [ERROR] Failure screenshot saved: C:\Users\shashwat.singh\Desktop\Playwright_Coimssion_Automation\reports\failure-screenshots\Create_and_allocate_commission_package_successfully.png
2026-06-16 09:40:51 [INFO] Starting test: Create and allocate commission package successfully
2026-06-16 09:40:51 [INFO] ===== Test Execution Started =====
2026-06-16 09:40:51 [INFO] Navigating to login page
2026-06-16 09:40:58 [INFO] Logging in with user: demoworld.admin@yopmail.com
2026-06-16 09:41:03 [INFO] Validating dashboard
2026-06-16 09:41:03 [INFO] Navigating to Agent tab
2026-06-16 09:41:03 [INFO] Opening Agents dropdown
2026-06-16 09:41:15 [ERROR] Test failed: Create and allocate commission package successfully
2026-06-16 09:41:15 [ERROR] Failure screenshot saved: C:\Users\shashwat.singh\Desktop\Playwright_Coimssion_Automation\reports\failure-screenshots\Create_and_allocate_commission_package_successfully.png
2026-06-16 09:43:47 [INFO] Starting test: Create and allocate commission package successfully
2026-06-16 09:43:47 [INFO] ===== Test Execution Started =====
2026-06-16 09:43:47 [INFO] Navigating to login page
2026-06-16 09:43:54 [INFO] Logging in with user: demoworld.admin@yopmail.com
2026-06-16 09:44:04 [ERROR] Test failed: Create and allocate commission package successfully
2026-06-16 09:44:04 [ERROR] Failure screenshot saved: C:\Users\shashwat.singh\Desktop\Playwright_Coimssion_Automation\reports\failure-screenshots\Create_and_allocate_commission_package_successfully.png
2026-06-16 10:32:30 [INFO] Starting test: Create and allocate commission package successfully
2026-06-16 10:32:30 [INFO] ===== Test Execution Started =====
2026-06-16 10:32:30 [INFO] Navigating to login page
2026-06-16 10:32:38 [INFO] Logging in with user: demoworld.admin@yopmail.com
2026-06-16 10:32:48 [ERROR] Test failed: Create and allocate commission package successfully
2026-06-16 10:32:48 [ERROR] Failure screenshot saved: C:\Users\shashwat.singh\Desktop\Playwright_Coimssion_Automation\reports\failure-screenshots\Create_and_allocate_commission_package_successfully.png
2026-06-16 11:21:36 [INFO] Starting test: Create and allocate commission package successfully
2026-06-16 11:21:36 [INFO] ===== Test Execution Started =====
2026-06-16 11:21:36 [INFO] Navigating to login page
2026-06-16 11:21:43 [INFO] Logging in with user: demoworld.admin@yopmail.com
2026-06-16 11:21:45 [INFO] Validating dashboard
2026-06-16 11:21:45 [INFO] Navigating to Agent tab
2026-06-16 11:21:45 [INFO] Opening Agents dropdown
2026-06-16 11:21:57 [ERROR] Test failed: Create and allocate commission package successfully
2026-06-16 11:21:57 [ERROR] Failure screenshot saved: C:\Users\shashwat.singh\Desktop\Playwright_Coimssion_Automation\reports\failure-screenshots\Create_and_allocate_commission_package_successfully.png
2026-06-16 11:24:41 [INFO] Starting test: Create and allocate commission package successfully
2026-06-16 11:24:41 [INFO] ===== Test Execution Started =====
2026-06-16 11:24:41 [INFO] Navigating to login page
2026-06-16 11:24:48 [INFO] Logging in with user: demoworld.admin@yopmail.com
2026-06-16 11:24:51 [INFO] Validating dashboard
2026-06-16 11:24:51 [INFO] Navigating to Agent tab
2026-06-16 11:24:51 [INFO] Opening Agents dropdown
2026-06-16 11:25:07 [ERROR] Test failed: Create and allocate commission package successfully
2026-06-16 11:25:07 [ERROR] Failure screenshot saved: C:\Users\shashwat.singh\Desktop\Playwright_Coimssion_Automation\reports\failure-screenshots\Create_and_allocate_commission_package_successfully.png
2026-06-16 11:31:40 [INFO] Starting test: Create and allocate commission package successfully
2026-06-16 11:31:40 [INFO] ===== Test Execution Started =====
2026-06-16 11:31:40 [INFO] Navigating to login page
2026-06-16 11:31:47 [INFO] Logging in with user: demoworld.admin@yopmail.com
2026-06-16 11:32:01 [INFO] Validating dashboard
2026-06-16 11:32:01 [ERROR] Test failed: Create and allocate commission package successfully
2026-06-16 11:32:01 [ERROR] Failure screenshot saved: C:\Users\shashwat.singh\Desktop\Playwright_Coimssion_Automation\reports\failure-screenshots\Create_and_allocate_commission_package_successfully.png
2026-06-16 11:33:01 [INFO] Starting test: Create and allocate commission package successfully
2026-06-16 11:33:01 [INFO] ===== Test Execution Started =====
2026-06-16 11:33:01 [INFO] Navigating to login page
2026-06-16 11:33:08 [INFO] Logging in with user: demoworld.admin@yopmail.com
2026-06-16 11:33:14 [INFO] Validating dashboard
2026-06-16 11:33:14 [INFO] Navigating to Agent tab
2026-06-16 11:33:14 [INFO] Opening Agents dropdown
2026-06-16 11:33:30 [ERROR] Test failed: Create and allocate commission package successfully
2026-06-16 11:33:30 [ERROR] Failure screenshot saved: C:\Users\shashwat.singh\Desktop\Playwright_Coimssion_Automation\reports\failure-screenshots\Create_and_allocate_commission_package_successfully.png
2026-06-16 11:39:42 [INFO] Starting test: Create and allocate commission package successfully
2026-06-16 11:39:42 [INFO] ===== Test Execution Started =====
2026-06-16 11:39:42 [INFO] Navigating to login page
2026-06-16 11:39:49 [INFO] Logging in with user: demoworld.admin@yopmail.com
2026-06-16 11:40:00 [INFO] Validating dashboard
2026-06-16 11:40:11 [ERROR] Test failed: Create and allocate commission package successfully
2026-06-16 11:40:11 [ERROR] Failure screenshot saved: C:\Users\shashwat.singh\Desktop\Playwright_Coimssion_Automation\reports\failure-screenshots\Create_and_allocate_commission_package_successfully.png
2026-06-16 11:41:26 [INFO] Starting test: Create and allocate commission package successfully
2026-06-16 11:41:26 [INFO] ===== Test Execution Started =====
2026-06-16 11:41:26 [INFO] Navigating to login page
2026-06-16 11:41:34 [INFO] Logging in with user: demoworld.admin@yopmail.com
2026-06-16 11:41:42 [INFO] Validating dashboard
2026-06-16 11:41:52 [ERROR] Test failed: Create and allocate commission package successfully
2026-06-16 11:41:52 [ERROR] Failure screenshot saved: C:\Users\shashwat.singh\Desktop\Playwright_Coimssion_Automation\reports\failure-screenshots\Create_and_allocate_commission_package_successfully.png
2026-06-16 14:05:21 [INFO] Starting test: Create and allocate commission package successfully
2026-06-16 14:05:21 [INFO] ===== Test Execution Started =====
2026-06-16 14:05:21 [INFO] Navigating to login page
2026-06-16 14:05:25 [INFO] Logging in with user: demoworld.admin@yopmail.com
2026-06-16 14:05:28 [INFO] Validating dashboard
2026-06-16 14:05:37 [INFO] Navigating to Agent tab
2026-06-16 14:05:39 [INFO] Opening Agents dropdown
2026-06-16 14:05:40 [INFO] Selecting Easy Commission
2026-06-16 14:05:50 [ERROR] Test failed: Create and allocate commission package successfully
2026-06-16 14:05:50 [ERROR] Failure screenshot saved: C:\Users\shashwat.singh\Desktop\Playwright_Coimssion_Automation\reports\failure-screenshots\Create_and_allocate_commission_package_successfully.png
2026-06-16 18:06:56 [INFO] Starting test: Create and allocate commission package successfully
2026-06-16 18:06:56 [INFO] ===== Test Execution Started =====
2026-06-16 18:06:56 [INFO] Navigating to login page
2026-06-16 18:07:03 [INFO] Logging in with user: demoworld.admin@yopmail.com
2026-06-16 18:07:14 [ERROR] Test failed: Create and allocate commission package successfully
2026-06-16 18:07:14 [ERROR] Failure screenshot saved: C:\Users\shashwat.singh\Desktop\Playwright_Coimssion_Automation\reports\failure-screenshots\Create_and_allocate_commission_package_successfully.png
2026-06-16 18:07:37 [INFO] Starting test: Create and allocate commission package successfully
2026-06-16 18:07:37 [INFO] ===== Test Execution Started =====
2026-06-16 18:07:37 [INFO] Navigating to login page
2026-06-16 18:07:44 [INFO] Logging in with user: demoworld.admin@yopmail.com
2026-06-16 18:07:47 [INFO] Validating dashboard
2026-06-16 18:07:57 [ERROR] Test failed: Create and allocate commission package successfully
2026-06-16 18:07:57 [ERROR] Failure screenshot saved: C:\Users\shashwat.singh\Desktop\Playwright_Coimssion_Automation\reports\failure-screenshots\Create_and_allocate_commission_package_successfully.png
2026-06-17 09:10:06 [INFO] Starting test: Create and allocate commission package successfully
2026-06-17 09:10:06 [INFO] ===== Test Execution Started =====
2026-06-17 09:10:06 [INFO] Navigating to login page
2026-06-17 09:10:14 [INFO] Logging in with user: demoworld.admin@yopmail.com
2026-06-17 09:10:25 [ERROR] Test failed: Create and allocate commission package successfully
2026-06-17 09:10:25 [ERROR] Failure screenshot saved: C:\Users\shashwat.singh\Desktop\Playwright_Coimssion_Automation\reports\failure-screenshots\Create_and_allocate_commission_package_successfully.png
2026-06-17 09:17:39 [INFO] Starting test: Create and allocate commission package successfully
2026-06-17 09:17:39 [INFO] ===== Test Execution Started =====
2026-06-17 09:17:39 [INFO] Navigating to login page
2026-06-17 09:17:47 [INFO] Logging in with user: demoworld.admin@yopmail.com
2026-06-17 09:17:57 [ERROR] Test failed: Create and allocate commission package successfully
2026-06-17 09:17:57 [ERROR] Failure screenshot saved: C:\Users\shashwat.singh\Desktop\Playwright_Coimssion_Automation\reports\failure-screenshots\Create_and_allocate_commission_package_successfully.png
2026-06-17 09:20:29 [INFO] Starting test: Create and allocate commission package successfully
2026-06-17 09:20:29 [INFO] ===== Test Execution Started =====
2026-06-17 09:20:29 [INFO] Navigating to login page
2026-06-17 09:20:37 [INFO] Logging in with user: demoworld.admin@yopmail.com
2026-06-17 09:20:41 [INFO] Validating dashboard
2026-06-17 09:20:52 [ERROR] Test failed: Create and allocate commission package successfully
2026-06-17 09:20:52 [ERROR] Failure screenshot saved: C:\Users\shashwat.singh\Desktop\Playwright_Coimssion_Automation\reports\failure-screenshots\Create_and_allocate_commission_package_successfully.png
2026-06-17 09:21:55 [INFO] Starting test: Create and allocate commission package successfully
2026-06-17 09:21:55 [INFO] ===== Test Execution Started =====
2026-06-17 09:21:55 [INFO] Navigating to login page
2026-06-17 09:22:03 [INFO] Logging in with user: demoworld.admin@yopmail.com
2026-06-17 09:22:04 [INFO] Validating dashboard
2026-06-17 09:22:15 [ERROR] Test failed: Create and allocate commission package successfully
2026-06-17 09:22:15 [ERROR] Failure screenshot saved: C:\Users\shashwat.singh\Desktop\Playwright_Coimssion_Automation\reports\failure-screenshots\Create_and_allocate_commission_package_successfully.png
2026-06-17 09:24:15 [INFO] Starting test: Create and allocate commission package successfully
2026-06-17 09:24:15 [INFO] ===== Test Execution Started =====
2026-06-17 09:24:15 [INFO] Navigating to login page
2026-06-17 09:24:21 [INFO] Logging in with user: demoworld.admin@yopmail.com
2026-06-17 09:24:24 [INFO] Validating dashboard
2026-06-17 09:24:38 [ERROR] Test failed: Create and allocate commission package successfully
2026-06-17 09:24:38 [ERROR] Failure screenshot saved: C:\Users\shashwat.singh\Desktop\Playwright_Coimssion_Automation\reports\failure-screenshots\Create_and_allocate_commission_package_successfully.png
2026-06-17 09:26:20 [INFO] Starting test: Create and allocate commission package successfully
2026-06-17 09:26:20 [INFO] ===== Test Execution Started =====
2026-06-17 09:26:20 [INFO] Navigating to login page
2026-06-17 09:26:25 [INFO] Logging in with user: demoworld.admin@yopmail.com
2026-06-17 09:26:28 [INFO] Validating dashboard
2026-06-17 09:26:28 [INFO] Navigating to Agent tab
2026-06-17 09:26:38 [ERROR] Test failed: Create and allocate commission package successfully
2026-06-17 09:26:38 [ERROR] Failure screenshot saved: C:\Users\shashwat.singh\Desktop\Playwright_Coimssion_Automation\reports\failure-screenshots\Create_and_allocate_commission_package_successfully.png
2026-06-17 09:28:36 [INFO] Starting test: Create and allocate commission package successfully
2026-06-17 09:28:36 [INFO] ===== Test Execution Started =====
2026-06-17 09:28:36 [INFO] Navigating to login page
2026-06-17 09:28:42 [INFO] Logging in with user: demoworld.admin@yopmail.com
2026-06-17 09:28:43 [INFO] Validating dashboard
2026-06-17 09:28:43 [INFO] Navigating to Agent tab
2026-06-17 09:29:00 [INFO] Opening Agents dropdown
2026-06-17 09:29:01 [INFO] Selecting Easy Commission
2026-06-17 09:29:02 [INFO] Clicking Settings
2026-06-17 09:29:02 [INFO] Clicking Manage Packages
2026-06-17 09:29:05 [ERROR] Test failed: Create and allocate commission package successfully
2026-06-17 09:29:05 [ERROR] Failure screenshot saved: C:\Users\shashwat.singh\Desktop\Playwright_Coimssion_Automation\reports\failure-screenshots\Create_and_allocate_commission_package_successfully.png
2026-06-17 09:29:36 [INFO] Starting test: Create and allocate commission package successfully
2026-06-17 09:29:36 [INFO] ===== Test Execution Started =====
2026-06-17 09:29:36 [INFO] Navigating to login page
2026-06-17 09:29:42 [INFO] Logging in with user: demoworld.admin@yopmail.com
2026-06-17 09:29:46 [INFO] Validating dashboard
2026-06-17 09:29:46 [INFO] Navigating to Agent tab
2026-06-17 09:29:59 [ERROR] Test failed: Create and allocate commission package successfully
2026-06-17 09:29:59 [ERROR] Failure screenshot saved: C:\Users\shashwat.singh\Desktop\Playwright_Coimssion_Automation\reports\failure-screenshots\Create_and_allocate_commission_package_successfully.png
2026-06-17 12:38:30 [INFO] Starting test: Create and allocate commission package successfully
2026-06-17 12:38:30 [INFO] ===== Test Execution Started =====
2026-06-17 12:38:30 [INFO] Navigating to login page
2026-06-17 12:38:34 [INFO] Starting test: Create and allocate commission package successfully
2026-06-17 12:38:34 [INFO] ===== Test Execution Started =====
2026-06-17 12:38:34 [INFO] Navigating to login page
2026-06-17 12:38:39 [INFO] Starting test: Create and allocate commission package successfully
2026-06-17 12:38:39 [INFO] ===== Test Execution Started =====
2026-06-17 12:38:39 [INFO] Navigating to login page
2026-06-17 12:38:39 [INFO] Logging in with user: demoworld.admin@yopmail.com
2026-06-17 12:38:47 [INFO] Logging in with user: demoworld.admin@yopmail.com
2026-06-17 12:38:48 [INFO] Logging in with user: demoworld.admin@yopmail.com
2026-06-17 12:38:48 [INFO] Validating dashboard
2026-06-17 12:38:48 [INFO] Navigating to Agent tab
2026-06-17 12:38:50 [INFO] Validating dashboard
2026-06-17 12:38:50 [INFO] Navigating to Agent tab
2026-06-17 12:38:52 [INFO] Validating dashboard
2026-06-17 12:38:52 [INFO] Navigating to Agent tab
2026-06-17 12:39:00 [ERROR] Test failed: Create and allocate commission package successfully
2026-06-17 12:39:00 [ERROR] Failure screenshot saved: C:\Users\shashwat.singh\Desktop\Playwright_Coimssion_Automation\reports\failure-screenshots\Create_and_allocate_commission_package_successfully.png
2026-06-17 12:39:00 [INFO] Opening Agents dropdown
2026-06-17 12:39:01 [INFO] Selecting Easy Commission
2026-06-17 12:39:02 [INFO] Clicking Settings
2026-06-17 12:39:02 [INFO] Clicking Manage Packages
2026-06-17 12:39:03 [ERROR] Test failed: Create and allocate commission package successfully
2026-06-17 12:39:03 [ERROR] Failure screenshot saved: C:\Users\shashwat.singh\Desktop\Playwright_Coimssion_Automation\reports\failure-screenshots\Create_and_allocate_commission_package_successfully.png
2026-06-17 12:39:04 [INFO] Opening Agents dropdown
2026-06-17 12:39:04 [ERROR] Test failed: Create and allocate commission package successfully
2026-06-17 12:39:04 [ERROR] Failure screenshot saved: C:\Users\shashwat.singh\Desktop\Playwright_Coimssion_Automation\reports\failure-screenshots\Create_and_allocate_commission_package_successfully.png
2026-06-17 12:39:04 [INFO] Selecting Easy Commission
2026-06-20 14:25:53 [INFO] Starting test: Create and allocate commission package successfully
2026-06-20 14:25:53 [INFO] ===== Test Execution Started =====
2026-06-20 14:25:53 [INFO] Navigating to login page
2026-06-20 14:25:57 [INFO] Logging in with user: demoworld.admin@yopmail.com
2026-06-20 14:25:59 [INFO] Validating dashboard
2026-06-20 14:26:00 [INFO] Navigating to Agent tab
2026-06-20 14:26:07 [INFO] Opening Agents dropdown
2026-06-20 14:26:07 [INFO] Selecting Easy Commission
2026-06-20 14:26:08 [INFO] Clicking Settings
2026-06-20 14:26:08 [INFO] Clicking Manage Packages
2026-06-20 14:26:18 [ERROR] Test failed: Create and allocate commission package successfully
2026-06-20 14:26:18 [ERROR] Failure screenshot saved: C:\Users\shashwat.singh\Desktop\Playwright_Coimssion_Automation\reports\failure-screenshots\Create_and_allocate_commission_package_successfully.png
2026-06-20 14:28:33 [INFO] Starting test: Create and allocate commission package successfully
2026-06-20 14:28:33 [INFO] ===== Test Execution Started =====
2026-06-20 14:28:33 [INFO] Navigating to login page
2026-06-20 14:28:37 [INFO] Logging in with user: demoworld.admin@yopmail.com
2026-06-20 14:28:39 [INFO] Validating dashboard
2026-06-20 14:28:39 [INFO] Navigating to Agent tab
2026-06-20 14:28:48 [INFO] Opening Agents dropdown
2026-06-20 14:28:48 [INFO] Selecting Easy Commission
2026-06-20 14:28:48 [INFO] Clicking Settings
2026-06-20 14:28:48 [INFO] Clicking Manage Packages
2026-06-20 14:28:48 [ERROR] Test failed: Create and allocate commission package successfully
2026-06-20 14:28:48 [ERROR] Failure screenshot saved: C:\Users\shashwat.singh\Desktop\Playwright_Coimssion_Automation\reports\failure-screenshots\Create_and_allocate_commission_package_successfully.png
2026-06-20 14:29:50 [INFO] Starting test: Create and allocate commission package successfully
2026-06-20 14:29:50 [INFO] ===== Test Execution Started =====
2026-06-20 14:29:50 [INFO] Navigating to login page
2026-06-20 14:29:54 [INFO] Logging in with user: demoworld.admin@yopmail.com
2026-06-20 14:29:55 [INFO] Validating dashboard
2026-06-20 14:29:55 [INFO] Navigating to Agent tab
2026-06-20 14:30:04 [INFO] Opening Agents dropdown
2026-06-20 14:30:04 [INFO] Selecting Easy Commission
2026-06-20 14:30:04 [INFO] Clicking Settings
2026-06-20 14:30:04 [INFO] Clicking Manage Packages
2026-06-20 14:30:05 [ERROR] Test failed: Create and allocate commission package successfully
2026-06-20 14:30:05 [ERROR] Failure screenshot saved: C:\Users\shashwat.singh\Desktop\Playwright_Coimssion_Automation\reports\failure-screenshots\Create_and_allocate_commission_package_successfully.png
2026-06-20 14:37:42 [INFO] Starting test: Create and allocate commission package successfully
2026-06-20 14:37:42 [INFO] ===== Test Execution Started =====
2026-06-20 14:37:42 [INFO] Navigating to login page
2026-06-20 14:37:46 [INFO] Logging in with user: demoworld.admin@yopmail.com
2026-06-20 14:37:50 [INFO] Validating dashboard
2026-06-20 14:37:50 [INFO] Navigating to Agent tab
2026-06-20 14:38:01 [INFO] Opening Agents dropdown
2026-06-20 14:38:03 [INFO] Selecting Easy Commission
2026-06-20 14:38:05 [INFO] Clicking Settings
2026-06-20 14:38:07 [INFO] Clicking Manage Packages
2026-06-20 14:38:15 [ERROR] Test failed: Create and allocate commission package successfully
2026-06-20 14:38:15 [ERROR] Failure screenshot saved: C:\Users\shashwat.singh\Desktop\Playwright_Coimssion_Automation\reports\failure-screenshots\Create_and_allocate_commission_package_successfully.png
2026-06-21 16:53:28 [INFO] Starting test: Create and allocate commission package successfully
2026-06-21 16:53:28 [INFO] ===== Test Execution Started =====
2026-06-21 16:53:28 [INFO] Navigating to login page
2026-06-21 16:53:39 [INFO] Logging in with user: demoworld.admin@yopmail.com
2026-06-21 16:53:47 [INFO] Validating dashboard
2026-06-21 16:53:47 [INFO] Navigating to Agent tab
2026-06-21 16:53:59 [ERROR] Test failed: Create and allocate commission package successfully
2026-06-21 16:53:59 [ERROR] Failure screenshot saved: C:\Users\shashwat.singh\Desktop\Playwright_Coimssion_Automation\reports\failure-screenshots\Create_and_allocate_commission_package_successfully.png
2026-06-21 17:03:27 [INFO] Starting test: Create and allocate commission package successfully
2026-06-21 17:03:27 [INFO] ===== Test Execution Started =====
2026-06-21 17:03:27 [INFO] Navigating to login page
2026-06-21 17:03:35 [INFO] Logging in with user: demoworld.admin@yopmail.com
2026-06-21 17:03:36 [INFO] Validating dashboard
2026-06-21 17:03:36 [INFO] Navigating to Agent tab
2026-06-21 17:03:45 [INFO] Opening Agents dropdown
2026-06-21 17:03:45 [INFO] Selecting Easy Commission
2026-06-21 17:03:46 [INFO] Clicking Settings
2026-06-21 17:03:46 [INFO] Clicking Manage Packages
2026-06-21 17:03:47 [INFO] Validating Commission Packages Page
2026-06-21 17:03:48 [ERROR] Test failed: Create and allocate commission package successfully
2026-06-21 17:03:48 [ERROR] Failure screenshot saved: C:\Users\shashwat.singh\Desktop\Playwright_Coimssion_Automation\reports\failure-screenshots\Create_and_allocate_commission_package_successfully.png
2026-06-21 17:24:08 [INFO] Starting test: Create and allocate commission package successfully
2026-06-21 17:24:08 [INFO] ===== Test Execution Started =====
2026-06-21 17:24:08 [INFO] Navigating to login page
2026-06-21 17:24:17 [INFO] Logging in with user: demoworld.admin@yopmail.com
2026-06-21 17:24:19 [INFO] Validating dashboard
2026-06-21 17:24:19 [INFO] Navigating to Agent tab
2026-06-21 17:24:27 [INFO] Opening Agents dropdown
2026-06-21 17:24:28 [INFO] Selecting Easy Commission
2026-06-21 17:24:28 [INFO] Clicking Settings
2026-06-21 17:24:28 [INFO] Clicking Manage Packages
2026-06-21 17:24:30 [INFO] Validating Commission Packages Page
2026-06-21 17:24:34 [ERROR] Test failed: Create and allocate commission package successfully
2026-06-21 17:24:34 [ERROR] Failure screenshot saved: C:\Users\shashwat.singh\Desktop\Playwright_Coimssion_Automation\reports\failure-screenshots\Create_and_allocate_commission_package_successfully.png
2026-06-21 17:26:51 [INFO] Starting test: Create and allocate commission package successfully
2026-06-21 17:26:51 [INFO] ===== Test Execution Started =====
2026-06-21 17:26:51 [INFO] Navigating to login page
2026-06-21 17:26:59 [INFO] Logging in with user: demoworld.admin@yopmail.com
2026-06-21 17:27:00 [INFO] Validating dashboard
2026-06-21 17:27:00 [INFO] Navigating to Agent tab
2026-06-21 17:27:10 [INFO] Opening Agents dropdown
2026-06-21 17:27:10 [INFO] Selecting Easy Commission
2026-06-21 17:27:10 [INFO] Clicking Settings
2026-06-21 17:27:10 [INFO] Clicking Manage Packages
2026-06-21 17:27:11 [INFO] Validating Commission Packages Page
2026-06-21 17:27:14 [INFO] Clicking Add Package
2026-06-21 17:27:14 [INFO] Entering package name: AT Test Package
2026-06-21 17:27:21 [ERROR] Test failed: Create and allocate commission package successfully
2026-06-21 17:27:21 [ERROR] Failure screenshot saved: C:\Users\shashwat.singh\Desktop\Playwright_Coimssion_Automation\reports\failure-screenshots\Create_and_allocate_commission_package_successfully.png
2026-06-21 19:05:33 [INFO] Starting test: Create and allocate commission package successfully
2026-06-21 19:05:33 [INFO] ===== Test Execution Started =====
2026-06-21 19:05:33 [INFO] Navigating to login page
2026-06-21 19:05:46 [INFO] Logging in with user: demoworld.admin@yopmail.com
2026-06-21 19:05:49 [INFO] Validating dashboard
2026-06-21 19:05:49 [INFO] Navigating to Agent tab
2026-06-21 19:05:59 [ERROR] Test failed: Create and allocate commission package successfully
2026-06-21 19:05:59 [ERROR] Failure screenshot saved: C:\Users\shashwat.singh\Desktop\Playwright_Coimssion_Automation\reports\failure-screenshots\Create_and_allocate_commission_package_successfully.png
2026-06-21 19:09:23 [INFO] Starting test: Create and allocate commission package successfully
2026-06-21 19:09:23 [INFO] ===== Test Execution Started =====
2026-06-21 19:09:23 [INFO] Navigating to login page
2026-06-21 19:09:33 [INFO] Logging in with user: demoworld.admin@yopmail.com
2026-06-21 19:09:34 [INFO] Validating dashboard
2026-06-21 19:09:34 [INFO] Navigating to Agent tab
2026-06-21 19:09:45 [ERROR] Test failed: Create and allocate commission package successfully
2026-06-21 19:09:45 [ERROR] Failure screenshot saved: C:\Users\shashwat.singh\Desktop\Playwright_Coimssion_Automation\reports\failure-screenshots\Create_and_allocate_commission_package_successfully.png
2026-06-21 19:19:33 [INFO] Starting test: Create and allocate commission package successfully
2026-06-21 19:19:33 [INFO] ===== Test Execution Started =====
2026-06-21 19:19:33 [INFO] Navigating to login page
2026-06-21 19:19:42 [INFO] Logging in with user: demoworld.admin@yopmail.com
2026-06-21 19:19:44 [INFO] Validating dashboard
2026-06-21 19:19:44 [INFO] Navigating to Agent tab
2026-06-21 19:19:54 [ERROR] Test failed: Create and allocate commission package successfully
2026-06-21 19:19:54 [ERROR] Failure screenshot saved: C:\Users\shashwat.singh\Desktop\Playwright_Coimssion_Automation\reports\failure-screenshots\Create_and_allocate_commission_package_successfully.png
2026-06-21 19:22:01 [INFO] Starting test: Create and allocate commission package successfully
2026-06-21 19:22:01 [INFO] ===== Test Execution Started =====
2026-06-21 19:22:01 [INFO] Navigating to login page
2026-06-21 19:22:10 [INFO] Logging in with user: demoworld.admin@yopmail.com
2026-06-21 19:22:11 [INFO] Validating dashboard
2026-06-21 19:22:11 [INFO] Navigating to Agent tab
2026-06-21 19:22:21 [ERROR] Test failed: Create and allocate commission package successfully
2026-06-21 19:22:21 [ERROR] Failure screenshot saved: C:\Users\shashwat.singh\Desktop\Playwright_Coimssion_Automation\reports\failure-screenshots\Create_and_allocate_commission_package_successfully.png
2026-06-21 19:23:30 [INFO] Starting test: Create and allocate commission package successfully
2026-06-21 19:23:30 [INFO] ===== Test Execution Started =====
2026-06-21 19:23:30 [INFO] Navigating to login page
2026-06-21 19:23:38 [INFO] Logging in with user: demoworld.admin@yopmail.com
2026-06-21 19:23:39 [INFO] Validating dashboard
2026-06-21 19:23:39 [INFO] Navigating to Agent tab
2026-06-21 19:23:51 [ERROR] Test failed: Create and allocate commission package successfully
2026-06-21 19:23:51 [ERROR] Failure screenshot saved: C:\Users\shashwat.singh\Desktop\Playwright_Coimssion_Automation\reports\failure-screenshots\Create_and_allocate_commission_package_successfully.png
2026-06-21 19:26:31 [INFO] Starting test: Create and allocate commission package successfully
2026-06-21 19:26:31 [INFO] ===== Test Execution Started =====
2026-06-21 19:26:31 [INFO] Navigating to login page
2026-06-21 19:26:42 [INFO] Logging in with user: demoworld.admin@yopmail.com
2026-06-21 19:26:44 [INFO] Validating dashboard
2026-06-21 19:26:44 [INFO] Navigating to Agent tab
2026-06-21 19:26:54 [ERROR] Test failed: Create and allocate commission package successfully
2026-06-21 19:26:54 [ERROR] Failure screenshot saved: C:\Users\shashwat.singh\Desktop\Playwright_Coimssion_Automation\reports\failure-screenshots\Create_and_allocate_commission_package_successfully.png
2026-06-21 19:28:18 [INFO] Starting test: Create and allocate commission package successfully
2026-06-21 19:28:18 [INFO] ===== Test Execution Started =====
2026-06-21 19:28:18 [INFO] Navigating to login page
2026-06-21 19:28:27 [INFO] Logging in with user: demoworld.admin@yopmail.com
2026-06-21 19:28:29 [INFO] Validating dashboard
2026-06-21 19:28:29 [INFO] Navigating to Agent tab
2026-06-21 19:28:39 [ERROR] Test failed: Create and allocate commission package successfully
2026-06-21 19:28:39 [ERROR] Failure screenshot saved: C:\Users\shashwat.singh\Desktop\Playwright_Coimssion_Automation\reports\failure-screenshots\Create_and_allocate_commission_package_successfully.png
2026-06-21 19:29:43 [INFO] Starting test: Create and allocate commission package successfully
2026-06-21 19:29:43 [INFO] ===== Test Execution Started =====
2026-06-21 19:29:43 [INFO] Navigating to login page
2026-06-21 19:29:52 [INFO] Logging in with user: demoworld.admin@yopmail.com
2026-06-21 19:29:53 [INFO] Validating dashboard
2026-06-21 19:29:53 [INFO] Navigating to Agent tab
2026-06-21 19:30:01 [INFO] Opening Agents dropdown
2026-06-21 19:30:01 [INFO] Selecting Easy Commission
2026-06-21 19:30:02 [INFO] Clicking Settings
2026-06-21 19:30:02 [INFO] Clicking Manage Packages
2026-06-21 19:30:03 [INFO] Validating Commission Packages Page
2026-06-21 19:30:08 [INFO] Clicking Add Package
2026-06-21 19:30:08 [INFO] Entering package name: AT Test Package
2026-06-21 19:30:13 [ERROR] Test failed: Create and allocate commission package successfully
2026-06-21 19:30:13 [ERROR] Failure screenshot saved: C:\Users\shashwat.singh\Desktop\Playwright_Coimssion_Automation\reports\failure-screenshots\Create_and_allocate_commission_package_successfully.png
2026-06-21 19:30:42 [INFO] Starting test: Create and allocate commission package successfully
2026-06-21 19:30:42 [INFO] ===== Test Execution Started =====
2026-06-21 19:30:42 [INFO] Navigating to login page
2026-06-21 19:30:51 [INFO] Logging in with user: demoworld.admin@yopmail.com
2026-06-21 19:30:52 [INFO] Validating dashboard
2026-06-21 19:30:52 [INFO] Navigating to Agent tab
2026-06-21 19:31:02 [ERROR] Test failed: Create and allocate commission package successfully
2026-06-21 19:31:02 [ERROR] Failure screenshot saved: C:\Users\shashwat.singh\Desktop\Playwright_Coimssion_Automation\reports\failure-screenshots\Create_and_allocate_commission_package_successfully.png
2026-06-21 19:31:24 [INFO] Starting test: Create and allocate commission package successfully
2026-06-21 19:31:24 [INFO] ===== Test Execution Started =====
2026-06-21 19:31:24 [INFO] Navigating to login page
2026-06-21 19:31:33 [INFO] Logging in with user: demoworld.admin@yopmail.com
2026-06-21 19:31:35 [INFO] Validating dashboard
2026-06-21 19:31:35 [INFO] Navigating to Agent tab
2026-06-21 19:31:45 [ERROR] Test failed: Create and allocate commission package successfully
2026-06-21 19:31:45 [ERROR] Failure screenshot saved: C:\Users\shashwat.singh\Desktop\Playwright_Coimssion_Automation\reports\failure-screenshots\Create_and_allocate_commission_package_successfully.png
2026-06-21 19:32:19 [INFO] Starting test: Create and allocate commission package successfully
2026-06-21 19:32:19 [INFO] ===== Test Execution Started =====
2026-06-21 19:32:19 [INFO] Navigating to login page
2026-06-21 19:32:28 [INFO] Logging in with user: demoworld.admin@yopmail.com
2026-06-21 19:32:29 [INFO] Validating dashboard
2026-06-21 19:32:29 [INFO] Navigating to Agent tab
2026-06-21 19:32:39 [ERROR] Test failed: Create and allocate commission package successfully
2026-06-21 19:32:39 [ERROR] Failure screenshot saved: C:\Users\shashwat.singh\Desktop\Playwright_Coimssion_Automation\reports\failure-screenshots\Create_and_allocate_commission_package_successfully.png
2026-06-21 19:45:16 [INFO] Starting test: Create and allocate commission package successfully
2026-06-21 19:45:16 [INFO] ===== Test Execution Started =====
2026-06-21 19:45:16 [INFO] Navigating to login page
2026-06-21 19:45:25 [INFO] Logging in with user: demoworld.admin@yopmail.com
2026-06-21 19:45:27 [INFO] Validating dashboard
2026-06-21 19:45:27 [INFO] Navigating to Agent tab
2026-06-21 19:45:47 [ERROR] Test failed: Create and allocate commission package successfully
2026-06-21 19:45:47 [ERROR] Failure screenshot saved: C:\Users\shashwat.singh\Desktop\Playwright_Coimssion_Automation\reports\failure-screenshots\Create_and_allocate_commission_package_successfully.png
2026-06-21 19:46:54 [INFO] Starting test: Create and allocate commission package successfully
2026-06-21 19:46:54 [INFO] ===== Test Execution Started =====
2026-06-21 19:46:54 [INFO] Navigating to login page
2026-06-21 19:47:03 [INFO] Logging in with user: demoworld.admin@yopmail.com
2026-06-21 19:47:04 [INFO] Validating dashboard
2026-06-21 19:47:04 [INFO] Navigating to Agent tab
2026-06-21 19:47:20 [ERROR] Test failed: Create and allocate commission package successfully
2026-06-21 19:47:20 [ERROR] Failure screenshot saved: C:\Users\shashwat.singh\Desktop\Playwright_Coimssion_Automation\reports\failure-screenshots\Create_and_allocate_commission_package_successfully.png
2026-06-21 19:47:55 [INFO] Starting test: Create and allocate commission package successfully
2026-06-21 19:47:55 [INFO] ===== Test Execution Started =====
2026-06-21 19:47:55 [INFO] Navigating to login page
2026-06-21 19:48:04 [INFO] Logging in with user: demoworld.admin@yopmail.com
2026-06-21 19:48:05 [INFO] Validating dashboard
2026-06-21 19:48:05 [INFO] Navigating to Agent tab
2026-06-21 19:48:18 [INFO] Opening Agents dropdown
2026-06-21 19:48:18 [INFO] Selecting Easy Commission
2026-06-21 19:48:19 [INFO] Clicking Settings
2026-06-21 19:48:19 [INFO] Clicking Manage Packages
2026-06-21 19:48:20 [INFO] Validating Commission Packages Page
2026-06-21 19:48:23 [INFO] Clicking Add Package
2026-06-21 19:48:23 [INFO] Entering package name: AT Test Package
2026-06-21 19:48:28 [ERROR] Test failed: Create and allocate commission package successfully
2026-06-21 19:48:28 [ERROR] Failure screenshot saved: C:\Users\shashwat.singh\Desktop\Playwright_Coimssion_Automation\reports\failure-screenshots\Create_and_allocate_commission_package_successfully.png
2026-06-21 19:50:21 [INFO] Starting test: Create and allocate commission package successfully
2026-06-21 19:50:21 [INFO] ===== Test Execution Started =====
2026-06-21 19:50:21 [INFO] Navigating to login page
2026-06-21 19:50:32 [INFO] Logging in with user: demoworld.admin@yopmail.com
2026-06-21 19:50:33 [INFO] Validating dashboard
2026-06-21 19:50:33 [INFO] Navigating to Agent tab
2026-06-21 19:50:56 [ERROR] Test failed: Create and allocate commission package successfully
2026-06-21 19:50:56 [ERROR] Failure screenshot saved: C:\Users\shashwat.singh\Desktop\Playwright_Coimssion_Automation\reports\failure-screenshots\Create_and_allocate_commission_package_successfully.png
2026-06-21 19:54:43 [INFO] Starting test: Create and allocate commission package successfully
2026-06-21 19:54:43 [INFO] ===== Test Execution Started =====
2026-06-21 19:54:43 [INFO] Navigating to login page
2026-06-21 19:54:53 [INFO] Logging in with user: demoworld.admin@yopmail.com
2026-06-21 19:54:55 [INFO] Validating dashboard
2026-06-21 19:54:55 [INFO] Navigating to Agent tab
2026-06-21 19:55:08 [INFO] Opening Agents dropdown
2026-06-21 19:55:09 [INFO] Selecting Easy Commission
2026-06-21 19:55:09 [INFO] Clicking Settings
2026-06-21 19:55:09 [INFO] Clicking Manage Packages
2026-06-21 19:55:11 [INFO] Validating Commission Packages Page
2026-06-21 19:55:13 [INFO] Clicking Add Package
2026-06-21 19:55:14 [INFO] Entering package name: AT Test Package
2026-06-21 19:55:16 [ERROR] Test failed: Create and allocate commission package successfully
2026-06-21 19:55:16 [ERROR] Failure screenshot saved: C:\Users\shashwat.singh\Desktop\Playwright_Coimssion_Automation\reports\failure-screenshots\Create_and_allocate_commission_package_successfully.png
2026-06-21 21:45:08 [INFO] Starting test: Create and allocate commission package successfully
2026-06-21 21:45:08 [INFO] ===== Test Execution Started =====
2026-06-21 21:45:08 [INFO] Navigating to login page
2026-06-21 21:45:22 [INFO] Logging in with user: demoworld.admin@yopmail.com
2026-06-21 21:45:27 [INFO] Validating dashboard
2026-06-21 21:45:27 [INFO] Navigating to Agent tab
2026-06-21 21:45:38 [ERROR] Test failed: Create and allocate commission package successfully
2026-06-21 21:45:38 [ERROR] Failure screenshot saved: C:\Users\shashwat.singh\Desktop\Playwright_Coimssion_Automation\reports\failure-screenshots\Create_and_allocate_commission_package_successfully.png
2026-06-21 21:46:47 [INFO] Starting test: Create and allocate commission package successfully
2026-06-21 21:46:47 [INFO] ===== Test Execution Started =====
2026-06-21 21:46:47 [INFO] Navigating to login page
2026-06-21 21:46:56 [INFO] Logging in with user: demoworld.admin@yopmail.com
2026-06-21 21:46:57 [INFO] Validating dashboard
2026-06-21 21:46:57 [INFO] Navigating to Agent tab
2026-06-21 21:47:09 [INFO] Opening Agents dropdown
2026-06-21 21:47:09 [INFO] Selecting Easy Commission
2026-06-21 21:47:09 [INFO] Clicking Settings
2026-06-21 21:47:10 [INFO] Clicking Manage Packages
2026-06-21 21:47:11 [INFO] Validating Commission Packages Page
2026-06-21 21:47:15 [INFO] Clicking Add Package
2026-06-21 21:47:15 [INFO] Entering package name: AT Test Package
2026-06-21 21:47:17 [ERROR] Test failed: Create and allocate commission package successfully
2026-06-21 21:47:17 [ERROR] Failure screenshot saved: C:\Users\shashwat.singh\Desktop\Playwright_Coimssion_Automation\reports\failure-screenshots\Create_and_allocate_commission_package_successfully.png
2026-06-21 21:47:41 [INFO] Starting test: Create and allocate commission package successfully
2026-06-21 21:47:41 [INFO] ===== Test Execution Started =====
2026-06-21 21:47:41 [INFO] Navigating to login page
2026-06-21 21:47:50 [INFO] Logging in with user: demoworld.admin@yopmail.com
2026-06-21 21:47:51 [INFO] Validating dashboard
2026-06-21 21:47:51 [INFO] Navigating to Agent tab
2026-06-21 21:48:03 [INFO] Opening Agents dropdown
2026-06-21 21:48:03 [INFO] Selecting Easy Commission
2026-06-21 21:48:03 [INFO] Clicking Settings
2026-06-21 21:48:04 [INFO] Clicking Manage Packages
2026-06-21 21:48:05 [INFO] Validating Commission Packages Page
2026-06-21 21:48:08 [INFO] Clicking Add Package
2026-06-21 21:48:08 [INFO] Entering package name: AT Test Package
2026-06-21 21:48:11 [ERROR] Test failed: Create and allocate commission package successfully
2026-06-21 21:48:11 [ERROR] Failure screenshot saved: C:\Users\shashwat.singh\Desktop\Playwright_Coimssion_Automation\reports\failure-screenshots\Create_and_allocate_commission_package_successfully.png
2026-06-21 21:52:58 [INFO] Starting test: Create and allocate commission package successfully
2026-06-21 21:52:59 [INFO] ===== Test Execution Started =====
2026-06-21 21:52:59 [INFO] Navigating to login page
2026-06-21 21:53:07 [INFO] Logging in with user: demoworld.admin@yopmail.com
2026-06-21 21:53:08 [INFO] Validating dashboard
2026-06-21 21:53:09 [ERROR] Test failed: Create and allocate commission package successfully
2026-06-21 21:53:09 [ERROR] Failure screenshot saved: C:\Users\shashwat.singh\Desktop\Playwright_Coimssion_Automation\reports\failure-screenshots\Create_and_allocate_commission_package_successfully.png
2026-06-21 21:53:53 [INFO] Starting test: Create and allocate commission package successfully
2026-06-21 21:53:53 [INFO] ===== Test Execution Started =====
2026-06-21 21:53:53 [INFO] Navigating to login page
2026-06-21 21:54:01 [INFO] Logging in with user: demoworld.admin@yopmail.com
2026-06-21 21:54:02 [INFO] Validating dashboard
2026-06-21 21:54:02 [INFO] Navigating to Agent tab
2026-06-21 21:54:17 [INFO] Opening Agents dropdown
2026-06-21 21:54:17 [INFO] Selecting Easy Commission
2026-06-21 21:54:18 [INFO] Clicking Settings
2026-06-21 21:54:18 [INFO] Clicking Manage Packages
2026-06-21 21:54:19 [INFO] Validating Commission Packages Page
2026-06-21 21:54:24 [ERROR] Test failed: Create and allocate commission package successfully
2026-06-21 21:54:24 [ERROR] Failure screenshot saved: C:\Users\shashwat.singh\Desktop\Playwright_Coimssion_Automation\reports\failure-screenshots\Create_and_allocate_commission_package_successfully.png
2026-06-21 21:55:52 [INFO] Starting test: Create and allocate commission package successfully
2026-06-21 21:55:52 [INFO] ===== Test Execution Started =====
2026-06-21 21:55:52 [INFO] Navigating to login page
2026-06-21 21:56:02 [INFO] Logging in with user: demoworld.admin@yopmail.com
2026-06-21 21:56:03 [INFO] Validating dashboard
2026-06-21 21:56:03 [INFO] Navigating to Agent tab
2026-06-21 21:56:17 [INFO] Opening Agents dropdown
2026-06-21 21:56:18 [INFO] Selecting Easy Commission
2026-06-21 21:56:18 [INFO] Clicking Settings
2026-06-21 21:56:18 [INFO] Clicking Manage Packages
2026-06-21 21:56:19 [INFO] Validating Commission Packages Page
2026-06-21 21:56:21 [ERROR] Test failed: Create and allocate commission package successfully
2026-06-21 21:56:21 [ERROR] Failure screenshot saved: C:\Users\shashwat.singh\Desktop\Playwright_Coimssion_Automation\reports\failure-screenshots\Create_and_allocate_commission_package_successfully.png
2026-06-21 21:58:31 [INFO] Starting test: Create and allocate commission package successfully
2026-06-21 21:58:31 [INFO] ===== Test Execution Started =====
2026-06-21 21:58:31 [INFO] Navigating to login page
2026-06-21 21:58:40 [INFO] Logging in with user: demoworld.admin@yopmail.com
2026-06-21 21:58:41 [INFO] Validating dashboard
2026-06-21 21:58:41 [INFO] Navigating to Agent tab
2026-06-21 21:58:51 [INFO] Opening Agents dropdown
2026-06-21 21:58:51 [INFO] Selecting Easy Commission
2026-06-21 21:58:52 [INFO] Clicking Settings
2026-06-21 21:58:53 [INFO] Clicking Manage Packages
2026-06-21 21:58:54 [INFO] Validating Commission Packages Page
2026-06-21 21:58:57 [INFO] Clicking Add Package
2026-06-21 21:58:57 [INFO] Entering package name: AT Test Package
2026-06-21 21:59:01 [ERROR] Test failed: Create and allocate commission package successfully
2026-06-21 21:59:01 [ERROR] Failure screenshot saved: C:\Users\shashwat.singh\Desktop\Playwright_Coimssion_Automation\reports\failure-screenshots\Create_and_allocate_commission_package_successfully.png
2026-06-21 22:06:54 [INFO] Starting test: Create and allocate commission package successfully
2026-06-21 22:06:54 [INFO] ===== Test Execution Started =====
2026-06-21 22:06:54 [INFO] Navigating to login page
2026-06-21 22:07:03 [INFO] Logging in with user: demoworld.admin@yopmail.com
2026-06-21 22:07:04 [INFO] Validating dashboard
2026-06-21 22:07:04 [INFO] Navigating to Agent tab
2026-06-21 22:07:15 [INFO] Opening Agents dropdown
2026-06-21 22:07:15 [INFO] Selecting Easy Commission
2026-06-21 22:07:16 [INFO] Clicking Settings
2026-06-21 22:07:16 [INFO] Clicking Manage Packages
2026-06-21 22:07:17 [INFO] Validating Commission Packages Page
2026-06-21 22:07:20 [INFO] Clicking Add Package
2026-06-21 22:07:21 [INFO] Entering package name: AT Test Package
2026-06-21 22:07:22 [INFO] Entering description: Playwright automation created package
2026-06-21 22:07:22 [INFO] Selecting current date from calendar
2026-06-21 22:07:23 [ERROR] Test failed: Create and allocate commission package successfully
2026-06-21 22:07:23 [ERROR] Failure screenshot saved: C:\Users\shashwat.singh\Desktop\Playwright_Coimssion_Automation\reports\failure-screenshots\Create_and_allocate_commission_package_successfully.png
2026-06-21 22:09:30 [INFO] Starting test: Create and allocate commission package successfully
2026-06-21 22:09:30 [INFO] ===== Test Execution Started =====
2026-06-21 22:09:30 [INFO] Navigating to login page
2026-06-21 22:09:38 [INFO] Logging in with user: demoworld.admin@yopmail.com
2026-06-21 22:09:39 [INFO] Validating dashboard
2026-06-21 22:09:39 [INFO] Navigating to Agent tab
2026-06-21 22:09:46 [INFO] Opening Agents dropdown
2026-06-21 22:09:46 [INFO] Selecting Easy Commission
2026-06-21 22:09:46 [INFO] Clicking Settings
2026-06-21 22:09:46 [INFO] Clicking Manage Packages
2026-06-21 22:09:47 [INFO] Validating Commission Packages Page
2026-06-21 22:09:50 [INFO] Clicking Add Package
2026-06-21 22:09:51 [INFO] Entering package name: AT Test Package
2026-06-21 22:09:51 [INFO] Entering description: Playwright automation created package
2026-06-21 22:09:51 [INFO] Selecting current date from calendar
2026-06-21 22:09:52 [ERROR] Test failed: Create and allocate commission package successfully
2026-06-21 22:09:52 [ERROR] Failure screenshot saved: C:\Users\shashwat.singh\Desktop\Playwright_Coimssion_Automation\reports\failure-screenshots\Create_and_allocate_commission_package_successfully.png
2026-06-21 22:21:50 [INFO] Starting test: Create and allocate commission package successfully
2026-06-21 22:21:50 [INFO] ===== Test Execution Started =====
2026-06-21 22:21:50 [INFO] Navigating to login page
2026-06-21 22:21:59 [INFO] Logging in with user: demoworld.admin@yopmail.com
2026-06-21 22:22:00 [INFO] Validating dashboard
2026-06-21 22:22:00 [INFO] Navigating to Agent tab
2026-06-21 22:22:09 [INFO] Opening Agents dropdown
2026-06-21 22:22:10 [INFO] Selecting Easy Commission
2026-06-21 22:22:11 [INFO] Clicking Settings
2026-06-21 22:22:11 [INFO] Clicking Manage Packages
2026-06-21 22:22:12 [INFO] Validating Commission Packages Page
2026-06-21 22:22:14 [INFO] Clicking Add Package
2026-06-21 22:22:15 [INFO] Entering package name: AT Test Package
2026-06-21 22:22:16 [INFO] Entering description: Playwright automation created package
2026-06-21 22:22:16 [INFO] Selecting current date from calendar
2026-06-21 22:22:16 [ERROR] Test failed: Create and allocate commission package successfully
2026-06-21 22:22:16 [ERROR] Failure screenshot saved: C:\Users\shashwat.singh\Desktop\Playwright_Coimssion_Automation\reports\failure-screenshots\Create_and_allocate_commission_package_successfully.png
2026-06-22 09:06:57 [INFO] Starting test: Create and allocate commission package successfully
2026-06-22 09:06:57 [INFO] ===== Test Execution Started =====
2026-06-22 09:06:57 [INFO] Navigating to login page
2026-06-22 09:07:01 [INFO] Logging in with user: demoworld.admin@yopmail.com
2026-06-22 09:07:02 [INFO] Validating dashboard
2026-06-22 09:07:02 [INFO] Navigating to Agent tab
2026-06-22 09:07:09 [INFO] Opening Agents dropdown
2026-06-22 09:07:09 [INFO] Selecting Easy Commission
2026-06-22 09:07:09 [INFO] Clicking Settings
2026-06-22 09:07:10 [INFO] Clicking Manage Packages
2026-06-22 09:07:11 [INFO] Validating Commission Packages Page
2026-06-22 09:07:13 [INFO] Clicking Add Package
2026-06-22 09:07:14 [INFO] Entering package name: AT Test Package
2026-06-22 09:07:15 [INFO] Entering description: Playwright automation created package
2026-06-22 09:07:15 [INFO] Selecting current date from calendar
2026-06-22 09:07:15 [ERROR] Test failed: Create and allocate commission package successfully
2026-06-22 09:07:15 [ERROR] Failure screenshot saved: C:\Users\shashwat.singh\Desktop\Playwright_Coimssion_Automation\reports\failure-screenshots\Create_and_allocate_commission_package_successfully.png
2026-06-22 15:43:36 [INFO] Starting test: Create and allocate commission package successfully
2026-06-22 15:43:36 [INFO] ===== Test Execution Started =====
2026-06-22 15:43:36 [INFO] Navigating to login page
2026-06-22 15:43:40 [INFO] Starting test: Create and allocate commission package successfully
2026-06-22 15:43:40 [INFO] ===== Test Execution Started =====
2026-06-22 15:43:40 [INFO] Navigating to login page
2026-06-22 15:43:45 [INFO] Logging in with user: demoworld.admin@yopmail.com
2026-06-22 15:43:47 [INFO] Logging in with user: demoworld.admin@yopmail.com
2026-06-22 15:43:48 [INFO] Starting test: Create and allocate commission package successfully
2026-06-22 15:43:48 [INFO] ===== Test Execution Started =====
2026-06-22 15:43:48 [INFO] Navigating to login page
2026-06-22 15:43:50 [INFO] Validating dashboard
2026-06-22 15:43:51 [INFO] Navigating to Agent tab
2026-06-22 15:43:55 [INFO] Logging in with user: demoworld.admin@yopmail.com
2026-06-22 15:43:58 [INFO] Validating dashboard
2026-06-22 15:43:58 [INFO] Navigating to Agent tab
2026-06-22 15:43:59 [INFO] Validating dashboard
2026-06-22 15:43:59 [INFO] Navigating to Agent tab
2026-06-22 15:44:01 [INFO] Opening Agents dropdown
2026-06-22 15:44:01 [INFO] Selecting Easy Commission
2026-06-22 15:44:02 [INFO] Clicking Settings
2026-06-22 15:44:02 [INFO] Clicking Manage Packages
2026-06-22 15:44:04 [INFO] Validating Commission Packages Page
2026-06-22 15:44:05 [INFO] Opening Agents dropdown
2026-06-22 15:44:06 [ERROR] Test failed: Create and allocate commission package successfully
2026-06-22 15:44:06 [ERROR] Failure screenshot saved: C:\Users\shashwat.singh\Desktop\Playwright_Commission_Automation\reports\failure-screenshots\Create_and_allocate_commission_package_successfully.png
2026-06-22 15:44:06 [INFO] Selecting Easy Commission
2026-06-22 15:44:07 [INFO] Clicking Settings
2026-06-22 15:44:08 [INFO] Opening Agents dropdown
2026-06-22 15:44:09 [INFO] Selecting Easy Commission
2026-06-22 15:44:09 [INFO] Clicking Manage Packages
2026-06-22 15:44:09 [ERROR] Test failed: Create and allocate commission package successfully
2026-06-22 15:44:09 [ERROR] Failure screenshot saved: C:\Users\shashwat.singh\Desktop\Playwright_Commission_Automation\reports\failure-screenshots\Create_and_allocate_commission_package_successfully.png
2026-06-22 15:44:09 [INFO] Clicking Settings
2026-06-22 15:44:09 [INFO] Clicking Manage Packages
2026-06-22 15:44:10 [ERROR] Test failed: Create and allocate commission package successfully
2026-06-22 15:44:10 [ERROR] Failure screenshot saved: C:\Users\shashwat.singh\Desktop\Playwright_Commission_Automation\reports\failure-screenshots\Create_and_allocate_commission_package_successfully.png
2026-06-22 15:48:26 [INFO] Starting test: Google Search - Search for Ascent One
2026-06-22 15:48:26 [INFO] Starting test: Google Search - Search for Ascent One
2026-06-22 15:48:31 [INFO] Starting test: Google Search - Search for Ascent One
2026-06-22 15:48:40 [ERROR] Test failed: Google Search - Search for Ascent One
2026-06-22 15:48:40 [ERROR] Failure screenshot saved: C:\Users\shashwat.singh\Desktop\Playwright_Commission_Automation\reports\failure-screenshots\Google_Search_-_Search_for_Ascent_One.png
2026-06-22 15:48:41 [ERROR] Test failed: Google Search - Search for Ascent One
2026-06-22 15:48:41 [ERROR] Failure screenshot saved: C:\Users\shashwat.singh\Desktop\Playwright_Commission_Automation\reports\failure-screenshots\Google_Search_-_Search_for_Ascent_One.png
2026-06-22 15:48:48 [ERROR] Test failed: Google Search - Search for Ascent One
2026-06-22 15:48:48 [ERROR] Failure screenshot saved: C:\Users\shashwat.singh\Desktop\Playwright_Commission_Automation\reports\failure-screenshots\Google_Search_-_Search_for_Ascent_One.png
2026-06-22 15:49:35 [INFO] Starting test: Create and allocate commission package successfully
2026-06-22 15:49:35 [INFO] ===== Test Execution Started =====
2026-06-22 15:49:35 [INFO] Navigating to login page
2026-06-22 15:49:39 [INFO] Logging in with user: demoworld.admin@yopmail.com
2026-06-22 15:49:40 [INFO] Validating dashboard
2026-06-22 15:49:40 [INFO] Navigating to Agent tab
2026-06-22 15:49:50 [INFO] Opening Agents dropdown
2026-06-22 15:49:50 [INFO] Selecting Easy Commission
2026-06-22 15:49:50 [INFO] Clicking Settings
2026-06-22 15:49:50 [INFO] Clicking Manage Packages
2026-06-22 15:49:51 [INFO] Validating Commission Packages Page
2026-06-22 15:49:54 [INFO] Clicking Add Package
2026-06-22 15:49:54 [INFO] Entering package name: AT Test Package
2026-06-22 15:49:55 [INFO] Entering description: Playwright automation created package
2026-06-22 15:49:55 [INFO] Selecting current date from calendar
2026-06-22 15:49:56 [ERROR] Test failed: Create and allocate commission package successfully
2026-06-22 15:49:56 [ERROR] Failure screenshot saved: C:\Users\shashwat.singh\Desktop\Playwright_Commission_Automation\reports\failure-screenshots\Create_and_allocate_commission_package_successfully.png
2026-06-22 16:23:54 [INFO] Starting test: Create and allocate commission package successfully
2026-06-22 16:23:54 [INFO] ===== Test Execution Started =====
2026-06-22 16:23:54 [INFO] Navigating to login page
2026-06-22 16:23:58 [INFO] Logging in with user: demoworld.admin@yopmail.com
2026-06-22 16:24:00 [INFO] Validating dashboard
2026-06-22 16:24:00 [INFO] Navigating to Agent tab
2026-06-22 16:24:07 [INFO] Opening Agents dropdown
2026-06-22 16:24:07 [INFO] Selecting Easy Commission
2026-06-22 16:24:07 [INFO] Clicking Settings
2026-06-22 16:24:07 [INFO] Clicking Manage Packages
2026-06-22 16:24:08 [INFO] Validating Commission Packages Page
2026-06-22 16:24:12 [INFO] Clicking Add Package
2026-06-22 16:24:12 [INFO] Entering package name: AT Test Package
2026-06-22 16:24:13 [INFO] Entering description: Playwright automation created package
2026-06-22 16:24:13 [INFO] Selecting current date from calendar
2026-06-22 16:24:13 [ERROR] Test failed: Create and allocate commission package successfully
2026-06-22 16:24:13 [ERROR] Failure screenshot saved: C:\Users\shashwat.singh\Desktop\Playwright_Commission_Automation\reports\failure-screenshots\Create_and_allocate_commission_package_successfully.png
2026-06-22 16:26:44 [INFO] Starting test: Create and allocate commission package successfully
2026-06-22 16:26:44 [INFO] ===== Test Execution Started =====
2026-06-22 16:26:44 [INFO] Navigating to login page
2026-06-22 16:26:48 [INFO] Logging in with user: demoworld.admin@yopmail.com
2026-06-22 16:26:49 [INFO] Validating dashboard
2026-06-22 16:26:49 [INFO] Navigating to Agent tab
2026-06-22 16:26:55 [INFO] Opening Agents dropdown
2026-06-22 16:26:55 [INFO] Selecting Easy Commission
2026-06-22 16:26:56 [INFO] Clicking Settings
2026-06-22 16:26:56 [INFO] Clicking Manage Packages
2026-06-22 16:26:57 [INFO] Validating Commission Packages Page
2026-06-22 16:27:00 [INFO] Clicking Add Package
2026-06-22 16:27:01 [INFO] Entering package name: AT Test Package
2026-06-22 16:27:02 [INFO] Entering description: Playwright automation created package
2026-06-22 16:27:02 [INFO] Selecting current date from calendar
2026-06-22 16:27:02 [ERROR] Test failed: Create and allocate commission package successfully
2026-06-22 16:27:02 [ERROR] Failure screenshot saved: C:\Users\shashwat.singh\Desktop\Playwright_Commission_Automation\reports\failure-screenshots\Create_and_allocate_commission_package_successfully.png
2026-06-22 16:38:31 [INFO] Starting test: Create and allocate commission package successfully
2026-06-22 16:38:31 [INFO] ===== Test Execution Started =====
2026-06-22 16:38:31 [INFO] Navigating to login page
2026-06-22 16:38:35 [INFO] Logging in with user: demoworld.admin@yopmail.com
2026-06-22 16:38:36 [INFO] Validating dashboard
2026-06-22 16:38:36 [INFO] Navigating to Agent tab
2026-06-22 16:38:43 [INFO] Opening Agents dropdown
2026-06-22 16:38:43 [INFO] Selecting Easy Commission
2026-06-22 16:38:44 [INFO] Clicking Settings
2026-06-22 16:38:44 [INFO] Clicking Manage Packages
2026-06-22 16:38:45 [INFO] Validating Commission Packages Page
2026-06-22 16:38:48 [INFO] Clicking Add Package
2026-06-22 16:38:49 [INFO] Entering package name: AT Test Package
2026-06-22 16:38:50 [INFO] Entering description: Playwright automation created package
2026-06-22 16:38:50 [INFO] Selecting current date from calendar
2026-06-22 16:38:50 [ERROR] Test failed: Create and allocate commission package successfully
2026-06-22 16:38:50 [ERROR] Failure screenshot saved: C:\Users\shashwat.singh\Desktop\Playwright_Commission_Automation\reports\failure-screenshots\Create_and_allocate_commission_package_successfully.png
2026-06-22 21:03:08 [INFO] Starting test: Create and allocate commission package successfully
2026-06-22 21:03:08 [INFO] ===== Test Execution Started =====
2026-06-22 21:03:08 [INFO] Navigating to login page
2026-06-22 21:03:30 [ERROR] Test failed: Create and allocate commission package successfully
2026-06-22 21:03:30 [ERROR] Failure screenshot saved: C:\Users\shashwat.singh\Desktop\Playwright_Commission_Automation\reports\failure-screenshots\Create_and_allocate_commission_package_successfully.png
2026-06-22 21:04:25 [INFO] Starting test: Create and allocate commission package successfully
2026-06-22 21:04:25 [INFO] ===== Test Execution Started =====
2026-06-22 21:04:25 [INFO] Navigating to login page
2026-06-22 21:04:38 [INFO] Logging in with user: demoworld.admin@yopmail.com
2026-06-22 21:04:42 [INFO] Validating dashboard
2026-06-22 21:04:42 [INFO] Navigating to Agent tab
2026-06-22 21:04:52 [INFO] Opening Agents dropdown
2026-06-22 21:04:52 [INFO] Selecting Easy Commission
2026-06-22 21:04:52 [INFO] Clicking Settings
2026-06-22 21:04:52 [INFO] Clicking Manage Packages
2026-06-22 21:04:54 [INFO] Validating Commission Packages Page
2026-06-22 21:04:55 [ERROR] Test failed: Create and allocate commission package successfully
2026-06-22 21:04:55 [ERROR] Failure screenshot saved: C:\Users\shashwat.singh\Desktop\Playwright_Commission_Automation\reports\failure-screenshots\Create_and_allocate_commission_package_successfully.png
2026-06-22 21:05:19 [INFO] Starting test: Create and allocate commission package successfully
2026-06-22 21:05:19 [INFO] ===== Test Execution Started =====
2026-06-22 21:05:19 [INFO] Navigating to login page
2026-06-22 21:05:28 [INFO] Logging in with user: demoworld.admin@yopmail.com
2026-06-22 21:05:29 [INFO] Validating dashboard
2026-06-22 21:05:29 [INFO] Navigating to Agent tab
2026-06-22 21:05:39 [INFO] Opening Agents dropdown
2026-06-22 21:05:40 [INFO] Selecting Easy Commission
2026-06-22 21:05:40 [INFO] Clicking Settings
2026-06-22 21:05:40 [INFO] Clicking Manage Packages
2026-06-22 21:05:42 [INFO] Validating Commission Packages Page
2026-06-22 21:05:47 [INFO] Clicking Add Package
2026-06-22 21:05:47 [INFO] Entering package name: AT Test Package
2026-06-22 21:05:48 [INFO] Entering description: Playwright automation created package
2026-06-22 21:05:48 [INFO] Selecting current date from calendar
2026-06-22 21:05:49 [ERROR] Test failed: Create and allocate commission package successfully
2026-06-22 21:05:49 [ERROR] Failure screenshot saved: C:\Users\shashwat.singh\Desktop\Playwright_Commission_Automation\reports\failure-screenshots\Create_and_allocate_commission_package_successfully.png
2026-06-22 21:21:08 [INFO] Starting test: Create and allocate commission package successfully
2026-06-22 21:21:08 [INFO] ===== Test Execution Started =====
2026-06-22 21:21:08 [INFO] Navigating to login page
2026-06-22 21:21:18 [INFO] Logging in with user: demoworld.admin@yopmail.com
2026-06-22 21:21:19 [INFO] Validating dashboard
2026-06-22 21:21:19 [INFO] Navigating to Agent tab
2026-06-22 21:21:29 [INFO] Opening Agents dropdown
2026-06-22 21:21:29 [INFO] Selecting Easy Commission
2026-06-22 21:21:30 [INFO] Clicking Settings
2026-06-22 21:21:30 [INFO] Clicking Manage Packages
2026-06-22 21:21:31 [INFO] Validating Commission Packages Page
2026-06-22 21:21:34 [INFO] Clicking Add Package
2026-06-22 21:21:34 [INFO] Entering package name: AT Test Package
2026-06-22 21:21:35 [INFO] Entering description: Playwright automation created package
2026-06-22 21:21:35 [INFO] Selecting current date from calendar
2026-06-22 22:34:08 [INFO] Starting test: Create and allocate commission package successfully
2026-06-22 22:34:08 [INFO] ===== Test Execution Started =====
2026-06-22 22:34:08 [INFO] Navigating to login page
2026-06-22 22:34:29 [ERROR] Test failed: Create and allocate commission package successfully
2026-06-22 22:34:29 [ERROR] Failure screenshot saved: C:\Users\shashwat.singh\Desktop\Playwright_Commission_Automation\reports\failure-screenshots\Create_and_allocate_commission_package_successfully.png
2026-06-22 22:35:33 [INFO] Starting test: Create and allocate commission package successfully
2026-06-22 22:35:33 [INFO] ===== Test Execution Started =====
2026-06-22 22:35:33 [INFO] Navigating to login page
2026-06-22 22:35:45 [INFO] Logging in with user: demoworld.admin@yopmail.com
2026-06-22 22:35:48 [INFO] Validating dashboard
2026-06-22 22:35:48 [INFO] Navigating to Agent tab
2026-06-22 22:36:05 [INFO] Opening Agents dropdown
2026-06-22 22:36:05 [INFO] Selecting Easy Commission
2026-06-22 22:36:05 [ERROR] Test failed: Create and allocate commission package successfully
2026-06-22 22:36:05 [ERROR] Failure screenshot saved: C:\Users\shashwat.singh\Desktop\Playwright_Commission_Automation\reports\failure-screenshots\Create_and_allocate_commission_package_successfully.png
2026-06-22 22:36:47 [INFO] Starting test: Create and allocate commission package successfully
2026-06-22 22:36:47 [INFO] ===== Test Execution Started =====
2026-06-22 22:36:47 [INFO] Navigating to login page
2026-06-22 22:36:55 [INFO] Logging in with user: demoworld.admin@yopmail.com
2026-06-22 22:36:56 [INFO] Validating dashboard
2026-06-22 22:36:56 [INFO] Navigating to Agent tab
2026-06-22 22:37:05 [INFO] Opening Agents dropdown
2026-06-22 22:37:05 [INFO] Selecting Easy Commission
2026-06-22 22:37:05 [INFO] Clicking Settings
2026-06-22 22:37:06 [INFO] Clicking Manage Packages
2026-06-22 22:37:07 [INFO] Validating Commission Packages Page
2026-06-22 22:37:11 [INFO] Clicking Add Package
2026-06-22 22:37:11 [INFO] Entering package name: AT Test Package
2026-06-22 22:37:12 [INFO] Entering description: Playwright automation created package
2026-06-22 22:37:12 [INFO] Selecting current date from calendar
2026-06-22 22:40:45 [INFO] Starting test: Create and allocate commission package successfully
2026-06-22 22:40:45 [INFO] ===== Test Execution Started =====
2026-06-22 22:40:45 [INFO] Navigating to login page
2026-06-22 22:40:54 [INFO] Logging in with user: demoworld.admin@yopmail.com
2026-06-22 22:40:56 [INFO] Validating dashboard
2026-06-22 22:40:56 [INFO] Navigating to Agent tab
2026-06-22 22:41:08 [INFO] Opening Agents dropdown
2026-06-22 22:41:08 [INFO] Selecting Easy Commission
2026-06-22 22:41:08 [INFO] Clicking Settings
2026-06-22 22:41:09 [INFO] Clicking Manage Packages
2026-06-22 22:41:10 [INFO] Validating Commission Packages Page
2026-06-22 22:41:13 [INFO] Clicking Add Package
2026-06-22 22:41:13 [INFO] Entering package name: AT Test Package
2026-06-22 22:41:14 [INFO] Entering description: Playwright automation created package
2026-06-22 22:41:14 [INFO] Selecting current date from calendar
2026-06-22 23:14:59 [INFO] Starting test: Create and allocate commission package successfully
2026-06-22 23:14:59 [INFO] ===== Test Execution Started =====
2026-06-22 23:14:59 [INFO] Navigating to login page
2026-06-22 23:15:10 [INFO] Logging in with user: demoworld.admin@yopmail.com
2026-06-22 23:15:13 [INFO] Validating dashboard
2026-06-22 23:15:13 [INFO] Navigating to Agent tab
2026-06-22 23:15:23 [INFO] Opening Agents dropdown
2026-06-22 23:15:23 [INFO] Selecting Easy Commission
2026-06-22 23:15:24 [INFO] Clicking Settings
2026-06-22 23:15:24 [INFO] Clicking Manage Packages
2026-06-22 23:15:28 [INFO] Validating Commission Packages Page
2026-06-22 23:15:28 [ERROR] Test failed: Create and allocate commission package successfully
2026-06-22 23:15:28 [ERROR] Failure screenshot saved: C:\Users\shashwat.singh\Desktop\Playwright_Commission_Automation\reports\failure-screenshots\Create_and_allocate_commission_package_successfully.png
2026-06-22 23:15:50 [INFO] Starting test: Create and allocate commission package successfully
2026-06-22 23:15:50 [INFO] ===== Test Execution Started =====
2026-06-22 23:15:50 [INFO] Navigating to login page
2026-06-22 23:15:59 [INFO] Logging in with user: demoworld.admin@yopmail.com
2026-06-22 23:16:00 [INFO] Validating dashboard
2026-06-22 23:16:00 [INFO] Navigating to Agent tab
2026-06-22 23:16:12 [INFO] Opening Agents dropdown
2026-06-22 23:16:12 [INFO] Selecting Easy Commission
2026-06-22 23:16:12 [INFO] Clicking Settings
2026-06-22 23:16:12 [INFO] Clicking Manage Packages
2026-06-22 23:16:14 [INFO] Validating Commission Packages Page
2026-06-22 23:16:20 [ERROR] Test failed: Create and allocate commission package successfully
2026-06-22 23:16:20 [ERROR] Failure screenshot saved: C:\Users\shashwat.singh\Desktop\Playwright_Commission_Automation\reports\failure-screenshots\Create_and_allocate_commission_package_successfully.png
2026-06-22 23:16:38 [INFO] Starting test: Create and allocate commission package successfully
2026-06-22 23:16:38 [INFO] ===== Test Execution Started =====
2026-06-22 23:16:38 [INFO] Navigating to login page
2026-06-22 23:16:46 [INFO] Logging in with user: demoworld.admin@yopmail.com
2026-06-22 23:16:47 [INFO] Validating dashboard
2026-06-22 23:16:47 [INFO] Navigating to Agent tab
2026-06-22 23:16:59 [INFO] Opening Agents dropdown
2026-06-22 23:16:59 [INFO] Selecting Easy Commission
2026-06-22 23:16:59 [INFO] Clicking Settings
2026-06-22 23:16:59 [INFO] Clicking Manage Packages
2026-06-22 23:17:01 [INFO] Validating Commission Packages Page
2026-06-22 23:17:04 [INFO] Clicking Add Package
2026-06-22 23:17:05 [INFO] Entering package name: AT Test Package
2026-06-22 23:17:05 [INFO] Entering description: Playwright automation created package
2026-06-22 23:17:05 [INFO] Selecting current date from calendar
2026-06-22 23:17:08 [ERROR] Test failed: Create and allocate commission package successfully
2026-06-22 23:17:08 [ERROR] Failure screenshot saved: C:\Users\shashwat.singh\Desktop\Playwright_Commission_Automation\reports\failure-screenshots\Create_and_allocate_commission_package_successfully.png
2026-06-22 23:18:02 [INFO] Starting test: Create and allocate commission package successfully
2026-06-22 23:18:02 [INFO] ===== Test Execution Started =====
2026-06-22 23:18:02 [INFO] Navigating to login page
2026-06-22 23:18:12 [INFO] Logging in with user: demoworld.admin@yopmail.com
2026-06-22 23:18:13 [INFO] Validating dashboard
2026-06-22 23:18:13 [INFO] Navigating to Agent tab
2026-06-22 23:18:25 [INFO] Opening Agents dropdown
2026-06-22 23:18:25 [INFO] Selecting Easy Commission
2026-06-22 23:18:26 [INFO] Clicking Settings
2026-06-22 23:18:26 [INFO] Clicking Manage Packages
2026-06-22 23:18:27 [INFO] Validating Commission Packages Page
2026-06-22 23:18:31 [INFO] Clicking Add Package
2026-06-22 23:18:31 [INFO] Entering package name: AT Test Package
2026-06-22 23:18:32 [INFO] Entering description: Playwright automation created package
2026-06-22 23:18:32 [INFO] Selecting current date from calendar
2026-06-22 23:18:35 [ERROR] Test failed: Create and allocate commission package successfully
2026-06-22 23:18:35 [ERROR] Failure screenshot saved: C:\Users\shashwat.singh\Desktop\Playwright_Commission_Automation\reports\failure-screenshots\Create_and_allocate_commission_package_successfully.png
2026-06-22 23:19:16 [INFO] Starting test: Create and allocate commission package successfully
2026-06-22 23:19:16 [INFO] ===== Test Execution Started =====
2026-06-22 23:19:16 [INFO] Navigating to login page
2026-06-22 23:19:24 [INFO] Logging in with user: demoworld.admin@yopmail.com
2026-06-22 23:19:26 [INFO] Validating dashboard
2026-06-22 23:19:26 [INFO] Navigating to Agent tab
2026-06-22 23:19:39 [INFO] Opening Agents dropdown
2026-06-22 23:19:39 [INFO] Selecting Easy Commission
2026-06-22 23:19:39 [INFO] Clicking Settings
2026-06-22 23:19:40 [INFO] Clicking Manage Packages
2026-06-22 23:19:41 [INFO] Validating Commission Packages Page
2026-06-22 23:19:45 [INFO] Clicking Add Package
2026-06-22 23:19:46 [INFO] Entering package name: AT Test Package
2026-06-22 23:19:46 [INFO] Entering description: Playwright automation created package
2026-06-22 23:19:47 [INFO] Selecting current date from calendar
2026-06-22 23:19:48 [ERROR] Test failed: Create and allocate commission package successfully
2026-06-22 23:19:48 [ERROR] Failure screenshot saved: C:\Users\shashwat.singh\Desktop\Playwright_Commission_Automation\reports\failure-screenshots\Create_and_allocate_commission_package_successfully.png
2026-06-22 23:20:15 [INFO] Starting test: Create and allocate commission package successfully
2026-06-22 23:20:15 [INFO] ===== Test Execution Started =====
2026-06-22 23:20:15 [INFO] Navigating to login page
2026-06-22 23:20:25 [INFO] Logging in with user: demoworld.admin@yopmail.com
2026-06-22 23:20:26 [INFO] Validating dashboard
2026-06-22 23:20:26 [INFO] Navigating to Agent tab
2026-06-22 23:20:33 [INFO] Opening Agents dropdown
2026-06-22 23:20:33 [INFO] Selecting Easy Commission
2026-06-22 23:20:33 [INFO] Clicking Settings
2026-06-22 23:20:34 [INFO] Clicking Manage Packages
2026-06-22 23:20:38 [INFO] Validating Commission Packages Page
2026-06-22 23:20:42 [INFO] Clicking Add Package
2026-06-22 23:20:42 [INFO] Entering package name: AT Test Package
2026-06-22 23:20:43 [INFO] Entering description: Playwright automation created package
2026-06-22 23:20:43 [INFO] Selecting current date from calendar
2026-06-22 23:20:44 [ERROR] Test failed: Create and allocate commission package successfully
2026-06-22 23:20:44 [ERROR] Failure screenshot saved: C:\Users\shashwat.singh\Desktop\Playwright_Commission_Automation\reports\failure-screenshots\Create_and_allocate_commission_package_successfully.png
2026-06-22 23:21:49 [INFO] Starting test: Create and allocate commission package successfully
2026-06-22 23:21:49 [INFO] ===== Test Execution Started =====
2026-06-22 23:21:49 [INFO] Navigating to login page
2026-06-22 23:21:59 [INFO] Logging in with user: demoworld.admin@yopmail.com
2026-06-22 23:22:00 [INFO] Validating dashboard
2026-06-22 23:22:00 [INFO] Navigating to Agent tab
2026-06-22 23:22:08 [INFO] Opening Agents dropdown
2026-06-22 23:22:08 [INFO] Selecting Easy Commission
2026-06-22 23:22:09 [INFO] Clicking Settings
2026-06-22 23:22:09 [INFO] Clicking Manage Packages
2026-06-22 23:22:10 [INFO] Validating Commission Packages Page
2026-06-22 23:22:13 [INFO] Clicking Add Package
2026-06-22 23:22:14 [INFO] Entering package name: AT Test Package
2026-06-22 23:22:15 [INFO] Entering description: Playwright automation created package
2026-06-22 23:22:15 [INFO] Selecting current date from calendar
2026-06-22 23:22:16 [ERROR] Test failed: Create and allocate commission package successfully
2026-06-22 23:22:16 [ERROR] Failure screenshot saved: C:\Users\shashwat.singh\Desktop\Playwright_Commission_Automation\reports\failure-screenshots\Create_and_allocate_commission_package_successfully.png
2026-06-22 23:37:58 [INFO] Starting test: Create and allocate commission package successfully
2026-06-22 23:37:58 [INFO] ===== Test Execution Started =====
2026-06-22 23:37:58 [INFO] Navigating to login page
2026-06-22 23:38:09 [INFO] Logging in with user: demoworld.admin@yopmail.com
2026-06-22 23:38:11 [INFO] Validating dashboard
2026-06-22 23:38:11 [INFO] Navigating to Agent tab
2026-06-22 23:38:17 [INFO] Opening Agents dropdown
2026-06-22 23:38:17 [INFO] Selecting Easy Commission
2026-06-22 23:38:18 [INFO] Clicking Settings
2026-06-22 23:38:19 [INFO] Clicking Manage Packages
2026-06-22 23:38:21 [INFO] Validating Commission Packages Page
2026-06-22 23:38:25 [INFO] Clicking Add Package
2026-06-22 23:38:26 [INFO] Entering package name: AT Test Package
2026-06-22 23:38:27 [INFO] Entering description: Playwright automation created package
2026-06-22 23:38:27 [INFO] Selecting current date from calendar
2026-06-22 23:38:27 [INFO] Clicking Done
2026-06-22 23:38:27 [INFO] Searching package: AT Test Package
2026-06-22 23:38:28 [ERROR] Test failed: Create and allocate commission package successfully
2026-06-22 23:38:28 [ERROR] Failure screenshot saved: C:\Users\shashwat.singh\Desktop\Playwright_Commission_Automation\reports\failure-screenshots\Create_and_allocate_commission_package_successfully.png
2026-06-23 00:00:00 [INFO] Starting test: Create and allocate commission package successfully
2026-06-23 00:00:00 [INFO] ===== Test Execution Started =====
2026-06-23 00:00:00 [INFO] Navigating to login page
2026-06-23 00:00:10 [INFO] Logging in with user: demoworld.admin@yopmail.com
2026-06-23 00:00:13 [INFO] Validating dashboard
2026-06-23 00:00:13 [INFO] Navigating to Agent tab
2026-06-23 00:00:27 [INFO] Opening Agents dropdown
2026-06-23 00:00:27 [INFO] Selecting Easy Commission
2026-06-23 00:00:28 [INFO] Clicking Settings
2026-06-23 00:00:28 [INFO] Clicking Manage Packages
2026-06-23 00:00:29 [INFO] Validating Commission Packages Page
2026-06-23 00:00:30 [ERROR] Test failed: Create and allocate commission package successfully
2026-06-23 00:00:30 [ERROR] Failure screenshot saved: C:\Users\shashwat.singh\Desktop\Playwright_Commission_Automation\reports\failure-screenshots\Create_and_allocate_commission_package_successfully.png
2026-06-23 00:00:49 [INFO] Starting test: Create and allocate commission package successfully
2026-06-23 00:00:49 [INFO] ===== Test Execution Started =====
2026-06-23 00:00:49 [INFO] Navigating to login page
2026-06-23 00:00:57 [INFO] Logging in with user: demoworld.admin@yopmail.com
2026-06-23 00:00:58 [INFO] Validating dashboard
2026-06-23 00:00:58 [INFO] Navigating to Agent tab
2026-06-23 00:01:15 [INFO] Opening Agents dropdown
2026-06-23 00:01:15 [INFO] Selecting Easy Commission
2026-06-23 00:01:16 [INFO] Clicking Settings
2026-06-23 00:01:16 [INFO] Clicking Manage Packages
2026-06-23 00:01:19 [INFO] Validating Commission Packages Page
2026-06-23 00:01:20 [ERROR] Test failed: Create and allocate commission package successfully
2026-06-23 00:01:20 [ERROR] Failure screenshot saved: C:\Users\shashwat.singh\Desktop\Playwright_Commission_Automation\reports\failure-screenshots\Create_and_allocate_commission_package_successfully.png
2026-06-23 00:01:41 [INFO] Starting test: Create and allocate commission package successfully
2026-06-23 00:01:41 [INFO] ===== Test Execution Started =====
2026-06-23 00:01:41 [INFO] Navigating to login page
2026-06-23 00:01:49 [INFO] Logging in with user: demoworld.admin@yopmail.com
2026-06-23 00:01:51 [INFO] Validating dashboard
2026-06-23 00:01:51 [INFO] Navigating to Agent tab
2026-06-23 00:02:04 [INFO] Opening Agents dropdown
2026-06-23 00:02:04 [INFO] Selecting Easy Commission
2026-06-23 00:02:05 [INFO] Clicking Settings
2026-06-23 00:02:05 [INFO] Clicking Manage Packages
2026-06-23 00:02:06 [INFO] Validating Commission Packages Page
2026-06-23 00:02:11 [ERROR] Test failed: Create and allocate commission package successfully
2026-06-23 00:02:11 [ERROR] Failure screenshot saved: C:\Users\shashwat.singh\Desktop\Playwright_Commission_Automation\reports\failure-screenshots\Create_and_allocate_commission_package_successfully.png
2026-06-23 00:02:32 [INFO] Starting test: Create and allocate commission package successfully
2026-06-23 00:02:32 [INFO] ===== Test Execution Started =====
2026-06-23 00:02:32 [INFO] Navigating to login page
2026-06-23 00:02:40 [INFO] Logging in with user: demoworld.admin@yopmail.com
2026-06-23 00:02:41 [INFO] Validating dashboard
2026-06-23 00:02:41 [INFO] Navigating to Agent tab
2026-06-23 00:02:54 [INFO] Opening Agents dropdown
2026-06-23 00:02:54 [INFO] Selecting Easy Commission
2026-06-23 00:02:55 [INFO] Clicking Settings
2026-06-23 00:02:55 [INFO] Clicking Manage Packages
2026-06-23 00:02:58 [INFO] Validating Commission Packages Page
2026-06-23 00:03:01 [ERROR] Test failed: Create and allocate commission package successfully
2026-06-23 00:03:01 [ERROR] Failure screenshot saved: C:\Users\shashwat.singh\Desktop\Playwright_Commission_Automation\reports\failure-screenshots\Create_and_allocate_commission_package_successfully.png
2026-06-23 00:03:25 [INFO] Starting test: Create and allocate commission package successfully
2026-06-23 00:03:25 [INFO] ===== Test Execution Started =====
2026-06-23 00:03:25 [INFO] Navigating to login page
2026-06-23 00:03:33 [INFO] Logging in with user: demoworld.admin@yopmail.com
2026-06-23 00:03:34 [INFO] Validating dashboard
2026-06-23 00:03:34 [INFO] Navigating to Agent tab
2026-06-23 00:03:40 [INFO] Opening Agents dropdown
2026-06-23 00:03:41 [INFO] Selecting Easy Commission
2026-06-23 00:03:41 [INFO] Clicking Settings
2026-06-23 00:03:41 [INFO] Clicking Manage Packages
2026-06-23 00:03:43 [INFO] Validating Commission Packages Page
2026-06-23 00:03:47 [INFO] Clicking Add Package
2026-06-23 00:03:48 [INFO] Entering package name: AT Test Package
2026-06-23 00:03:48 [INFO] Entering description: Playwright automation created package
2026-06-23 00:03:48 [INFO] Selecting current date from calendar
2026-06-23 00:03:48 [INFO] Clicking Done
2026-06-23 00:03:49 [INFO] Searching package: AT Test Package
2026-06-23 00:03:55 [ERROR] Test failed: Create and allocate commission package successfully
2026-06-23 00:03:55 [ERROR] Failure screenshot saved: C:\Users\shashwat.singh\Desktop\Playwright_Commission_Automation\reports\failure-screenshots\Create_and_allocate_commission_package_successfully.png
2026-06-26 14:24:20 [INFO] Starting test: Create and allocate commission package successfully
2026-06-26 14:24:20 [INFO] ===== Test Execution Started =====
2026-06-26 14:24:20 [INFO] Navigating to login page
2026-06-26 14:24:24 [INFO] Logging in with user: aih.admin@yopmail.com
2026-06-26 14:24:26 [INFO] Validating dashboard
2026-06-26 14:24:26 [INFO] Navigating to Agent tab
2026-06-26 14:24:31 [INFO] Opening Agents dropdown
2026-06-26 14:24:31 [INFO] Selecting Easy Commission
2026-06-26 14:24:50 [ERROR] Test failed: Create and allocate commission package successfully
2026-06-26 14:24:50 [ERROR] Failure screenshot saved: C:\Users\shashwat.singh\Desktop\Playwright_Commission_Automation\reports\failure-screenshots\Create_and_allocate_commission_package_successfully.png
2026-06-26 14:25:49 [INFO] Starting test: Create and allocate commission package successfully
2026-06-26 14:25:49 [INFO] ===== Test Execution Started =====
2026-06-26 14:25:49 [INFO] Navigating to login page
2026-06-26 14:25:52 [INFO] Logging in with user: aih.admin@yopmail.com
2026-06-26 14:25:54 [INFO] Validating dashboard
2026-06-26 14:25:54 [INFO] Navigating to Agent tab
2026-06-26 14:25:59 [INFO] Opening Agents dropdown
2026-06-26 14:26:00 [INFO] Selecting Easy Commission
2026-06-26 14:26:18 [ERROR] Test failed: Create and allocate commission package successfully
2026-06-26 14:26:18 [ERROR] Failure screenshot saved: C:\Users\shashwat.singh\Desktop\Playwright_Commission_Automation\reports\failure-screenshots\Create_and_allocate_commission_package_successfully.png
2026-06-26 14:26:55 [INFO] Starting test: Create and allocate commission package successfully
2026-06-26 14:26:55 [INFO] ===== Test Execution Started =====
2026-06-26 14:26:55 [INFO] Navigating to login page
2026-06-26 14:26:59 [INFO] Logging in with user: aih.admin@yopmail.com
2026-06-26 14:26:59 [ERROR] Test failed: Create and allocate commission package successfully
2026-06-26 14:26:59 [ERROR] Failure screenshot saved: C:\Users\shashwat.singh\Desktop\Playwright_Commission_Automation\reports\failure-screenshots\Create_and_allocate_commission_package_successfully.png
2026-06-26 14:27:38 [INFO] Starting test: Create and allocate commission package successfully
2026-06-26 14:27:38 [INFO] ===== Test Execution Started =====
2026-06-26 14:27:38 [INFO] Navigating to login page
2026-06-26 14:27:41 [INFO] Logging in with user: aih.admin@yopmail.com
2026-06-26 14:27:42 [ERROR] Test failed: Create and allocate commission package successfully
2026-06-26 14:27:42 [ERROR] Failure screenshot saved: C:\Users\shashwat.singh\Desktop\Playwright_Commission_Automation\reports\failure-screenshots\Create_and_allocate_commission_package_successfully.png
2026-06-26 14:28:31 [INFO] Starting test: Create and allocate commission package successfully
2026-06-26 14:28:31 [INFO] ===== Test Execution Started =====
2026-06-26 14:28:31 [INFO] Navigating to login page
2026-06-26 14:28:34 [INFO] Logging in with user: aih.admin@yopmail.com
2026-06-26 14:28:36 [INFO] Validating dashboard
2026-06-26 14:28:36 [INFO] Navigating to Agent tab
2026-06-26 14:28:41 [INFO] Opening Agents dropdown
2026-06-26 14:28:41 [INFO] Selecting Easy Commission
2026-06-26 14:29:00 [ERROR] Test failed: Create and allocate commission package successfully
2026-06-26 14:29:00 [ERROR] Failure screenshot saved: C:\Users\shashwat.singh\Desktop\Playwright_Commission_Automation\reports\failure-screenshots\Create_and_allocate_commission_package_successfully.png
2026-06-26 14:36:53 [INFO] Starting test: Create and allocate commission package successfully
2026-06-26 14:36:53 [INFO] ===== Test Execution Started =====
2026-06-26 14:36:53 [INFO] Navigating to login page
2026-06-26 14:36:57 [INFO] Logging in with user: aih.admin@yopmail.com
2026-06-26 14:36:58 [INFO] Validating dashboard
2026-06-26 14:36:58 [INFO] Navigating to Agent tab
2026-06-26 14:37:07 [INFO] Opening Agents dropdown
2026-06-26 14:37:07 [INFO] Selecting Easy Commission
2026-06-26 14:37:07 [INFO] Clicking Settings
2026-06-26 14:37:08 [INFO] Clicking Manage Packages
2026-06-26 14:37:09 [INFO] Validating Commission Packages Page
2026-06-26 14:37:12 [INFO] Clicking Add Package
2026-06-26 14:37:12 [INFO] Entering package name: AT Test Package
2026-06-26 14:37:13 [INFO] Entering description: Playwright automation created package
2026-06-26 14:37:13 [INFO] Selecting current date from calendar
2026-06-26 14:37:13 [INFO] Clicking Done
2026-06-26 14:37:13 [INFO] Searching package: AT Test Package
2026-06-26 14:37:23 [ERROR] Test failed: Create and allocate commission package successfully
2026-06-26 14:37:23 [ERROR] Failure screenshot saved: C:\Users\shashwat.singh\Desktop\Playwright_Commission_Automation\reports\failure-screenshots\Create_and_allocate_commission_package_successfully.png
2026-06-26 14:44:52 [INFO] Starting test: Create and allocate commission package successfully
2026-06-26 14:44:52 [INFO] ===== Test Execution Started =====
2026-06-26 14:44:52 [INFO] Navigating to login page
2026-06-26 14:44:57 [INFO] Logging in with user: aih.admin@yopmail.com
2026-06-26 14:44:59 [INFO] Validating dashboard
2026-06-26 14:44:59 [INFO] Navigating to Agent tab
2026-06-26 14:45:08 [INFO] Opening Agents dropdown
2026-06-26 14:45:08 [INFO] Selecting Easy Commission
2026-06-26 14:45:21 [ERROR] Test failed: Create and allocate commission package successfully
2026-06-26 14:45:21 [ERROR] Failure screenshot saved: C:\Users\shashwat.singh\Desktop\Playwright_Commission_Automation\reports\failure-screenshots\Create_and_allocate_commission_package_successfully.png
2026-06-26 14:45:42 [INFO] Starting test: Create and allocate commission package successfully
2026-06-26 14:45:42 [INFO] ===== Test Execution Started =====
2026-06-26 14:45:42 [INFO] Navigating to login page
2026-06-26 14:45:45 [INFO] Logging in with user: aih.admin@yopmail.com
2026-06-26 14:45:47 [INFO] Validating dashboard
2026-06-26 14:45:47 [INFO] Navigating to Agent tab
2026-06-26 14:45:53 [INFO] Opening Agents dropdown
2026-06-26 14:45:53 [INFO] Selecting Easy Commission
2026-06-26 14:46:11 [ERROR] Test failed: Create and allocate commission package successfully
2026-06-26 14:46:11 [ERROR] Failure screenshot saved: C:\Users\shashwat.singh\Desktop\Playwright_Commission_Automation\reports\failure-screenshots\Create_and_allocate_commission_package_successfully.png
2026-06-26 14:51:20 [INFO] Starting test: Create and allocate commission package successfully
2026-06-26 14:51:20 [INFO] ===== Test Execution Started =====
2026-06-26 14:51:20 [INFO] Navigating to login page
2026-06-26 14:51:24 [INFO] Logging in with user: aih.admin@yopmail.com
2026-06-26 14:51:25 [INFO] Validating dashboard
2026-06-26 14:51:25 [INFO] Navigating to Agent tab
2026-06-26 14:51:31 [INFO] Opening Agents dropdown
2026-06-26 14:51:31 [INFO] Selecting Easy Commission
2026-06-26 14:51:32 [INFO] Clicking Settings
2026-06-26 14:51:32 [INFO] Clicking Manage Packages
2026-06-26 14:51:33 [INFO] Validating Commission Packages Page
2026-06-26 14:51:36 [INFO] Clicking Add Package
2026-06-26 14:51:37 [INFO] Entering package name: AT Test Package
2026-06-26 14:51:38 [INFO] Entering description: Playwright automation created package
2026-06-26 14:51:38 [INFO] Selecting current date from calendar
2026-06-26 14:51:38 [INFO] Clicking Done
2026-06-26 14:51:38 [INFO] Searching package: AT Test Package
2026-06-26 14:51:38 [INFO] Opening first result
2026-06-26 14:51:39 [INFO] Clicking Arrow button
2026-06-26 14:51:40 [ERROR] Test failed: Create and allocate commission package successfully
2026-06-26 14:51:40 [ERROR] Failure screenshot saved: C:\Users\shashwat.singh\Desktop\Playwright_Commission_Automation\reports\failure-screenshots\Create_and_allocate_commission_package_successfully.png
2026-06-26 14:57:52 [INFO] Starting test: Create and allocate commission package successfully
2026-06-26 14:57:52 [INFO] ===== Test Execution Started =====
2026-06-26 14:57:52 [INFO] Navigating to login page
2026-06-26 14:57:55 [INFO] Logging in with user: aih.admin@yopmail.com
2026-06-26 14:57:57 [INFO] Validating dashboard
2026-06-26 14:57:57 [INFO] Navigating to Agent tab
2026-06-26 15:16:26 [INFO] Starting test: Create and allocate commission package successfully
2026-06-26 15:16:26 [INFO] ===== Test Execution Started =====
2026-06-26 15:16:26 [INFO] Navigating to login page
2026-06-26 15:16:30 [INFO] Logging in with user: aih.admin@yopmail.com
2026-06-26 15:16:32 [INFO] Validating dashboard
2026-06-26 15:16:32 [INFO] Navigating to Agent tab
2026-06-26 15:16:38 [INFO] Opening Agents dropdown
2026-06-26 15:16:38 [INFO] Selecting Easy Commission
2026-06-26 15:23:42 [INFO] Starting test: Create and allocate commission package successfully
2026-06-26 15:23:42 [INFO] ===== Test Execution Started =====
2026-06-26 15:23:42 [INFO] Navigating to login page
2026-06-26 15:23:46 [INFO] Logging in with user: aih.admin@yopmail.com
2026-06-26 15:23:47 [INFO] Validating dashboard
2026-06-26 15:23:47 [INFO] Navigating to Agent tab
2026-06-26 15:23:55 [INFO] Opening Agents dropdown
2026-06-26 15:23:56 [INFO] Selecting Easy Commission
2026-06-26 15:24:12 [ERROR] Test failed: Create and allocate commission package successfully
2026-06-26 15:24:12 [ERROR] Failure screenshot saved: C:\Users\shashwat.singh\Desktop\Playwright_Commission_Automation\reports\failure-screenshots\Create_and_allocate_commission_package_successfully.png
2026-06-26 15:30:28 [INFO] Starting test: Create and allocate commission package successfully
2026-06-26 15:30:28 [INFO] ===== Test Execution Started =====
2026-06-26 15:30:28 [INFO] Navigating to login page
2026-06-26 15:30:32 [INFO] Logging in with user: aih.admin@yopmail.com
2026-06-26 15:30:33 [INFO] Validating dashboard
2026-06-26 15:30:33 [INFO] Navigating to Agent tab
2026-06-26 15:30:42 [INFO] Opening Agents dropdown
2026-06-26 15:30:42 [INFO] Selecting Easy Commission
2026-06-26 15:30:58 [ERROR] Test failed: Create and allocate commission package successfully
2026-06-26 15:30:58 [ERROR] Failure screenshot saved: C:\Users\shashwat.singh\Desktop\Playwright_Commission_Automation\reports\failure-screenshots\Create_and_allocate_commission_package_successfully.png
2026-06-26 15:31:21 [INFO] Starting test: Create and allocate commission package successfully
2026-06-26 15:31:21 [INFO] ===== Test Execution Started =====
2026-06-26 15:31:21 [INFO] Navigating to login page
2026-06-26 15:31:25 [INFO] Logging in with user: aih.admin@yopmail.com
2026-06-26 15:31:26 [INFO] Validating dashboard
2026-06-26 15:31:26 [INFO] Navigating to Agent tab
2026-06-26 15:31:31 [INFO] Opening Agents dropdown
2026-06-26 15:31:32 [INFO] Selecting Easy Commission
2026-06-26 15:31:51 [ERROR] Test failed: Create and allocate commission package successfully
2026-06-26 15:31:51 [ERROR] Failure screenshot saved: C:\Users\shashwat.singh\Desktop\Playwright_Commission_Automation\reports\failure-screenshots\Create_and_allocate_commission_package_successfully.png
2026-06-26 15:33:08 [INFO] Starting test: Create and allocate commission package successfully
2026-06-26 15:33:08 [INFO] ===== Test Execution Started =====
2026-06-26 15:33:08 [INFO] Navigating to login page
2026-06-26 15:33:12 [INFO] Logging in with user: aih.admin@yopmail.com
2026-06-26 15:33:14 [INFO] Validating dashboard
2026-06-26 15:33:14 [INFO] Navigating to Agent tab
2026-06-26 15:33:14 [ERROR] Test failed: Create and allocate commission package successfully
2026-06-26 15:33:14 [ERROR] Failure screenshot saved: C:\Users\shashwat.singh\Desktop\Playwright_Commission_Automation\reports\failure-screenshots\Create_and_allocate_commission_package_successfully.png
2026-06-26 15:33:58 [INFO] Starting test: Create and allocate commission package successfully
2026-06-26 15:33:58 [INFO] ===== Test Execution Started =====
2026-06-26 15:33:58 [INFO] Navigating to login page
2026-06-26 15:34:02 [INFO] Logging in with user: aih.admin@yopmail.com
2026-06-26 15:34:04 [INFO] Validating dashboard
2026-06-26 15:34:04 [INFO] Navigating to Agent tab
2026-06-26 15:34:10 [INFO] Opening Agents dropdown
2026-06-26 15:34:10 [INFO] Selecting Easy Commission
2026-06-26 15:34:18 [INFO] Clicking Settings
2026-06-26 15:34:19 [INFO] Clicking Manage Packages
2026-06-26 15:34:20 [INFO] Validating Commission Packages Page
2026-06-26 15:34:23 [INFO] Clicking Add Package
2026-06-26 15:34:24 [INFO] Entering package name: AT Test Package
2026-06-26 15:34:24 [INFO] Entering description: Playwright automation created package
2026-06-26 15:34:24 [INFO] Selecting current date from calendar
2026-06-26 15:34:25 [INFO] Clicking Done
2026-06-26 15:34:25 [INFO] Searching package: AT Test Package
2026-06-26 15:34:25 [INFO] Opening first result
2026-06-26 15:34:26 [INFO] Clicking Arrow button
2026-06-26 15:34:26 [ERROR] Test failed: Create and allocate commission package successfully
2026-06-26 15:34:26 [ERROR] Failure screenshot saved: C:\Users\shashwat.singh\Desktop\Playwright_Commission_Automation\reports\failure-screenshots\Create_and_allocate_commission_package_successfully.png
2026-06-26 15:36:33 [INFO] Starting test: Create and allocate commission package successfully
2026-06-26 15:36:33 [INFO] ===== Test Execution Started =====
2026-06-26 15:36:33 [INFO] Navigating to login page
2026-06-26 15:36:37 [INFO] Logging in with user: aih.admin@yopmail.com
2026-06-26 15:36:39 [INFO] Validating dashboard
2026-06-26 15:36:39 [INFO] Navigating to Agent tab
2026-06-26 15:36:47 [INFO] Opening Agents dropdown
2026-06-26 15:36:47 [INFO] Selecting Easy Commission
2026-06-26 15:37:02 [ERROR] Test failed: Create and allocate commission package successfully
2026-06-26 15:37:02 [ERROR] Failure screenshot saved: C:\Users\shashwat.singh\Desktop\Playwright_Commission_Automation\reports\failure-screenshots\Create_and_allocate_commission_package_successfully.png
2026-06-29 12:39:50 [INFO] Starting test: Create and allocate commission package successfully
2026-06-29 12:39:50 [INFO] ===== Test Execution Started =====
2026-06-29 12:39:50 [INFO] Navigating to login page
2026-06-29 12:39:52 [ERROR] Test failed: Create and allocate commission package successfully
2026-06-29 12:39:52 [ERROR] Failure screenshot saved: C:\Users\shashwat.singh\Desktop\Playwright_Commission_Automation\reports\failure-screenshots\Create_and_allocate_commission_package_successfully.png
2026-06-29 12:41:23 [INFO] Starting test: Create and allocate commission package successfully
2026-06-29 12:41:23 [INFO] ===== Test Execution Started =====
2026-06-29 12:41:23 [INFO] Navigating to login page
2026-06-29 12:41:33 [INFO] Logging in with user: aih.admin@yopmail.com
2026-06-29 12:41:35 [INFO] Validating dashboard
2026-06-29 12:41:35 [INFO] Navigating to Agent tab
2026-06-29 12:41:48 [INFO] Opening Agents dropdown
2026-06-29 12:41:48 [INFO] Selecting Easy Commission
2026-06-29 12:41:49 [INFO] Clicking Settings
2026-06-29 12:41:50 [INFO] Clicking Manage Packages
2026-06-29 12:41:52 [INFO] Validating Commission Packages Page
2026-06-29 12:41:53 [ERROR] Test failed: Create and allocate commission package successfully
2026-06-29 12:41:53 [ERROR] Failure screenshot saved: C:\Users\shashwat.singh\Desktop\Playwright_Commission_Automation\reports\failure-screenshots\Create_and_allocate_commission_package_successfully.png
2026-06-29 13:54:48 [INFO] Starting test: Create and allocate commission package successfully
2026-06-29 13:54:48 [INFO] ===== Test Execution Started =====
2026-06-29 13:54:48 [INFO] Navigating to login page
2026-06-29 13:54:54 [INFO] Logging in with user: aih.admin@yopmail.com
2026-06-29 13:54:56 [INFO] Validating dashboard
2026-06-29 13:54:56 [INFO] Navigating to Agent tab
2026-06-29 13:55:09 [INFO] Opening Agents dropdown
2026-06-29 13:55:09 [INFO] Selecting Easy Commission
2026-06-29 13:55:10 [INFO] Clicking Settings
2026-06-29 13:55:10 [INFO] Clicking Manage Packages
2026-06-29 13:55:13 [INFO] Validating Commission Packages Page
2026-06-29 13:55:19 [INFO] Clicking Add Package
2026-06-29 13:55:19 [INFO] Entering package name: AT Test Package
2026-06-29 13:55:20 [INFO] Entering description: Playwright automation created package
2026-06-29 13:55:20 [INFO] Selecting current date from calendar
2026-06-29 13:55:21 [INFO] Clicking Done
2026-06-29 13:55:21 [INFO] Searching package: AT Test Package
2026-06-29 13:55:21 [INFO] Opening first result
2026-06-29 13:55:21 [ERROR] Test failed: Create and allocate commission package successfully
2026-06-29 13:55:21 [ERROR] Failure screenshot saved: C:\Users\shashwat.singh\Desktop\Playwright_Commission_Automation\reports\failure-screenshots\Create_and_allocate_commission_package_successfully.png
2026-06-29 14:21:55 [INFO] Starting test: Create and allocate commission package successfully
2026-06-29 14:21:55 [INFO] ===== Test Execution Started =====
2026-06-29 14:21:55 [INFO] Navigating to login page
2026-06-29 14:22:01 [INFO] Logging in with user: aih.admin@yopmail.com
2026-06-29 14:22:03 [INFO] Validating dashboard
2026-06-29 14:22:03 [INFO] Navigating to Agent tab
2026-06-29 14:22:18 [INFO] Opening Agents dropdown
2026-06-29 14:22:18 [INFO] Selecting Easy Commission
2026-06-29 14:22:19 [INFO] Clicking Settings
2026-06-29 14:22:19 [INFO] Clicking Manage Packages
2026-06-29 14:22:21 [INFO] Validating Commission Packages Page
2026-06-29 14:22:25 [ERROR] Test failed: Create and allocate commission package successfully
2026-06-29 14:22:25 [ERROR] Failure screenshot saved: C:\Users\shashwat.singh\Desktop\Playwright_Commission_Automation\reports\failure-screenshots\Create_and_allocate_commission_package_successfully.png
2026-06-29 14:32:13 [INFO] Starting test: Create and allocate commission package successfully
2026-06-29 14:32:13 [INFO] ===== Test Execution Started =====
2026-06-29 14:32:13 [INFO] Navigating to login page
2026-06-29 14:32:21 [INFO] Logging in with user: aih.admin@yopmail.com
2026-06-29 14:32:23 [INFO] Validating dashboard
2026-06-29 14:32:23 [INFO] Navigating to Agent tab
2026-06-29 14:32:35 [INFO] Opening Agents dropdown
2026-06-29 14:32:35 [INFO] Selecting Easy Commission
2026-06-29 14:32:36 [INFO] Clicking Settings
2026-06-29 14:32:37 [INFO] Clicking Manage Packages
2026-06-29 14:32:39 [INFO] Validating Commission Packages Page
2026-06-29 14:32:42 [ERROR] Test failed: Create and allocate commission package successfully
2026-06-29 14:32:42 [ERROR] Failure screenshot saved: C:\Users\shashwat.singh\Desktop\Playwright_Commission_Automation\reports\failure-screenshots\Create_and_allocate_commission_package_successfully.png
2026-06-29 14:35:59 [INFO] Starting test: Create and allocate commission package successfully
2026-06-29 14:35:59 [INFO] ===== Test Execution Started =====
2026-06-29 14:35:59 [INFO] Navigating to login page
2026-06-29 14:36:07 [INFO] Logging in with user: aih.admin@yopmail.com
2026-06-29 14:36:09 [INFO] Validating dashboard
2026-06-29 14:36:09 [INFO] Navigating to Agent tab
2026-06-29 14:36:29 [ERROR] Test failed: Create and allocate commission package successfully
2026-06-29 14:36:29 [ERROR] Failure screenshot saved: C:\Users\shashwat.singh\Desktop\Playwright_Commission_Automation\reports\failure-screenshots\Create_and_allocate_commission_package_successfully.png
2026-06-29 14:39:49 [INFO] Starting test: Create and allocate commission package successfully
2026-06-29 14:39:49 [INFO] ===== Test Execution Started =====
2026-06-29 14:39:49 [INFO] Navigating to login page
2026-06-29 14:39:55 [INFO] Logging in with user: aih.admin@yopmail.com
2026-06-29 14:39:57 [INFO] Validating dashboard
2026-06-29 14:39:57 [INFO] Navigating to Agent tab
2026-06-29 14:40:10 [INFO] Opening Agents dropdown
2026-06-29 14:40:10 [INFO] Selecting Easy Commission
2026-06-29 14:40:11 [INFO] Clicking Settings
2026-06-29 14:40:11 [INFO] Clicking Manage Packages
2026-06-29 14:40:14 [INFO] Validating Commission Packages Page
2026-06-29 14:40:19 [INFO] Clicking Add Package
2026-06-29 14:40:19 [ERROR] Test failed: Create and allocate commission package successfully
2026-06-29 14:40:19 [ERROR] Failure screenshot saved: C:\Users\shashwat.singh\Desktop\Playwright_Commission_Automation\reports\failure-screenshots\Create_and_allocate_commission_package_successfully.png
2026-06-29 14:40:59 [INFO] Starting test: Create and allocate commission package successfully
2026-06-29 14:40:59 [INFO] ===== Test Execution Started =====
2026-06-29 14:40:59 [INFO] Navigating to login page
2026-06-29 14:41:06 [INFO] Logging in with user: aih.admin@yopmail.com
2026-06-29 14:41:08 [INFO] Validating dashboard
2026-06-29 14:41:08 [INFO] Navigating to Agent tab
2026-06-29 14:41:21 [INFO] Opening Agents dropdown
2026-06-29 14:41:21 [INFO] Selecting Easy Commission
2026-06-29 14:41:22 [INFO] Clicking Settings
2026-06-29 14:41:22 [INFO] Clicking Manage Packages
2026-06-29 14:41:25 [INFO] Validating Commission Packages Page
2026-06-29 14:41:28 [ERROR] Test failed: Create and allocate commission package successfully
2026-06-29 14:41:28 [ERROR] Failure screenshot saved: C:\Users\shashwat.singh\Desktop\Playwright_Commission_Automation\reports\failure-screenshots\Create_and_allocate_commission_package_successfully.png
2026-06-29 14:42:24 [INFO] Starting test: Create and allocate commission package successfully
2026-06-29 14:42:24 [INFO] ===== Test Execution Started =====
2026-06-29 14:42:24 [INFO] Navigating to login page
2026-06-29 14:42:30 [INFO] Logging in with user: aih.admin@yopmail.com
2026-06-29 14:42:32 [INFO] Validating dashboard
2026-06-29 14:42:32 [INFO] Navigating to Agent tab
2026-06-29 14:42:44 [INFO] Opening Agents dropdown
2026-06-29 14:42:44 [INFO] Selecting Easy Commission
2026-06-29 14:42:45 [INFO] Clicking Settings
2026-06-29 14:42:46 [INFO] Clicking Manage Packages
2026-06-29 14:42:48 [INFO] Validating Commission Packages Page
2026-06-29 14:42:54 [ERROR] Test failed: Create and allocate commission package successfully
2026-06-29 14:42:54 [ERROR] Failure screenshot saved: C:\Users\shashwat.singh\Desktop\Playwright_Commission_Automation\reports\failure-screenshots\Create_and_allocate_commission_package_successfully.png
2026-06-29 14:43:48 [INFO] Starting test: Create and allocate commission package successfully
2026-06-29 14:43:48 [INFO] ===== Test Execution Started =====
2026-06-29 14:43:48 [INFO] Navigating to login page
2026-06-29 14:43:55 [INFO] Logging in with user: aih.admin@yopmail.com
2026-06-29 14:43:57 [INFO] Validating dashboard
2026-06-29 14:43:57 [INFO] Navigating to Agent tab
2026-06-29 14:44:18 [ERROR] Test failed: Create and allocate commission package successfully
2026-06-29 14:44:18 [ERROR] Failure screenshot saved: C:\Users\shashwat.singh\Desktop\Playwright_Commission_Automation\reports\failure-screenshots\Create_and_allocate_commission_package_successfully.png
2026-06-29 15:05:01 [INFO] Starting test: Create and allocate commission package successfully
2026-06-29 15:05:01 [INFO] ===== Test Execution Started =====
2026-06-29 15:05:01 [INFO] Navigating to login page
2026-06-29 15:05:07 [INFO] Logging in with user: aih.admin@yopmail.com
2026-06-29 15:05:09 [INFO] Validating dashboard
2026-06-29 15:05:09 [INFO] Navigating to Agent tab
2026-06-29 15:05:21 [INFO] Opening Agents dropdown
2026-06-29 15:05:22 [INFO] Selecting Easy Commission
2026-06-29 15:05:23 [INFO] Clicking Settings
2026-06-29 15:05:23 [INFO] Clicking Manage Packages
2026-06-29 15:05:25 [INFO] Validating Commission Packages Page
2026-06-29 15:05:30 [ERROR] Test failed: Create and allocate commission package successfully
2026-06-29 15:05:30 [ERROR] Failure screenshot saved: C:\Users\shashwat.singh\Desktop\Playwright_Commission_Automation\reports\failure-screenshots\Create_and_allocate_commission_package_successfully.png
2026-06-29 15:20:41 [INFO] Starting test: Create and allocate commission package successfully
2026-06-29 15:20:41 [INFO] ===== Test Execution Started =====
2026-06-29 15:20:41 [INFO] Navigating to login page
2026-06-29 15:20:48 [INFO] Logging in with user: aih.admin@yopmail.com
2026-06-29 15:20:50 [INFO] Validating dashboard
2026-06-29 15:20:50 [INFO] Navigating to Agent tab
2026-06-29 15:21:08 [INFO] Opening Agents dropdown
2026-06-29 15:21:08 [INFO] Selecting Easy Commission
2026-06-29 15:21:09 [INFO] Clicking Settings
2026-06-29 15:21:10 [INFO] Clicking Manage Packages
2026-06-29 15:21:12 [INFO] Validating Commission Packages Page
2026-06-29 15:21:12 [ERROR] Test failed: Create and allocate commission package successfully
2026-06-29 15:21:12 [ERROR] Failure screenshot saved: C:\Users\shashwat.singh\Desktop\Playwright_Commission_Automation\reports\failure-screenshots\Create_and_allocate_commission_package_successfully.png
2026-06-29 15:21:54 [INFO] Starting test: Create and allocate commission package successfully
2026-06-29 15:21:54 [INFO] ===== Test Execution Started =====
2026-06-29 15:21:54 [INFO] Navigating to login page
2026-06-29 15:22:03 [INFO] Logging in with user: aih.admin@yopmail.com
2026-06-29 15:22:05 [INFO] Validating dashboard
2026-06-29 15:22:05 [INFO] Navigating to Agent tab
2026-06-29 15:22:18 [INFO] Opening Agents dropdown
2026-06-29 15:22:18 [INFO] Selecting Easy Commission
2026-06-29 15:22:19 [INFO] Clicking Settings
2026-06-29 15:22:19 [INFO] Clicking Manage Packages
2026-06-29 15:22:22 [INFO] Validating Commission Packages Page
2026-06-29 15:22:24 [ERROR] Test failed: Create and allocate commission package successfully
2026-06-29 15:22:24 [ERROR] Failure screenshot saved: C:\Users\shashwat.singh\Desktop\Playwright_Commission_Automation\reports\failure-screenshots\Create_and_allocate_commission_package_successfully.png
2026-06-29 15:24:19 [INFO] Starting test: Create and allocate commission package successfully
2026-06-29 15:24:19 [INFO] ===== Test Execution Started =====
2026-06-29 15:24:19 [INFO] Navigating to login page
2026-06-29 15:24:26 [INFO] Logging in with user: aih.admin@yopmail.com
2026-06-29 15:24:28 [INFO] Validating dashboard
2026-06-29 15:24:28 [INFO] Navigating to Agent tab
2026-06-29 15:24:44 [INFO] Opening Agents dropdown
2026-06-29 15:24:44 [INFO] Selecting Easy Commission
2026-06-29 15:24:45 [INFO] Clicking Settings
2026-06-29 15:24:45 [INFO] Clicking Manage Packages
2026-06-29 15:24:47 [INFO] Validating Commission Packages Page
2026-06-29 15:24:49 [ERROR] Test failed: Create and allocate commission package successfully
2026-06-29 15:24:49 [ERROR] Failure screenshot saved: C:\Users\shashwat.singh\Desktop\Playwright_Commission_Automation\reports\failure-screenshots\Create_and_allocate_commission_package_successfully.png
2026-06-29 15:25:42 [INFO] Starting test: Create and allocate commission package successfully
2026-06-29 15:25:42 [INFO] ===== Test Execution Started =====
2026-06-29 15:25:42 [INFO] Navigating to login page
2026-06-29 15:25:47 [INFO] Logging in with user: aih.admin@yopmail.com
2026-06-29 15:25:49 [INFO] Validating dashboard
2026-06-29 15:25:49 [INFO] Navigating to Agent tab
2026-06-29 15:26:12 [ERROR] Test failed: Create and allocate commission package successfully
2026-06-29 15:26:12 [ERROR] Failure screenshot saved: C:\Users\shashwat.singh\Desktop\Playwright_Commission_Automation\reports\failure-screenshots\Create_and_allocate_commission_package_successfully.png
2026-06-29 15:30:42 [INFO] Starting test: Create and allocate commission package successfully
2026-06-29 15:30:42 [INFO] ===== Test Execution Started =====
2026-06-29 15:30:42 [INFO] Navigating to login page
2026-06-29 15:30:48 [INFO] Logging in with user: aih.admin@yopmail.com
2026-06-29 15:30:49 [INFO] Validating dashboard
2026-06-29 15:30:49 [INFO] Navigating to Agent tab
2026-06-29 15:31:00 [INFO] Opening Agents dropdown
2026-06-29 15:31:00 [INFO] Selecting Easy Commission
2026-06-29 15:31:01 [INFO] Clicking Settings
2026-06-29 15:31:02 [INFO] Clicking Manage Packages
2026-06-29 15:31:04 [INFO] Validating Commission Packages Page
2026-06-29 15:31:07 [ERROR] Test failed: Create and allocate commission package successfully
2026-06-29 15:31:07 [ERROR] Failure screenshot saved: C:\Users\shashwat.singh\Desktop\Playwright_Commission_Automation\reports\failure-screenshots\Create_and_allocate_commission_package_successfully.png
2026-06-29 15:52:48 [INFO] Starting test: Create and allocate commission package successfully
2026-06-29 15:52:48 [INFO] ===== Test Execution Started =====
2026-06-29 15:52:48 [INFO] Navigating to login page
2026-06-29 15:52:56 [INFO] Logging in with user: aih.admin@yopmail.com
2026-06-29 15:53:01 [INFO] Validating dashboard
2026-06-29 15:53:01 [ERROR] Test failed: Create and allocate commission package successfully
2026-06-29 15:53:01 [ERROR] Failure screenshot saved: C:\Users\shashwat.singh\Desktop\Playwright_Commission_Automation\reports\failure-screenshots\Create_and_allocate_commission_package_successfully.png
2026-06-29 15:54:06 [INFO] Starting test: Create and allocate commission package successfully
2026-06-29 15:54:06 [INFO] ===== Test Execution Started =====
2026-06-29 15:54:06 [INFO] Navigating to login page
2026-06-29 15:54:15 [INFO] Logging in with user: aih.admin@yopmail.com
2026-06-29 15:54:17 [INFO] Validating dashboard
2026-06-29 15:54:17 [ERROR] Test failed: Create and allocate commission package successfully
2026-06-29 15:54:17 [ERROR] Failure screenshot saved: C:\Users\shashwat.singh\Desktop\Playwright_Commission_Automation\reports\failure-screenshots\Create_and_allocate_commission_package_successfully.png
2026-06-29 15:57:31 [INFO] Starting test: Create and allocate commission package successfully
2026-06-29 15:57:31 [INFO] ===== Test Execution Started =====
2026-06-29 15:57:31 [INFO] Navigating to login page
2026-06-29 15:57:38 [INFO] Logging in with user: aih.admin@yopmail.com
2026-06-29 15:57:39 [INFO] Validating dashboard
2026-06-29 15:57:40 [ERROR] Test failed: Create and allocate commission package successfully
2026-06-29 15:57:40 [ERROR] Failure screenshot saved: C:\Users\shashwat.singh\Desktop\Playwright_Commission_Automation\reports\failure-screenshots\Create_and_allocate_commission_package_successfully.png
2026-06-29 16:02:36 [INFO] Starting test: Create and allocate commission package successfully
2026-06-29 16:02:36 [INFO] ===== Test Execution Started =====
2026-06-29 16:02:36 [INFO] Navigating to login page
2026-06-29 16:02:42 [INFO] Logging in with user: aih.admin@yopmail.com
2026-06-29 16:02:44 [INFO] Validating dashboard
2026-06-29 16:02:44 [ERROR] Test failed: Create and allocate commission package successfully
2026-06-29 16:02:44 [ERROR] Failure screenshot saved: C:\Users\shashwat.singh\Desktop\Playwright_Commission_Automation\reports\failure-screenshots\Create_and_allocate_commission_package_successfully.png
2026-06-29 16:03:42 [INFO] Starting test: Create and allocate commission package successfully
2026-06-29 16:03:42 [INFO] ===== Test Execution Started =====
2026-06-29 16:03:42 [INFO] Navigating to login page
2026-06-29 16:03:47 [INFO] Logging in with user: aih.admin@yopmail.com
2026-06-29 16:03:48 [INFO] Validating dashboard
2026-06-29 16:03:48 [INFO] Navigating to Agent tab
2026-06-29 16:04:05 [ERROR] Test failed: Create and allocate commission package successfully
2026-06-29 16:04:05 [ERROR] Failure screenshot saved: C:\Users\shashwat.singh\Desktop\Playwright_Commission_Automation\reports\failure-screenshots\Create_and_allocate_commission_package_successfully.png
2026-06-29 16:08:16 [INFO] Starting test: Create and allocate commission package successfully
2026-06-29 16:08:16 [INFO] ===== Test Execution Started =====
2026-06-29 16:08:16 [INFO] Navigating to login page
2026-06-29 16:08:23 [INFO] Logging in with user: aih.admin@yopmail.com
2026-06-29 16:08:25 [INFO] Validating dashboard
2026-06-29 16:08:25 [INFO] Navigating to Agent tab
2026-06-29 16:08:38 [ERROR] Test failed: Create and allocate commission package successfully
2026-06-29 16:08:38 [ERROR] Failure screenshot saved: C:\Users\shashwat.singh\Desktop\Playwright_Commission_Automation\reports\failure-screenshots\Create_and_allocate_commission_package_successfully.png
2026-06-29 16:55:09 [INFO] Starting test: Create and allocate commission package successfully
2026-06-29 16:55:09 [INFO] ===== Test Execution Started =====
2026-06-29 16:55:09 [INFO] Navigating to login page
2026-06-29 16:55:15 [INFO] Logging in with user: aih.admin@yopmail.com
2026-06-29 16:55:17 [INFO] Validating dashboard
2026-06-29 16:55:17 [INFO] Navigating to Agent tab
2026-06-29 16:55:27 [INFO] Opening Agents dropdown
2026-06-29 16:55:27 [INFO] Selecting Easy Commission
2026-06-29 16:55:39 [ERROR] Test failed: Create and allocate commission package successfully
2026-06-29 16:55:39 [ERROR] Failure screenshot saved: C:\Users\shashwat.singh\Desktop\Playwright_Commission_Automation\reports\failure-screenshots\Create_and_allocate_commission_package_successfully.png
2026-06-29 16:57:39 [INFO] Starting test: Create and allocate commission package successfully
2026-06-29 16:57:39 [INFO] ===== Test Execution Started =====
2026-06-29 16:57:39 [INFO] Navigating to login page
2026-06-29 16:57:45 [INFO] Logging in with user: aih.admin@yopmail.com
2026-06-29 16:57:47 [INFO] Validating dashboard
2026-06-29 16:57:47 [INFO] Navigating to Agent tab
2026-06-29 16:57:58 [INFO] Opening Agents dropdown
2026-06-29 16:57:59 [INFO] Selecting Easy Commission
2026-06-29 16:58:00 [INFO] Clicking Settings
2026-06-29 16:58:00 [INFO] Clicking Manage Packages
2026-06-29 16:58:02 [INFO] Validating Commission Packages Page
2026-06-29 16:58:08 [ERROR] Test failed: Create and allocate commission package successfully
2026-06-29 16:58:08 [ERROR] Failure screenshot saved: C:\Users\shashwat.singh\Desktop\Playwright_Commission_Automation\reports\failure-screenshots\Create_and_allocate_commission_package_successfully.png
2026-06-29 16:59:15 [INFO] Starting test: Create and allocate commission package successfully
2026-06-29 16:59:15 [INFO] ===== Test Execution Started =====
2026-06-29 16:59:15 [INFO] Navigating to login page
2026-06-29 16:59:19 [INFO] Logging in with user: aih.admin@yopmail.com
2026-06-29 16:59:21 [INFO] Validating dashboard
2026-06-29 16:59:21 [INFO] Navigating to Agent tab
2026-06-29 16:59:31 [INFO] Opening Agents dropdown
2026-06-29 16:59:32 [INFO] Selecting Easy Commission
2026-06-29 16:59:33 [INFO] Clicking Settings
2026-06-29 16:59:33 [INFO] Clicking Manage Packages
2026-06-29 16:59:35 [INFO] Validating Commission Packages Page
2026-06-29 16:59:40 [INFO] Clicking Add Package
2026-06-29 16:59:40 [INFO] Entering package name: AT Test Package
2026-06-29 16:59:42 [INFO] Entering description: Playwright automation created package
2026-06-29 16:59:42 [INFO] Selecting current date from calendar
2026-06-29 16:59:42 [INFO] Clicking Done
2026-06-29 16:59:42 [INFO] Searching package: AT Test Package
2026-06-29 16:59:42 [INFO] Opening first result
2026-06-29 16:59:44 [ERROR] Test failed: Create and allocate commission package successfully
2026-06-29 16:59:44 [ERROR] Failure screenshot saved: C:\Users\shashwat.singh\Desktop\Playwright_Commission_Automation\reports\failure-screenshots\Create_and_allocate_commission_package_successfully.png
2026-06-29 17:07:56 [INFO] Starting test: Create and allocate commission package successfully
2026-06-29 17:07:56 [INFO] ===== Test Execution Started =====
2026-06-29 17:07:56 [INFO] Navigating to login page
2026-06-29 17:08:03 [INFO] Logging in with user: aih.admin@yopmail.com
2026-06-29 17:08:04 [INFO] Validating dashboard
2026-06-29 17:08:04 [INFO] Navigating to Agent tab
2026-06-29 17:08:15 [INFO] Opening Agents dropdown
2026-06-29 17:08:16 [INFO] Selecting Easy Commission
2026-06-29 17:08:16 [INFO] Clicking Settings
2026-06-29 17:08:17 [INFO] Clicking Manage Packages
2026-06-29 17:08:19 [INFO] Validating Commission Packages Page
2026-06-29 17:08:24 [INFO] Clicking Add Package
2026-06-29 17:08:24 [INFO] Entering package name: AT Test Package
2026-06-29 17:08:25 [INFO] Entering description: Playwright automation created package
2026-06-29 17:08:26 [INFO] Selecting current date from calendar
2026-06-29 17:08:26 [INFO] Clicking Done
2026-06-29 17:08:26 [ERROR] Test failed: Create and allocate commission package successfully
2026-06-29 17:08:26 [ERROR] Failure screenshot saved: C:\Users\shashwat.singh\Desktop\Playwright_Commission_Automation\reports\failure-screenshots\Create_and_allocate_commission_package_successfully.png
2026-06-29 17:08:46 [INFO] Starting test: Create and allocate commission package successfully
2026-06-29 17:08:46 [INFO] ===== Test Execution Started =====
2026-06-29 17:08:46 [INFO] Navigating to login page
2026-06-29 17:08:51 [INFO] Logging in with user: aih.admin@yopmail.com
2026-06-29 17:08:52 [INFO] Validating dashboard
2026-06-29 17:08:52 [INFO] Navigating to Agent tab
2026-06-29 17:09:03 [INFO] Opening Agents dropdown
2026-06-29 17:09:03 [INFO] Selecting Easy Commission
2026-06-29 17:09:04 [INFO] Clicking Settings
2026-06-29 17:09:04 [INFO] Clicking Manage Packages
2026-06-29 17:09:06 [INFO] Validating Commission Packages Page
2026-06-29 17:09:11 [INFO] Clicking Add Package
2026-06-29 17:09:11 [INFO] Entering package name: AT Test Package
2026-06-29 17:09:12 [INFO] Entering description: Playwright automation created package
2026-06-29 17:09:12 [INFO] Selecting current date from calendar
2026-06-29 17:09:12 [INFO] Clicking Done
2026-06-29 17:09:12 [INFO] Searching package: AT Test Package
2026-06-29 17:09:12 [INFO] Opening first result
2026-06-29 17:09:15 [INFO] Clicking Arrow button
2026-06-29 17:09:15 [ERROR] Test failed: Create and allocate commission package successfully
2026-06-29 17:09:15 [ERROR] Failure screenshot saved: C:\Users\shashwat.singh\Desktop\Playwright_Commission_Automation\reports\failure-screenshots\Create_and_allocate_commission_package_successfully.png
2026-06-29 17:20:23 [INFO] Starting test: Create and allocate commission package successfully
2026-06-29 17:20:23 [INFO] ===== Test Execution Started =====
2026-06-29 17:20:23 [INFO] Navigating to login page
2026-06-29 17:20:29 [INFO] Logging in with user: aih.admin@yopmail.com
2026-06-29 17:20:30 [INFO] Validating dashboard
2026-06-29 17:20:30 [INFO] Navigating to Agent tab
2026-06-29 17:20:40 [INFO] Opening Agents dropdown
2026-06-29 17:20:40 [INFO] Selecting Easy Commission
2026-06-29 17:20:53 [ERROR] Test failed: Create and allocate commission package successfully
2026-06-29 17:20:53 [ERROR] Failure screenshot saved: C:\Users\shashwat.singh\Desktop\Playwright_Commission_Automation\reports\failure-screenshots\Create_and_allocate_commission_package_successfully.png
2026-06-29 22:26:33 [INFO] Starting test: Create and allocate commission package successfully
2026-06-29 22:26:33 [INFO] ===== Test Execution Started =====
2026-06-29 22:26:33 [INFO] Navigating to login page
2026-06-29 22:26:47 [INFO] Logging in with user: aih.admin@yopmail.com
2026-06-29 22:26:52 [INFO] Validating dashboard
2026-06-29 22:26:52 [INFO] Navigating to Agent tab
2026-06-29 22:27:02 [ERROR] Test failed: Create and allocate commission package successfully
2026-06-29 22:27:02 [ERROR] Failure screenshot saved: C:\Users\shashwat.singh\Desktop\Playwright_Commission_Automation\reports\failure-screenshots\Create_and_allocate_commission_package_successfully.png
2026-06-29 22:28:01 [INFO] Starting test: Create and allocate commission package successfully
2026-06-29 22:28:01 [INFO] ===== Test Execution Started =====
2026-06-29 22:28:01 [INFO] Navigating to login page
2026-06-29 22:28:10 [INFO] Logging in with user: aih.admin@yopmail.com
2026-06-29 22:28:12 [INFO] Validating dashboard
2026-06-29 22:28:12 [INFO] Navigating to Agent tab
2026-06-29 22:28:23 [ERROR] Test failed: Create and allocate commission package successfully
2026-06-29 22:28:23 [ERROR] Failure screenshot saved: C:\Users\shashwat.singh\Desktop\Playwright_Commission_Automation\reports\failure-screenshots\Create_and_allocate_commission_package_successfully.png
2026-06-29 22:28:48 [INFO] Starting test: Create and allocate commission package successfully
2026-06-29 22:28:48 [INFO] ===== Test Execution Started =====
2026-06-29 22:28:48 [INFO] Navigating to login page
2026-06-29 22:28:58 [INFO] Logging in with user: aih.admin@yopmail.com
2026-06-29 22:29:00 [INFO] Validating dashboard
2026-06-29 22:29:00 [INFO] Navigating to Agent tab
2026-06-29 22:29:10 [ERROR] Test failed: Create and allocate commission package successfully
2026-06-29 22:29:10 [ERROR] Failure screenshot saved: C:\Users\shashwat.singh\Desktop\Playwright_Commission_Automation\reports\failure-screenshots\Create_and_allocate_commission_package_successfully.png
2026-06-29 22:29:33 [INFO] Starting test: Create and allocate commission package successfully
2026-06-29 22:29:33 [INFO] ===== Test Execution Started =====
2026-06-29 22:29:33 [INFO] Navigating to login page
2026-06-29 22:29:44 [INFO] Logging in with user: aih.admin@yopmail.com
2026-06-29 22:29:46 [INFO] Validating dashboard
2026-06-29 22:29:46 [INFO] Navigating to Agent tab
2026-06-29 22:29:57 [ERROR] Test failed: Create and allocate commission package successfully
2026-06-29 22:29:57 [ERROR] Failure screenshot saved: C:\Users\shashwat.singh\Desktop\Playwright_Commission_Automation\reports\failure-screenshots\Create_and_allocate_commission_package_successfully.png
2026-06-29 22:32:20 [INFO] Starting test: Create and allocate commission package successfully
2026-06-29 22:32:20 [INFO] ===== Test Execution Started =====
2026-06-29 22:32:20 [INFO] Navigating to login page
2026-06-29 22:32:31 [INFO] Logging in with user: aih.admin@yopmail.com
2026-06-29 22:32:33 [INFO] Validating dashboard
2026-06-29 22:32:33 [INFO] Navigating to Agent tab
2026-06-29 22:32:43 [ERROR] Test failed: Create and allocate commission package successfully
2026-06-29 22:32:43 [ERROR] Failure screenshot saved: C:\Users\shashwat.singh\Desktop\Playwright_Commission_Automation\reports\failure-screenshots\Create_and_allocate_commission_package_successfully.png
2026-06-29 22:34:00 [INFO] Starting test: Create and allocate commission package successfully
2026-06-29 22:34:00 [INFO] ===== Test Execution Started =====
2026-06-29 22:34:00 [INFO] Navigating to login page
2026-06-29 22:34:09 [INFO] Logging in with user: aih.admin@yopmail.com
2026-06-29 22:34:18 [INFO] Validating dashboard
2026-06-29 22:34:18 [INFO] Navigating to Agent tab
2026-06-29 22:34:28 [ERROR] Test failed: Create and allocate commission package successfully
2026-06-29 22:34:28 [ERROR] Failure screenshot saved: C:\Users\shashwat.singh\Desktop\Playwright_Commission_Automation\reports\failure-screenshots\Create_and_allocate_commission_package_successfully.png
2026-06-29 22:34:50 [INFO] Starting test: Create and allocate commission package successfully
2026-06-29 22:34:50 [INFO] ===== Test Execution Started =====
2026-06-29 22:34:50 [INFO] Navigating to login page
2026-06-29 22:34:59 [INFO] Logging in with user: aih.admin@yopmail.com
2026-06-29 22:35:00 [INFO] Validating dashboard
2026-06-29 22:35:00 [INFO] Navigating to Agent tab
2026-06-29 22:35:10 [ERROR] Test failed: Create and allocate commission package successfully
2026-06-29 22:35:10 [ERROR] Failure screenshot saved: C:\Users\shashwat.singh\Desktop\Playwright_Commission_Automation\reports\failure-screenshots\Create_and_allocate_commission_package_successfully.png
2026-06-29 22:37:00 [INFO] Starting test: Create and allocate commission package successfully
2026-06-29 22:37:00 [INFO] ===== Test Execution Started =====
2026-06-29 22:37:00 [INFO] Navigating to login page
2026-06-29 22:37:09 [INFO] Logging in with user: aih.admin@yopmail.com
2026-06-29 22:37:10 [INFO] Validating dashboard
2026-06-29 22:37:10 [INFO] Navigating to Agent tab
2026-06-29 22:37:20 [ERROR] Test failed: Create and allocate commission package successfully
2026-06-29 22:37:20 [ERROR] Failure screenshot saved: C:\Users\shashwat.singh\Desktop\Playwright_Commission_Automation\reports\failure-screenshots\Create_and_allocate_commission_package_successfully.png
2026-06-29 22:38:41 [INFO] Starting test: Create and allocate commission package successfully
2026-06-29 22:38:41 [INFO] ===== Test Execution Started =====
2026-06-29 22:38:41 [INFO] Navigating to login page
2026-06-29 22:38:49 [INFO] Logging in with user: aih.admin@yopmail.com
2026-06-29 22:38:50 [INFO] Validating dashboard
2026-06-29 22:38:50 [INFO] Navigating to Agent tab
2026-06-29 22:39:05 [ERROR] Test failed: Create and allocate commission package successfully
2026-06-29 22:39:05 [ERROR] Failure screenshot saved: C:\Users\shashwat.singh\Desktop\Playwright_Commission_Automation\reports\failure-screenshots\Create_and_allocate_commission_package_successfully.png
2026-06-29 22:48:30 [INFO] Starting test: Create and allocate commission package successfully
2026-06-29 22:48:30 [INFO] ===== Test Execution Started =====
2026-06-29 22:48:30 [INFO] Navigating to login page
2026-06-29 22:48:38 [INFO] Logging in with user: aih.admin@yopmail.com
2026-06-29 22:48:39 [INFO] Validating dashboard
2026-06-29 22:48:39 [INFO] Navigating to Agent tab
2026-06-29 22:48:51 [ERROR] Test failed: Create and allocate commission package successfully
2026-06-29 22:48:51 [ERROR] Failure screenshot saved: C:\Users\shashwat.singh\Desktop\Playwright_Commission_Automation\reports\failure-screenshots\Create_and_allocate_commission_package_successfully.png
2026-06-29 22:49:28 [INFO] Starting test: Create and allocate commission package successfully
2026-06-29 22:49:28 [INFO] ===== Test Execution Started =====
2026-06-29 22:49:28 [INFO] Navigating to login page
2026-06-29 22:49:36 [INFO] Logging in with user: aih.admin@yopmail.com
2026-06-29 22:49:38 [INFO] Validating dashboard
2026-06-29 22:49:38 [INFO] Navigating to Agent tab
2026-06-29 22:49:48 [ERROR] Test failed: Create and allocate commission package successfully
2026-06-29 22:49:48 [ERROR] Failure screenshot saved: C:\Users\shashwat.singh\Desktop\Playwright_Commission_Automation\reports\failure-screenshots\Create_and_allocate_commission_package_successfully.png
2026-06-29 22:51:53 [INFO] Starting test: Create and allocate commission package successfully
2026-06-29 22:51:53 [INFO] ===== Test Execution Started =====
2026-06-29 22:51:53 [INFO] Navigating to login page
2026-06-29 22:52:01 [INFO] Logging in with user: aih.admin@yopmail.com
2026-06-29 22:52:02 [INFO] Validating dashboard
2026-06-29 22:52:02 [INFO] Navigating to Agent tab
2026-06-29 22:52:17 [ERROR] Test failed: Create and allocate commission package successfully
2026-06-29 22:52:17 [ERROR] Failure screenshot saved: C:\Users\shashwat.singh\Desktop\Playwright_Commission_Automation\reports\failure-screenshots\Create_and_allocate_commission_package_successfully.png
2026-06-29 22:53:34 [INFO] Starting test: Create and allocate commission package successfully
2026-06-29 22:53:34 [INFO] ===== Test Execution Started =====
2026-06-29 22:53:34 [INFO] Navigating to login page
2026-06-29 22:53:42 [INFO] Logging in with user: aih.admin@yopmail.com
2026-06-29 22:53:44 [INFO] Validating dashboard
2026-06-29 22:53:44 [INFO] Navigating to Agent tab
2026-06-29 22:53:45 [ERROR] Test failed: Create and allocate commission package successfully
2026-06-29 22:53:45 [ERROR] Failure screenshot saved: C:\Users\shashwat.singh\Desktop\Playwright_Commission_Automation\reports\failure-screenshots\Create_and_allocate_commission_package_successfully.png
2026-06-29 22:54:35 [INFO] Starting test: Create and allocate commission package successfully
2026-06-29 22:54:35 [INFO] ===== Test Execution Started =====
2026-06-29 22:54:35 [INFO] Navigating to login page
2026-06-29 22:54:44 [INFO] Logging in with user: aih.admin@yopmail.com
2026-06-29 22:54:44 [INFO] Validating dashboard
2026-06-29 22:54:44 [INFO] Navigating to Agent tab
2026-06-29 22:54:55 [ERROR] Test failed: Create and allocate commission package successfully
2026-06-29 22:54:55 [ERROR] Failure screenshot saved: C:\Users\shashwat.singh\Desktop\Playwright_Commission_Automation\reports\failure-screenshots\Create_and_allocate_commission_package_successfully.png
2026-06-29 22:55:50 [INFO] Starting test: Create and allocate commission package successfully
2026-06-29 22:55:50 [INFO] ===== Test Execution Started =====
2026-06-29 22:55:50 [INFO] Navigating to login page
2026-06-29 22:56:00 [INFO] Logging in with user: aih.admin@yopmail.com
2026-06-29 22:56:18 [INFO] Validating dashboard
2026-06-29 22:56:18 [INFO] Navigating to Agent tab
2026-06-29 22:56:18 [INFO] Opening Agents dropdown
2026-06-29 22:56:18 [INFO] Selecting Easy Commission
2026-06-29 22:56:19 [INFO] Clicking Settings
2026-06-29 22:56:19 [INFO] Clicking Manage Packages
2026-06-29 22:56:19 [ERROR] Test failed: Create and allocate commission package successfully
2026-06-29 22:56:19 [ERROR] Failure screenshot saved: C:\Users\shashwat.singh\Desktop\Playwright_Commission_Automation\reports\failure-screenshots\Create_and_allocate_commission_package_successfully.png
2026-06-29 23:01:51 [INFO] Starting test: Create and allocate commission package successfully
2026-06-29 23:01:51 [INFO] ===== Test Execution Started =====
2026-06-29 23:01:51 [INFO] Navigating to login page
2026-06-29 23:02:01 [INFO] Logging in with user: aih.admin@yopmail.com
2026-06-29 23:02:17 [INFO] Validating dashboard
2026-06-29 23:02:17 [INFO] Navigating to Agent tab
2026-06-29 23:02:17 [INFO] Opening Agents dropdown
2026-06-29 23:02:17 [INFO] Selecting Easy Commission
2026-06-29 23:02:18 [INFO] Clicking Settings
2026-06-29 23:02:18 [INFO] Clicking Manage Packages
2026-06-29 23:02:19 [INFO] Validating Commission Packages Page
2026-06-29 23:03:46 [INFO] Starting test: Create and allocate commission package successfully
2026-06-29 23:03:46 [INFO] ===== Test Execution Started =====
2026-06-29 23:03:46 [INFO] Navigating to login page
2026-06-29 23:03:56 [INFO] Logging in with user: aih.admin@yopmail.com
2026-06-29 23:04:11 [INFO] Validating dashboard
2026-06-29 23:04:11 [INFO] Navigating to Agent tab
2026-06-29 23:04:12 [INFO] Opening Agents dropdown
2026-06-29 23:04:12 [INFO] Selecting Easy Commission
2026-06-29 23:04:13 [INFO] Clicking Settings
2026-06-29 23:04:13 [INFO] Clicking Manage Packages
2026-06-29 23:04:14 [INFO] Validating Commission Packages Page
2026-06-29 23:06:29 [INFO] Starting test: Create and allocate commission package successfully
2026-06-29 23:06:29 [INFO] ===== Test Execution Started =====
2026-06-29 23:06:29 [INFO] Navigating to login page
2026-06-29 23:06:39 [INFO] Logging in with user: aih.admin@yopmail.com
2026-06-29 23:07:01 [ERROR] Test failed: Create and allocate commission package successfully
2026-06-29 23:07:01 [ERROR] Failure screenshot saved: C:\Users\shashwat.singh\Desktop\Playwright_Commission_Automation\reports\failure-screenshots\Create_and_allocate_commission_package_successfully.png
2026-06-29 23:09:16 [INFO] Starting test: Create and allocate commission package successfully
2026-06-29 23:09:17 [INFO] ===== Test Execution Started =====
2026-06-29 23:09:17 [INFO] Navigating to login page
2026-06-29 23:09:25 [INFO] Logging in with user: aih.admin@yopmail.com
2026-06-29 23:09:27 [INFO] Validating dashboard
2026-06-29 23:09:27 [INFO] Navigating to Agent tab
2026-06-29 23:09:37 [ERROR] Test failed: Create and allocate commission package successfully
2026-06-29 23:09:37 [ERROR] Failure screenshot saved: C:\Users\shashwat.singh\Desktop\Playwright_Commission_Automation\reports\failure-screenshots\Create_and_allocate_commission_package_successfully.png
2026-06-29 23:10:06 [INFO] Starting test: Create and allocate commission package successfully
2026-06-29 23:10:06 [INFO] ===== Test Execution Started =====
2026-06-29 23:10:06 [INFO] Navigating to login page
2026-06-29 23:10:15 [INFO] Logging in with user: aih.admin@yopmail.com
2026-06-29 23:10:15 [INFO] Validating dashboard
2026-06-29 23:10:16 [INFO] Navigating to Agent tab
2026-06-29 23:10:27 [INFO] Opening Agents dropdown
2026-06-29 23:10:28 [INFO] Selecting Easy Commission
2026-06-29 23:10:36 [ERROR] Test failed: Create and allocate commission package successfully
2026-06-29 23:10:36 [ERROR] Failure screenshot saved: C:\Users\shashwat.singh\Desktop\Playwright_Commission_Automation\reports\failure-screenshots\Create_and_allocate_commission_package_successfully.png
2026-06-29 23:10:59 [INFO] Starting test: Create and allocate commission package successfully
2026-06-29 23:10:59 [INFO] ===== Test Execution Started =====
2026-06-29 23:10:59 [INFO] Navigating to login page
2026-06-29 23:11:08 [INFO] Logging in with user: aih.admin@yopmail.com
2026-06-29 23:11:08 [INFO] Validating dashboard
2026-06-29 23:11:08 [INFO] Navigating to Agent tab
2026-06-29 23:11:19 [ERROR] Test failed: Create and allocate commission package successfully
2026-06-29 23:11:19 [ERROR] Failure screenshot saved: C:\Users\shashwat.singh\Desktop\Playwright_Commission_Automation\reports\failure-screenshots\Create_and_allocate_commission_package_successfully.png
2026-06-29 23:12:23 [INFO] Starting test: Create and allocate commission package successfully
2026-06-29 23:12:23 [INFO] ===== Test Execution Started =====
2026-06-29 23:12:23 [INFO] Navigating to login page
2026-06-29 23:12:31 [INFO] Logging in with user: aih.admin@yopmail.com
2026-06-29 23:12:32 [INFO] Validating dashboard
2026-06-29 23:12:32 [INFO] Navigating to Agent tab
2026-06-29 23:12:43 [ERROR] Test failed: Create and allocate commission package successfully
2026-06-29 23:12:43 [ERROR] Failure screenshot saved: C:\Users\shashwat.singh\Desktop\Playwright_Commission_Automation\reports\failure-screenshots\Create_and_allocate_commission_package_successfully.png
2026-06-29 23:14:41 [INFO] Starting test: Create and allocate commission package successfully
2026-06-29 23:14:41 [INFO] ===== Test Execution Started =====
2026-06-29 23:14:41 [INFO] Navigating to login page
2026-06-29 23:14:51 [INFO] Logging in with user: aih.admin@yopmail.com
2026-06-29 23:14:52 [INFO] Validating dashboard
2026-06-29 23:14:52 [INFO] Navigating to Agent tab
2026-06-29 23:15:03 [ERROR] Test failed: Create and allocate commission package successfully
2026-06-29 23:15:03 [ERROR] Failure screenshot saved: C:\Users\shashwat.singh\Desktop\Playwright_Commission_Automation\reports\failure-screenshots\Create_and_allocate_commission_package_successfully.png
2026-06-29 23:16:14 [INFO] Starting test: Create and allocate commission package successfully
2026-06-29 23:16:14 [INFO] ===== Test Execution Started =====
2026-06-29 23:16:14 [INFO] Navigating to login page
2026-06-29 23:16:23 [ERROR] Test failed: Create and allocate commission package successfully
2026-06-29 23:16:23 [ERROR] Failure screenshot saved: C:\Users\shashwat.singh\Desktop\Playwright_Commission_Automation\reports\failure-screenshots\Create_and_allocate_commission_package_successfully.png
2026-06-29 23:18:44 [INFO] Starting test: Create and allocate commission package successfully
2026-06-29 23:18:44 [INFO] ===== Test Execution Started =====
2026-06-29 23:18:44 [INFO] Navigating to login page
2026-06-29 23:18:55 [INFO] Logging in with user: aih.admin@yopmail.com
2026-06-29 23:18:56 [INFO] Validating dashboard
2026-06-29 23:18:56 [INFO] Navigating to Agent tab
2026-06-29 23:19:08 [INFO] Opening Agents dropdown
2026-06-29 23:19:08 [INFO] Selecting Easy Commission
2026-06-29 23:19:14 [ERROR] Test failed: Create and allocate commission package successfully
2026-06-29 23:19:14 [ERROR] Failure screenshot saved: C:\Users\shashwat.singh\Desktop\Playwright_Commission_Automation\reports\failure-screenshots\Create_and_allocate_commission_package_successfully.png
2026-06-29 23:19:36 [INFO] Starting test: Create and allocate commission package successfully
2026-06-29 23:19:36 [INFO] ===== Test Execution Started =====
2026-06-29 23:19:36 [INFO] Navigating to login page
2026-06-29 23:19:45 [INFO] Logging in with user: aih.admin@yopmail.com
2026-06-29 23:19:45 [INFO] Validating dashboard
2026-06-29 23:19:46 [INFO] Navigating to Agent tab
2026-06-29 23:19:56 [ERROR] Test failed: Create and allocate commission package successfully
2026-06-29 23:19:56 [ERROR] Failure screenshot saved: C:\Users\shashwat.singh\Desktop\Playwright_Commission_Automation\reports\failure-screenshots\Create_and_allocate_commission_package_successfully.png
2026-06-29 23:22:53 [INFO] Starting test: Create and allocate commission package successfully
2026-06-29 23:22:53 [INFO] ===== Test Execution Started =====
2026-06-29 23:22:53 [INFO] Navigating to login page
2026-06-29 23:23:02 [INFO] Logging in with user: aih.admin@yopmail.com
2026-06-29 23:23:03 [INFO] Validating dashboard
2026-06-29 23:23:03 [INFO] Navigating to Agent tab
2026-06-29 23:23:04 [ERROR] Test failed: Create and allocate commission package successfully
2026-06-29 23:23:04 [ERROR] Failure screenshot saved: C:\Users\shashwat.singh\Desktop\Playwright_Commission_Automation\reports\failure-screenshots\Create_and_allocate_commission_package_successfully.png
2026-06-29 23:23:33 [INFO] Starting test: Create and allocate commission package successfully
2026-06-29 23:23:33 [INFO] ===== Test Execution Started =====
2026-06-29 23:23:33 [INFO] Navigating to login page
2026-06-29 23:23:41 [INFO] Logging in with user: aih.admin@yopmail.com
2026-06-29 23:23:42 [INFO] Validating dashboard
2026-06-29 23:23:42 [INFO] Navigating to Agent tab
2026-06-29 23:23:53 [ERROR] Test failed: Create and allocate commission package successfully
2026-06-29 23:23:53 [ERROR] Failure screenshot saved: C:\Users\shashwat.singh\Desktop\Playwright_Commission_Automation\reports\failure-screenshots\Create_and_allocate_commission_package_successfully.png
2026-06-29 23:24:44 [INFO] Starting test: Create and allocate commission package successfully
2026-06-29 23:24:44 [INFO] ===== Test Execution Started =====
2026-06-29 23:24:44 [INFO] Navigating to login page
2026-06-29 23:24:52 [INFO] Logging in with user: aih.admin@yopmail.com
2026-06-29 23:24:53 [INFO] Validating dashboard
2026-06-29 23:24:53 [INFO] Navigating to Agent tab
2026-06-29 23:25:05 [ERROR] Test failed: Create and allocate commission package successfully
2026-06-29 23:25:05 [ERROR] Failure screenshot saved: C:\Users\shashwat.singh\Desktop\Playwright_Commission_Automation\reports\failure-screenshots\Create_and_allocate_commission_package_successfully.png
2026-06-29 23:26:17 [INFO] Starting test: Create and allocate commission package successfully
2026-06-29 23:26:17 [INFO] ===== Test Execution Started =====
2026-06-29 23:26:17 [INFO] Navigating to login page
2026-06-29 23:26:26 [INFO] Logging in with user: aih.admin@yopmail.com
2026-06-29 23:26:26 [INFO] Validating dashboard
2026-06-29 23:26:26 [INFO] Navigating to Agent tab
2026-06-29 23:26:37 [ERROR] Test failed: Create and allocate commission package successfully
2026-06-29 23:26:37 [ERROR] Failure screenshot saved: C:\Users\shashwat.singh\Desktop\Playwright_Commission_Automation\reports\failure-screenshots\Create_and_allocate_commission_package_successfully.png
2026-06-29 23:28:29 [INFO] Starting test: Create and allocate commission package successfully
2026-06-29 23:28:29 [INFO] ===== Test Execution Started =====
2026-06-29 23:28:29 [INFO] Navigating to login page
2026-06-29 23:28:39 [INFO] Logging in with user: aih.admin@yopmail.com
2026-06-29 23:28:41 [INFO] Validating dashboard
2026-06-29 23:28:41 [INFO] Navigating to Agent tab
2026-06-29 23:28:51 [ERROR] Test failed: Create and allocate commission package successfully
2026-06-29 23:28:51 [ERROR] Failure screenshot saved: C:\Users\shashwat.singh\Desktop\Playwright_Commission_Automation\reports\failure-screenshots\Create_and_allocate_commission_package_successfully.png
2026-06-29 23:29:26 [INFO] Starting test: Create and allocate commission package successfully
2026-06-29 23:29:26 [INFO] ===== Test Execution Started =====
2026-06-29 23:29:26 [INFO] Navigating to login page
2026-06-29 23:29:36 [INFO] Logging in with user: aih.admin@yopmail.com
2026-06-29 23:29:36 [INFO] Validating dashboard
2026-06-29 23:29:36 [INFO] Navigating to Agent tab
2026-06-29 23:29:46 [INFO] Opening Agents dropdown
2026-06-29 23:29:47 [INFO] Selecting Easy Commission
2026-06-29 23:29:56 [ERROR] Test failed: Create and allocate commission package successfully
2026-06-29 23:29:56 [ERROR] Failure screenshot saved: C:\Users\shashwat.singh\Desktop\Playwright_Commission_Automation\reports\failure-screenshots\Create_and_allocate_commission_package_successfully.png
2026-06-29 23:30:45 [INFO] Starting test: Create and allocate commission package successfully
2026-06-29 23:30:45 [INFO] ===== Test Execution Started =====
2026-06-29 23:30:45 [INFO] Navigating to login page
2026-06-29 23:30:54 [INFO] Logging in with user: aih.admin@yopmail.com
2026-06-29 23:30:55 [INFO] Validating dashboard
2026-06-29 23:30:55 [INFO] Navigating to Agent tab
2026-06-29 23:31:05 [ERROR] Test failed: Create and allocate commission package successfully
2026-06-29 23:31:05 [ERROR] Failure screenshot saved: C:\Users\shashwat.singh\Desktop\Playwright_Commission_Automation\reports\failure-screenshots\Create_and_allocate_commission_package_successfully.png
2026-06-29 23:32:49 [INFO] Starting test: Create and allocate commission package successfully
2026-06-29 23:32:49 [INFO] ===== Test Execution Started =====
2026-06-29 23:32:49 [INFO] Navigating to login page
2026-06-29 23:32:57 [INFO] Logging in with user: aih.admin@yopmail.com
2026-06-29 23:32:58 [INFO] Validating dashboard
2026-06-29 23:32:58 [INFO] Navigating to Agent tab
2026-06-29 23:33:07 [INFO] Opening Agents dropdown
2026-06-29 23:33:07 [INFO] Selecting Easy Commission
2026-06-29 23:33:18 [ERROR] Test failed: Create and allocate commission package successfully
2026-06-29 23:33:18 [ERROR] Failure screenshot saved: C:\Users\shashwat.singh\Desktop\Playwright_Commission_Automation\reports\failure-screenshots\Create_and_allocate_commission_package_successfully.png
2026-06-30 09:06:45 [INFO] Starting test: Create and allocate commission package successfully
2026-06-30 09:06:45 [INFO] ===== Test Execution Started =====
2026-06-30 09:06:45 [INFO] Navigating to login page
2026-06-30 09:06:50 [INFO] Logging in with user: aih.admin@yopmail.com
2026-06-30 09:06:51 [INFO] Validating dashboard
2026-06-30 09:06:51 [INFO] Navigating to Agent tab
2026-06-30 09:07:00 [INFO] Opening Agents dropdown
2026-06-30 09:07:01 [INFO] Selecting Easy Commission
2026-06-30 09:07:14 [ERROR] Test failed: Create and allocate commission package successfully
2026-06-30 09:07:14 [ERROR] Failure screenshot saved: C:\Users\shashwat.singh\Desktop\Playwright_Commission_Automation\reports\failure-screenshots\Create_and_allocate_commission_package_successfully.png
2026-06-30 11:13:01 [INFO] Starting test: Create and allocate commission package successfully
2026-06-30 11:13:01 [INFO] ===== Test Execution Started =====
2026-06-30 11:13:01 [INFO] Navigating to login page
2026-06-30 11:13:05 [INFO] Logging in with user: aih.admin@yopmail.com
2026-06-30 11:13:06 [INFO] Validating dashboard
2026-06-30 11:13:06 [INFO] Navigating to Agent tab
2026-06-30 11:13:12 [INFO] Opening Agents dropdown
2026-06-30 11:13:13 [INFO] Selecting Easy Commission
2026-06-30 11:13:31 [ERROR] Test failed: Create and allocate commission package successfully
2026-06-30 11:13:31 [ERROR] Failure screenshot saved: C:\Users\shashwat.singh\Desktop\Playwright_Commission_Automation\reports\failure-screenshots\Create_and_allocate_commission_package_successfully.png
2026-06-30 11:16:01 [INFO] Starting test: Create and allocate commission package successfully
2026-06-30 11:16:01 [INFO] ===== Test Execution Started =====
2026-06-30 11:16:01 [INFO] Navigating to login page
2026-06-30 11:16:05 [INFO] Logging in with user: aih.admin@yopmail.com
2026-06-30 11:16:07 [INFO] Validating dashboard
2026-06-30 11:16:07 [INFO] Navigating to Agent tab
2026-06-30 11:16:07 [ERROR] Test failed: Create and allocate commission package successfully
2026-06-30 11:16:07 [ERROR] Failure screenshot saved: C:\Users\shashwat.singh\Desktop\Playwright_Commission_Automation\reports\failure-screenshots\Create_and_allocate_commission_package_successfully.png
2026-06-30 11:16:55 [INFO] Starting test: Create and allocate commission package successfully
2026-06-30 11:16:55 [INFO] ===== Test Execution Started =====
2026-06-30 11:16:55 [INFO] Navigating to login page
2026-06-30 11:16:59 [INFO] Logging in with user: aih.admin@yopmail.com
2026-06-30 11:17:00 [INFO] Validating dashboard
2026-06-30 11:17:00 [INFO] Navigating to Agent tab
2026-06-30 11:17:06 [INFO] Opening Agents dropdown
2026-06-30 11:17:06 [INFO] Selecting Easy Commission
2026-06-30 11:17:25 [ERROR] Test failed: Create and allocate commission package successfully
2026-06-30 11:17:25 [ERROR] Failure screenshot saved: C:\Users\shashwat.singh\Desktop\Playwright_Commission_Automation\reports\failure-screenshots\Create_and_allocate_commission_package_successfully.png
2026-06-30 11:23:20 [INFO] Starting test: Create and allocate commission package successfully
2026-06-30 11:23:20 [INFO] ===== Test Execution Started =====
2026-06-30 11:23:20 [INFO] Navigating to login page
2026-06-30 11:23:25 [INFO] Logging in with user: aih.admin@yopmail.com
2026-06-30 11:23:26 [INFO] Validating dashboard
2026-06-30 11:23:26 [INFO] Navigating to Agent tab
2026-06-30 11:23:27 [ERROR] Test failed: Create and allocate commission package successfully
2026-06-30 11:23:27 [ERROR] Failure screenshot saved: C:\Users\shashwat.singh\Desktop\Playwright_Commission_Automation\reports\failure-screenshots\Create_and_allocate_commission_package_successfully.png
2026-06-30 11:24:10 [INFO] Starting test: Create and allocate commission package successfully
2026-06-30 11:24:11 [INFO] ===== Test Execution Started =====
2026-06-30 11:24:11 [INFO] Navigating to login page
2026-06-30 11:24:16 [INFO] Logging in with user: aih.admin@yopmail.com
2026-06-30 11:24:17 [INFO] Validating dashboard
2026-06-30 11:24:17 [INFO] Navigating to Agent tab
2026-06-30 11:24:18 [ERROR] Test failed: Create and allocate commission package successfully
2026-06-30 11:24:18 [ERROR] Failure screenshot saved: C:\Users\shashwat.singh\Desktop\Playwright_Commission_Automation\reports\failure-screenshots\Create_and_allocate_commission_package_successfully.png
2026-06-30 11:25:03 [INFO] Starting test: Create and allocate commission package successfully
2026-06-30 11:25:03 [INFO] ===== Test Execution Started =====
2026-06-30 11:25:03 [INFO] Navigating to login page
2026-06-30 11:25:06 [INFO] Logging in with user: aih.admin@yopmail.com
2026-06-30 11:25:07 [INFO] Validating dashboard
2026-06-30 11:25:07 [INFO] Navigating to Agent tab
2026-06-30 11:25:16 [INFO] Opening Agents dropdown
2026-06-30 11:25:17 [INFO] Selecting Easy Commission
2026-06-30 11:25:32 [ERROR] Test failed: Create and allocate commission package successfully
2026-06-30 11:25:32 [ERROR] Failure screenshot saved: C:\Users\shashwat.singh\Desktop\Playwright_Commission_Automation\reports\failure-screenshots\Create_and_allocate_commission_package_successfully.png
2026-06-30 11:27:22 [INFO] Starting test: Create and allocate commission package successfully
2026-06-30 11:27:22 [INFO] ===== Test Execution Started =====
2026-06-30 11:27:22 [INFO] Navigating to login page
2026-06-30 11:27:28 [INFO] Logging in with user: aih.admin@yopmail.com
2026-06-30 11:27:29 [INFO] Validating dashboard
2026-06-30 11:27:29 [INFO] Navigating to Agent tab
2026-06-30 11:27:41 [INFO] Opening Agents dropdown
2026-06-30 11:27:41 [INFO] Selecting Easy Commission
2026-06-30 11:27:42 [INFO] Clicking Settings
2026-06-30 11:27:42 [INFO] Clicking Manage Packages
2026-06-30 11:27:44 [INFO] Validating Commission Packages Page
2026-06-30 11:27:50 [INFO] Clicking Add Package
2026-06-30 11:27:50 [INFO] Entering package name: AT Test Package
2026-06-30 11:27:51 [INFO] Entering description: Playwright automation created package
2026-06-30 11:27:51 [INFO] Selecting current date from calendar
2026-06-30 11:27:51 [INFO] Clicking Done
2026-06-30 11:27:51 [INFO] Searching package: AT Test Package
2026-06-30 11:27:51 [INFO] Opening first result
2026-06-30 11:27:52 [ERROR] Test failed: Create and allocate commission package successfully
2026-06-30 11:27:52 [ERROR] Failure screenshot saved: C:\Users\shashwat.singh\Desktop\Playwright_Commission_Automation\reports\failure-screenshots\Create_and_allocate_commission_package_successfully.png
2026-06-30 11:31:33 [INFO] Starting test: Create and allocate commission package successfully
2026-06-30 11:31:33 [INFO] ===== Test Execution Started =====
2026-06-30 11:31:33 [INFO] Navigating to login page
2026-06-30 11:31:39 [INFO] Logging in with user: aih.admin@yopmail.com
2026-06-30 11:31:40 [INFO] Validating dashboard
2026-06-30 11:31:40 [INFO] Navigating to Agent tab
2026-06-30 11:31:51 [INFO] Opening Agents dropdown
2026-06-30 11:31:51 [INFO] Selecting Easy Commission
2026-06-30 11:31:52 [INFO] Clicking Settings
2026-06-30 11:31:52 [INFO] Clicking Manage Packages
2026-06-30 11:31:54 [INFO] Validating Commission Packages Page
2026-06-30 11:31:59 [INFO] Clicking Add Package
2026-06-30 11:31:59 [INFO] Entering package name: AT Test Package
2026-06-30 11:32:01 [INFO] Entering description: Playwright automation created package
2026-06-30 11:32:01 [INFO] Selecting current date from calendar
2026-06-30 11:32:01 [INFO] Clicking Done
2026-06-30 11:32:01 [INFO] Searching package: AT Test Package
2026-06-30 11:32:01 [INFO] Opening first result
2026-06-30 11:32:03 [ERROR] Test failed: Create and allocate commission package successfully
2026-06-30 11:32:03 [ERROR] Failure screenshot saved: C:\Users\shashwat.singh\Desktop\Playwright_Commission_Automation\reports\failure-screenshots\Create_and_allocate_commission_package_successfully.png
2026-06-30 11:32:04 [INFO] Clicking Arrow button
2026-06-30 23:27:38 [INFO] Starting test: Create and allocate commission package successfully
2026-06-30 23:27:38 [INFO] ===== Test Execution Started =====
2026-06-30 23:27:38 [INFO] Navigating to login page
2026-06-30 23:27:39 [ERROR] Test failed: Create and allocate commission package successfully
2026-06-30 23:27:39 [ERROR] Failure screenshot saved: C:\Users\shashwat.singh\Desktop\Playwright_Commission_Automation\reports\failure-screenshots\Create_and_allocate_commission_package_successfully.png
2026-06-30 23:38:59 [INFO] Starting test: Create and allocate commission package successfully
2026-06-30 23:38:59 [INFO] ===== Test Execution Started =====
2026-06-30 23:38:59 [INFO] Navigating to login page
2026-06-30 23:39:14 [INFO] Logging in with user: aih.admin@yopmail.com
2026-06-30 23:39:21 [INFO] Validating dashboard
2026-06-30 23:39:21 [INFO] Navigating to Agent tab
2026-06-30 23:39:29 [ERROR] Test failed: Create and allocate commission package successfully
2026-06-30 23:39:29 [ERROR] Failure screenshot saved: C:\Users\shashwat.singh\Desktop\Playwright_Commission_Automation\reports\failure-screenshots\Create_and_allocate_commission_package_successfully.png
2026-06-30 23:54:14 [INFO] Starting test: Create and allocate commission package successfully
2026-06-30 23:54:14 [INFO] ===== Test Execution Started =====
2026-06-30 23:54:14 [INFO] Navigating to login page
2026-06-30 23:59:07 [INFO] Starting test: Create and allocate commission package successfully
2026-06-30 23:59:07 [INFO] ===== Test Execution Started =====
2026-06-30 23:59:07 [INFO] Navigating to login page
2026-06-30 23:59:19 [INFO] Logging in with user: aih.admin@yopmail.com
2026-06-30 23:59:24 [INFO] Validating dashboard
2026-06-30 23:59:24 [INFO] Navigating to Agent tab
2026-06-30 23:59:37 [ERROR] Test failed: Create and allocate commission package successfully
2026-06-30 23:59:37 [ERROR] Failure screenshot saved: C:\Users\shashwat.singh\Desktop\Playwright_Commission_Automation\reports\failure-screenshots\Create_and_allocate_commission_package_successfully.png
2026-07-01 00:07:44 [INFO] Starting test: Create and allocate commission package successfully
2026-07-01 00:07:44 [INFO] ===== Test Execution Started =====
2026-07-01 00:07:44 [INFO] Navigating to login page
2026-07-01 00:07:53 [INFO] Logging in with user: aih.admin@yopmail.com
2026-07-01 00:07:54 [INFO] Validating dashboard
2026-07-01 00:07:55 [INFO] Navigating to Agent tab
2026-07-01 00:15:33 [INFO] Starting test: Create and allocate commission package successfully
2026-07-01 00:15:33 [INFO] ===== Test Execution Started =====
2026-07-01 00:15:33 [INFO] Navigating to login page
2026-07-01 11:11:38 [INFO] Starting test: Create and allocate commission package successfully
2026-07-01 11:11:38 [INFO] ===== Test Execution Started =====
2026-07-01 11:11:38 [INFO] Navigating to login page
2026-07-01 11:11:42 [INFO] Logging in with user: aih.admin@yopmail.com
2026-07-01 11:11:44 [INFO] Validating dashboard
2026-07-01 11:11:44 [INFO] Navigating to Agent tab
2026-07-01 11:11:51 [INFO] Opening Agents dropdown
2026-07-01 11:11:52 [INFO] Selecting Easy Commission
2026-07-01 11:11:53 [INFO] Clicking Settings
2026-07-01 11:11:53 [INFO] Clicking Manage Packages
2026-07-01 11:11:54 [INFO] Validating Commission Packages Page
2026-07-01 11:11:58 [INFO] Clicking Add Package
2026-07-01 11:11:59 [INFO] Entering package name: AT Test Package
2026-07-01 11:11:59 [INFO] Entering description: Playwright automation created package
2026-07-01 11:11:59 [INFO] Selecting current date from calendar
2026-07-01 11:12:00 [INFO] Clicking Done
2026-07-01 11:12:00 [INFO] Searching package: AT Test Package
2026-07-01 11:12:00 [INFO] Opening first result
2026-07-01 11:12:02 [INFO] Clicking Arrow button
2026-07-01 11:12:07 [ERROR] Test failed: Create and allocate commission package successfully
2026-07-01 11:12:07 [ERROR] Failure screenshot saved: C:\Users\shashwat.singh\Desktop\Playwright_Commission_Automation\reports\failure-screenshots\Create_and_allocate_commission_package_successfully.png
2026-07-01 16:14:02 [INFO] Starting test: Create and allocate commission package successfully
2026-07-01 16:14:02 [INFO] ===== Test Execution Started =====
2026-07-01 16:14:02 [INFO] Navigating to login page
2026-07-01 16:14:06 [INFO] Logging in with user: aih.admin@yopmail.com
2026-07-01 16:14:11 [INFO] Validating dashboard
2026-07-01 16:14:11 [INFO] Navigating to Agent tab
2026-07-01 16:14:22 [INFO] Opening Agents dropdown
2026-07-01 16:14:23 [INFO] Selecting Easy Commission
2026-07-01 16:14:24 [INFO] Clicking Settings
2026-07-01 16:14:24 [INFO] Clicking Manage Packages
2026-07-01 16:14:26 [INFO] Validating Commission Packages Page
2026-07-01 16:14:31 [INFO] Clicking Add Package
2026-07-01 16:14:31 [INFO] Entering package name: AT Test Package
2026-07-01 16:14:32 [INFO] Entering description: Playwright automation created package
2026-07-01 16:14:32 [INFO] Selecting current date from calendar
2026-07-01 16:14:32 [INFO] Clicking Done
2026-07-01 16:14:32 [INFO] Searching package: AT Test Package
2026-07-01 16:14:32 [INFO] Opening first result
2026-07-01 16:14:33 [ERROR] Test failed: Create and allocate commission package successfully
2026-07-01 16:14:33 [ERROR] Failure screenshot saved: C:\Users\shashwat.singh\Desktop\Playwright_Commission_Automation\reports\failure-screenshots\Create_and_allocate_commission_package_successfully.png
2026-07-01 16:16:43 [INFO] Starting test: Create and allocate commission package successfully
2026-07-01 16:16:43 [INFO] ===== Test Execution Started =====
2026-07-01 16:16:43 [INFO] Navigating to login page
2026-07-01 16:16:48 [INFO] Logging in with user: aih.admin@yopmail.com
2026-07-01 16:16:50 [INFO] Validating dashboard
2026-07-01 16:16:50 [INFO] Navigating to Agent tab
2026-07-01 16:17:02 [ERROR] Test failed: Create and allocate commission package successfully
2026-07-01 16:17:02 [ERROR] Failure screenshot saved: C:\Users\shashwat.singh\Desktop\Playwright_Commission_Automation\reports\failure-screenshots\Create_and_allocate_commission_package_successfully.png
2026-07-01 16:17:19 [INFO] Starting test: Create and allocate commission package successfully
2026-07-01 16:17:19 [INFO] ===== Test Execution Started =====
2026-07-01 16:17:19 [INFO] Navigating to login page
2026-07-01 16:17:22 [INFO] Logging in with user: aih.admin@yopmail.com
2026-07-01 16:17:24 [INFO] Validating dashboard
2026-07-01 16:17:24 [INFO] Navigating to Agent tab
2026-07-01 16:17:34 [ERROR] Test failed: Create and allocate commission package successfully
2026-07-01 16:17:34 [ERROR] Failure screenshot saved: C:\Users\shashwat.singh\Desktop\Playwright_Commission_Automation\reports\failure-screenshots\Create_and_allocate_commission_package_successfully.png
2026-07-01 16:27:27 [INFO] Starting test: Create and allocate commission package successfully
2026-07-01 16:27:27 [INFO] ===== Test Execution Started =====
2026-07-01 16:27:27 [INFO] Navigating to login page
2026-07-01 16:27:32 [INFO] Logging in with user: aih.admin@yopmail.com
2026-07-01 16:27:34 [INFO] Validating dashboard
2026-07-01 16:27:34 [INFO] Navigating to Agent tab
2026-07-01 16:27:44 [INFO] Opening Agents dropdown
2026-07-01 16:27:44 [INFO] Selecting Easy Commission
2026-07-01 16:27:45 [INFO] Clicking Settings
2026-07-01 16:27:46 [INFO] Clicking Manage Packages
2026-07-01 16:27:48 [INFO] Validating Commission Packages Page
2026-07-01 16:27:53 [INFO] Clicking Add Package
2026-07-01 16:27:53 [INFO] Entering package name: AT Test Package
2026-07-01 16:27:54 [INFO] Entering description: Playwright automation created package
2026-07-01 16:27:54 [INFO] Selecting current date from calendar
2026-07-01 16:27:54 [INFO] Clicking Done
2026-07-01 16:27:55 [INFO] Searching package: AT Test Package
2026-07-01 16:27:55 [INFO] Opening first result
2026-07-01 16:27:55 [ERROR] Test failed: Create and allocate commission package successfully
2026-07-01 16:27:55 [ERROR] Failure screenshot saved: C:\Users\shashwat.singh\Desktop\Playwright_Commission_Automation\reports\failure-screenshots\Create_and_allocate_commission_package_successfully.png
2026-07-01 16:40:43 [INFO] Starting test: Create and allocate commission package successfully
2026-07-01 16:40:43 [INFO] ===== Test Execution Started =====
2026-07-01 16:40:43 [INFO] Navigating to login page
2026-07-01 16:40:47 [INFO] Logging in with user: aih.admin@yopmail.com
2026-07-01 16:40:49 [INFO] Validating dashboard
2026-07-01 16:40:49 [INFO] Navigating to Agent tab
2026-07-01 16:41:01 [ERROR] Test failed: Create and allocate commission package successfully
2026-07-01 16:41:01 [ERROR] Failure screenshot saved: C:\Users\shashwat.singh\Desktop\Playwright_Commission_Automation\reports\failure-screenshots\Create_and_allocate_commission_package_successfully.png
2026-07-01 16:41:17 [INFO] Starting test: Create and allocate commission package successfully
2026-07-01 16:41:17 [INFO] ===== Test Execution Started =====
2026-07-01 16:41:17 [INFO] Navigating to login page
2026-07-01 16:41:22 [INFO] Logging in with user: aih.admin@yopmail.com
2026-07-01 16:41:23 [INFO] Validating dashboard
2026-07-01 16:41:23 [INFO] Navigating to Agent tab
2026-07-01 16:41:32 [INFO] Opening Agents dropdown
2026-07-01 16:41:32 [INFO] Selecting Easy Commission
2026-07-01 16:41:46 [ERROR] Test failed: Create and allocate commission package successfully
2026-07-01 16:41:46 [ERROR] Failure screenshot saved: C:\Users\shashwat.singh\Desktop\Playwright_Commission_Automation\reports\failure-screenshots\Create_and_allocate_commission_package_successfully.png
2026-07-01 16:42:00 [INFO] Starting test: Create and allocate commission package successfully
2026-07-01 16:42:00 [INFO] ===== Test Execution Started =====
2026-07-01 16:42:00 [INFO] Navigating to login page
2026-07-01 16:42:05 [INFO] Logging in with user: aih.admin@yopmail.com
2026-07-01 16:42:06 [INFO] Validating dashboard
2026-07-01 16:42:06 [INFO] Navigating to Agent tab
2026-07-01 16:42:19 [INFO] Opening Agents dropdown
2026-07-01 16:42:19 [INFO] Selecting Easy Commission
2026-07-01 16:42:20 [INFO] Clicking Settings
2026-07-01 16:42:20 [INFO] Clicking Manage Packages
2026-07-01 16:42:22 [INFO] Validating Commission Packages Page
2026-07-01 16:42:27 [INFO] Clicking Add Package
2026-07-01 16:42:28 [INFO] Entering package name: AT Test Package
2026-07-01 16:42:29 [INFO] Entering description: Playwright automation created package
2026-07-01 16:42:29 [INFO] Selecting current date from calendar
2026-07-01 16:42:30 [INFO] Clicking Done
2026-07-01 16:42:30 [INFO] Searching package: AT Test Package
2026-07-01 16:42:30 [INFO] Opening first result
2026-07-01 16:42:30 [ERROR] Test failed: Create and allocate commission package successfully
2026-07-01 16:42:30 [ERROR] Failure screenshot saved: C:\Users\shashwat.singh\Desktop\Playwright_Commission_Automation\reports\failure-screenshots\Create_and_allocate_commission_package_successfully.png
2026-07-01 16:49:08 [INFO] Starting test: Create and allocate commission package successfully
2026-07-01 16:49:08 [INFO] ===== Test Execution Started =====
2026-07-01 16:49:08 [INFO] Navigating to login page
2026-07-01 16:49:12 [INFO] Logging in with user: aih.admin@yopmail.com
2026-07-01 16:49:13 [INFO] Validating dashboard
2026-07-01 16:49:13 [INFO] Navigating to Agent tab
2026-07-01 16:49:22 [INFO] Opening Agents dropdown
2026-07-01 16:49:23 [INFO] Selecting Easy Commission
2026-07-01 16:49:38 [ERROR] Test failed: Create and allocate commission package successfully
2026-07-01 16:49:38 [ERROR] Failure screenshot saved: C:\Users\shashwat.singh\Desktop\Playwright_Commission_Automation\reports\failure-screenshots\Create_and_allocate_commission_package_successfully.png
2026-07-01 16:49:55 [INFO] Starting test: Create and allocate commission package successfully
2026-07-01 16:49:55 [INFO] ===== Test Execution Started =====
2026-07-01 16:49:55 [INFO] Navigating to login page
2026-07-01 16:49:59 [INFO] Logging in with user: aih.admin@yopmail.com
2026-07-01 16:50:00 [INFO] Validating dashboard
2026-07-01 16:50:00 [INFO] Navigating to Agent tab
2026-07-01 16:50:11 [INFO] Opening Agents dropdown
2026-07-01 16:50:11 [INFO] Selecting Easy Commission
2026-07-01 16:50:12 [INFO] Clicking Settings
2026-07-01 16:50:12 [INFO] Clicking Manage Packages
2026-07-01 16:50:14 [INFO] Validating Commission Packages Page
2026-07-01 16:50:18 [INFO] Clicking Add Package
2026-07-01 16:50:19 [INFO] Entering package name: AT Test Package
2026-07-01 16:50:19 [INFO] Entering description: Playwright automation created package
2026-07-01 16:50:20 [INFO] Selecting current date from calendar
2026-07-01 16:50:20 [INFO] Clicking Done
2026-07-01 16:50:20 [INFO] Searching package: AT Test Package
2026-07-01 16:50:20 [INFO] Opening first result
2026-07-01 16:50:25 [ERROR] Test failed: Create and allocate commission package successfully
2026-07-01 16:50:25 [ERROR] Failure screenshot saved: C:\Users\shashwat.singh\Desktop\Playwright_Commission_Automation\reports\failure-screenshots\Create_and_allocate_commission_package_successfully.png
2026-07-01 23:49:00 [INFO] Starting test: Create and allocate commission package successfully
2026-07-01 23:49:00 [INFO] ===== Test Execution Started =====
2026-07-01 23:49:00 [INFO] Navigating to login page
2026-07-01 23:49:14 [INFO] Logging in with user: aih.admin@yopmail.com
2026-07-01 23:49:17 [INFO] Validating dashboard
2026-07-01 23:49:17 [INFO] Navigating to Agent tab
2026-07-01 23:49:32 [ERROR] Test failed: Create and allocate commission package successfully
2026-07-01 23:49:32 [ERROR] Failure screenshot saved: C:\Users\shashwat.singh\Desktop\Playwright_Commission_Automation\reports\failure-screenshots\Create_and_allocate_commission_package_successfully.png
2026-07-01 23:51:23 [INFO] Starting test: Create and allocate commission package successfully
2026-07-01 23:51:23 [INFO] ===== Test Execution Started =====
2026-07-01 23:51:23 [INFO] Navigating to login page
2026-07-01 23:51:31 [INFO] Logging in with user: aih.admin@yopmail.com
2026-07-01 23:51:32 [INFO] Validating dashboard
2026-07-01 23:51:32 [INFO] Navigating to Agent tab
2026-07-01 23:51:46 [INFO] Opening Agents dropdown
2026-07-01 23:51:46 [INFO] Selecting Easy Commission
2026-07-01 23:51:52 [ERROR] Test failed: Create and allocate commission package successfully
2026-07-01 23:51:52 [ERROR] Failure screenshot saved: C:\Users\shashwat.singh\Desktop\Playwright_Commission_Automation\reports\failure-screenshots\Create_and_allocate_commission_package_successfully.png
2026-07-01 23:52:21 [INFO] Starting test: Create and allocate commission package successfully
2026-07-01 23:52:21 [INFO] ===== Test Execution Started =====
2026-07-01 23:52:21 [INFO] Navigating to login page
2026-07-01 23:52:33 [INFO] Logging in with user: aih.admin@yopmail.com
2026-07-01 23:52:34 [INFO] Validating dashboard
2026-07-01 23:52:34 [INFO] Navigating to Agent tab
2026-07-01 23:52:48 [INFO] Opening Agents dropdown
2026-07-01 23:52:48 [INFO] Selecting Easy Commission
2026-07-01 23:52:50 [ERROR] Test failed: Create and allocate commission package successfully
2026-07-01 23:52:50 [ERROR] Failure screenshot saved: C:\Users\shashwat.singh\Desktop\Playwright_Commission_Automation\reports\failure-screenshots\Create_and_allocate_commission_package_successfully.png
2026-07-01 23:53:34 [INFO] Starting test: Create and allocate commission package successfully
2026-07-01 23:53:34 [INFO] ===== Test Execution Started =====
2026-07-01 23:53:34 [INFO] Navigating to login page
2026-07-01 23:53:47 [INFO] Logging in with user: aih.admin@yopmail.com
2026-07-01 23:53:48 [INFO] Validating dashboard
2026-07-01 23:53:48 [INFO] Navigating to Agent tab
2026-07-01 23:53:54 [ERROR] Test failed: Create and allocate commission package successfully
2026-07-01 23:53:54 [ERROR] Failure screenshot saved: C:\Users\shashwat.singh\Desktop\Playwright_Commission_Automation\reports\failure-screenshots\Create_and_allocate_commission_package_successfully.png
2026-07-01 23:54:12 [INFO] Starting test: Create and allocate commission package successfully
2026-07-01 23:54:12 [INFO] ===== Test Execution Started =====
2026-07-01 23:54:12 [INFO] Navigating to login page
2026-07-01 23:54:21 [INFO] Logging in with user: aih.admin@yopmail.com
2026-07-01 23:54:23 [INFO] Validating dashboard
2026-07-01 23:54:23 [INFO] Navigating to Agent tab
2026-07-01 23:54:31 [ERROR] Test failed: Create and allocate commission package successfully
2026-07-01 23:54:31 [ERROR] Failure screenshot saved: C:\Users\shashwat.singh\Desktop\Playwright_Commission_Automation\reports\failure-screenshots\Create_and_allocate_commission_package_successfully.png
2026-07-01 23:55:07 [INFO] Starting test: Create and allocate commission package successfully
2026-07-01 23:55:07 [INFO] ===== Test Execution Started =====
2026-07-01 23:55:07 [INFO] Navigating to login page
2026-07-01 23:55:22 [INFO] Logging in with user: aih.admin@yopmail.com
2026-07-01 23:55:24 [INFO] Validating dashboard
2026-07-01 23:55:24 [INFO] Navigating to Agent tab
2026-07-01 23:55:38 [INFO] Opening Agents dropdown
2026-07-01 23:55:38 [INFO] Selecting Easy Commission
2026-07-01 23:55:46 [ERROR] Test failed: Create and allocate commission package successfully
2026-07-01 23:55:46 [ERROR] Failure screenshot saved: C:\Users\shashwat.singh\Desktop\Playwright_Commission_Automation\reports\failure-screenshots\Create_and_allocate_commission_package_successfully.png
2026-07-01 23:56:12 [INFO] Starting test: Create and allocate commission package successfully
2026-07-01 23:56:12 [INFO] ===== Test Execution Started =====
2026-07-01 23:56:12 [INFO] Navigating to login page
2026-07-01 23:56:23 [INFO] Logging in with user: aih.admin@yopmail.com
2026-07-01 23:56:23 [INFO] Validating dashboard
2026-07-01 23:56:23 [INFO] Navigating to Agent tab
2026-07-01 23:56:30 [INFO] Opening Agents dropdown
2026-07-01 23:56:31 [INFO] Selecting Easy Commission
2026-07-01 23:56:34 [INFO] Clicking Settings
2026-07-01 23:56:34 [INFO] Clicking Manage Packages
2026-07-01 23:56:35 [INFO] Validating Commission Packages Page
2026-07-01 23:56:38 [INFO] Clicking Add Package
2026-07-01 23:56:39 [INFO] Entering package name: AT Test Package
2026-07-01 23:56:39 [INFO] Entering description: Playwright automation created package
2026-07-01 23:56:39 [INFO] Selecting current date from calendar
2026-07-01 23:56:40 [INFO] Clicking Done
2026-07-01 23:56:40 [INFO] Searching package: AT Test Package
2026-07-01 23:56:41 [ERROR] Test failed: Create and allocate commission package successfully
2026-07-01 23:56:41 [ERROR] Failure screenshot saved: C:\Users\shashwat.singh\Desktop\Playwright_Commission_Automation\reports\failure-screenshots\Create_and_allocate_commission_package_successfully.png
2026-07-02 00:01:40 [INFO] Starting test: Create and allocate commission package successfully
2026-07-02 00:01:40 [INFO] ===== Test Execution Started =====
2026-07-02 00:01:40 [INFO] Navigating to login page
2026-07-02 00:01:49 [INFO] Logging in with user: aih.admin@yopmail.com
2026-07-02 00:01:50 [INFO] Validating dashboard
2026-07-02 00:01:50 [INFO] Navigating to Agent tab
2026-07-02 00:02:10 [INFO] Opening Agents dropdown
2026-07-02 00:02:10 [INFO] Selecting Easy Commission
2026-07-02 00:02:13 [INFO] Clicking Settings
2026-07-02 00:02:13 [INFO] Clicking Manage Packages
2026-07-02 00:02:14 [INFO] Validating Commission Packages Page
2026-07-02 00:02:16 [ERROR] Test failed: Create and allocate commission package successfully
2026-07-02 00:02:16 [ERROR] Failure screenshot saved: C:\Users\shashwat.singh\Desktop\Playwright_Commission_Automation\reports\failure-screenshots\Create_and_allocate_commission_package_successfully.png
2026-07-02 00:02:39 [INFO] Starting test: Create and allocate commission package successfully
2026-07-02 00:02:39 [INFO] ===== Test Execution Started =====
2026-07-02 00:02:39 [INFO] Navigating to login page
2026-07-02 00:02:47 [INFO] Logging in with user: aih.admin@yopmail.com
2026-07-02 00:02:48 [INFO] Validating dashboard
2026-07-02 00:02:48 [INFO] Navigating to Agent tab
2026-07-02 00:03:03 [INFO] Opening Agents dropdown
2026-07-02 00:03:03 [INFO] Selecting Easy Commission
2026-07-02 00:03:04 [INFO] Clicking Settings
2026-07-02 00:03:04 [INFO] Clicking Manage Packages
2026-07-02 00:03:05 [INFO] Validating Commission Packages Page
2026-07-02 00:03:09 [INFO] Clicking Add Package
2026-07-02 00:03:09 [INFO] Entering package name: AT Test Package
2026-07-02 00:03:10 [INFO] Entering description: Playwright automation created package
2026-07-02 00:03:10 [INFO] Selecting current date from calendar
2026-07-02 00:03:10 [INFO] Clicking Done
2026-07-02 00:03:10 [INFO] Searching package: AT Test Package
2026-07-02 00:03:11 [ERROR] Test failed: Create and allocate commission package successfully
2026-07-02 00:03:11 [ERROR] Failure screenshot saved: C:\Users\shashwat.singh\Desktop\Playwright_Commission_Automation\reports\failure-screenshots\Create_and_allocate_commission_package_successfully.png
2026-07-02 00:13:34 [INFO] Starting test: Create and allocate commission package successfully
2026-07-02 00:13:34 [INFO] ===== Test Execution Started =====
2026-07-02 00:13:34 [INFO] Navigating to login page
2026-07-02 00:13:43 [INFO] Logging in with user: aih.admin@yopmail.com
2026-07-02 00:13:43 [INFO] Validating dashboard
2026-07-02 00:13:43 [INFO] Navigating to Agent tab
2026-07-02 00:13:58 [INFO] Opening Agents dropdown
2026-07-02 00:13:59 [INFO] Selecting Easy Commission
2026-07-02 00:14:00 [INFO] Clicking Settings
2026-07-02 00:14:00 [INFO] Clicking Manage Packages
2026-07-02 00:14:01 [INFO] Validating Commission Packages Page
2026-07-02 00:14:05 [INFO] Clicking Add Package
2026-07-02 00:14:05 [INFO] Entering package name: AT Test Package
2026-07-02 00:14:07 [INFO] Entering description: Playwright automation created package
2026-07-02 00:14:07 [INFO] Selecting current date from calendar
2026-07-02 00:14:07 [INFO] Clicking Done
2026-07-02 00:14:07 [INFO] Searching package: AT Test Package
2026-07-02 00:14:07 [ERROR] Test failed: Create and allocate commission package successfully
2026-07-02 00:14:07 [ERROR] Failure screenshot saved: C:\Users\shashwat.singh\Desktop\Playwright_Commission_Automation\reports\failure-screenshots\Create_and_allocate_commission_package_successfully.png
2026-07-02 00:14:42 [INFO] Starting test: Create and allocate commission package successfully
2026-07-02 00:14:42 [INFO] ===== Test Execution Started =====
2026-07-02 00:14:42 [INFO] Navigating to login page
2026-07-02 00:14:51 [INFO] Logging in with user: aih.admin@yopmail.com
2026-07-02 00:14:52 [INFO] Validating dashboard
2026-07-02 00:14:52 [INFO] Navigating to Agent tab
2026-07-02 00:15:03 [INFO] Opening Agents dropdown
2026-07-02 00:15:03 [INFO] Selecting Easy Commission
2026-07-02 00:15:08 [INFO] Clicking Settings
2026-07-02 00:15:08 [INFO] Clicking Manage Packages
2026-07-02 00:15:10 [INFO] Validating Commission Packages Page
2026-07-02 00:15:15 [INFO] Clicking Add Package
2026-07-02 00:15:15 [INFO] Entering package name: AT Test Package
2026-07-02 00:15:16 [INFO] Entering description: Playwright automation created package
2026-07-02 00:15:16 [INFO] Selecting current date from calendar
2026-07-02 00:15:16 [INFO] Clicking Done
2026-07-02 00:15:16 [INFO] Searching package: AT Test Package
2026-07-02 00:15:16 [ERROR] Test failed: Create and allocate commission package successfully
2026-07-02 00:15:16 [ERROR] Failure screenshot saved: C:\Users\shashwat.singh\Desktop\Playwright_Commission_Automation\reports\failure-screenshots\Create_and_allocate_commission_package_successfully.png
2026-07-02 00:15:16 [INFO] Clicking Arrow button
2026-07-02 00:22:15 [INFO] Starting test: Create and allocate commission package successfully
2026-07-02 00:22:15 [INFO] ===== Test Execution Started =====
2026-07-02 00:22:15 [INFO] Navigating to login page
2026-07-02 00:22:24 [INFO] Logging in with user: aih.admin@yopmail.com
2026-07-02 00:22:25 [INFO] Validating dashboard
2026-07-02 00:22:25 [INFO] Navigating to Agent tab
2026-07-02 00:22:43 [INFO] Opening Agents dropdown
2026-07-02 00:22:43 [INFO] Selecting Easy Commission
2026-07-02 00:22:45 [INFO] Clicking Settings
2026-07-02 00:22:45 [INFO] Clicking Manage Packages
2026-07-02 00:22:46 [INFO] Validating Commission Packages Page
2026-07-02 00:22:49 [INFO] Clicking Add Package
2026-07-02 00:22:49 [INFO] Entering package name: AT Test Package
2026-07-02 00:22:50 [INFO] Entering description: Playwright automation created package
2026-07-02 00:22:50 [ERROR] Test failed: Create and allocate commission package successfully
2026-07-02 00:22:50 [ERROR] Failure screenshot saved: C:\Users\shashwat.singh\Desktop\Playwright_Commission_Automation\reports\failure-screenshots\Create_and_allocate_commission_package_successfully.png
2026-07-02 00:23:13 [INFO] Starting test: Create and allocate commission package successfully
2026-07-02 00:23:13 [INFO] ===== Test Execution Started =====
2026-07-02 00:23:13 [INFO] Navigating to login page
2026-07-02 00:23:22 [INFO] Logging in with user: aih.admin@yopmail.com
2026-07-02 00:23:24 [INFO] Validating dashboard
2026-07-02 00:23:24 [INFO] Navigating to Agent tab
2026-07-02 00:23:38 [INFO] Opening Agents dropdown
2026-07-02 00:23:39 [INFO] Selecting Easy Commission
2026-07-02 00:23:40 [INFO] Clicking Settings
2026-07-02 00:23:41 [INFO] Clicking Manage Packages
2026-07-02 00:23:42 [INFO] Validating Commission Packages Page
2026-07-02 00:23:47 [INFO] Clicking Add Package
2026-07-02 00:23:47 [INFO] Entering package name: AT Test Package
2026-07-02 00:23:48 [INFO] Entering description: Playwright automation created package
2026-07-02 00:23:48 [INFO] Selecting current date from calendar
2026-07-02 00:23:48 [INFO] Clicking Done
2026-07-02 00:23:48 [INFO] Searching package: AT Test Package
2026-07-02 00:23:48 [INFO] Clicking Arrow button
2026-07-02 00:23:50 [INFO] Unchecking Courses
2026-07-02 00:23:51 [ERROR] Test failed: Create and allocate commission package successfully
2026-07-02 00:23:51 [ERROR] Failure screenshot saved: C:\Users\shashwat.singh\Desktop\Playwright_Commission_Automation\reports\failure-screenshots\Create_and_allocate_commission_package_successfully.png
2026-07-02 09:42:34 [INFO] Starting test: Create and allocate commission package successfully
2026-07-02 09:42:34 [INFO] ===== Test Execution Started =====
2026-07-02 09:42:34 [INFO] Navigating to login page
2026-07-02 09:42:39 [INFO] Logging in with user: aih.admin@yopmail.com
2026-07-02 09:42:39 [INFO] Validating dashboard
2026-07-02 09:42:39 [INFO] Navigating to Agent tab
2026-07-02 09:42:49 [INFO] Opening Agents dropdown
2026-07-02 09:42:49 [INFO] Selecting Easy Commission
2026-07-02 09:43:08 [ERROR] Test failed: Create and allocate commission package successfully
2026-07-02 09:43:08 [ERROR] Failure screenshot saved: C:\Users\shashwat.singh\Desktop\Playwright_Commission_Automation\reports\failure-screenshots\Create_and_allocate_commission_package_successfully.png
2026-07-02 09:44:27 [INFO] Starting test: Create and allocate commission package successfully
2026-07-02 09:44:27 [INFO] ===== Test Execution Started =====
2026-07-02 09:44:27 [INFO] Navigating to login page
2026-07-02 09:44:31 [INFO] Logging in with user: aih.admin@yopmail.com
2026-07-02 09:44:32 [INFO] Validating dashboard
2026-07-02 09:44:32 [INFO] Navigating to Agent tab
2026-07-02 09:44:40 [INFO] Opening Agents dropdown
2026-07-02 09:44:40 [INFO] Selecting Easy Commission
2026-07-02 09:44:41 [ERROR] Test failed: Create and allocate commission package successfully
2026-07-02 09:44:41 [ERROR] Failure screenshot saved: C:\Users\shashwat.singh\Desktop\Playwright_Commission_Automation\reports\failure-screenshots\Create_and_allocate_commission_package_successfully.png
2026-07-02 10:30:26 [INFO] Starting test: Create and allocate commission package successfully
2026-07-02 10:30:26 [INFO] ===== Test Execution Started =====
2026-07-02 10:30:26 [INFO] Navigating to login page
2026-07-02 10:30:30 [INFO] Logging in with user: aih.admin@yopmail.com
2026-07-02 10:30:31 [INFO] Validating dashboard
2026-07-02 10:30:31 [INFO] Navigating to Agent tab
2026-07-02 10:30:39 [INFO] Opening Agents dropdown
2026-07-02 10:30:39 [INFO] Selecting Easy Commission
2026-07-02 10:30:40 [ERROR] Test failed: Create and allocate commission package successfully
2026-07-02 10:30:40 [ERROR] Failure screenshot saved: C:\Users\shashwat.singh\Desktop\Playwright_Commission_Automation\reports\failure-screenshots\Create_and_allocate_commission_package_successfully.png
2026-07-02 10:30:56 [INFO] Starting test: Create and allocate commission package successfully
2026-07-02 10:30:56 [INFO] ===== Test Execution Started =====
2026-07-02 10:30:56 [INFO] Navigating to login page
2026-07-02 10:31:00 [INFO] Logging in with user: aih.admin@yopmail.com
2026-07-02 10:31:01 [INFO] Validating dashboard
2026-07-02 10:31:01 [INFO] Navigating to Agent tab
2026-07-02 10:31:10 [INFO] Opening Agents dropdown
2026-07-02 10:31:10 [INFO] Selecting Easy Commission
2026-07-02 10:31:11 [ERROR] Test failed: Create and allocate commission package successfully
2026-07-02 10:31:11 [ERROR] Failure screenshot saved: C:\Users\shashwat.singh\Desktop\Playwright_Commission_Automation\reports\failure-screenshots\Create_and_allocate_commission_package_successfully.png
2026-07-02 10:34:02 [INFO] Starting test: Create and allocate commission package successfully
2026-07-02 10:34:02 [INFO] ===== Test Execution Started =====
2026-07-02 10:34:02 [INFO] Navigating to login page
2026-07-02 10:34:06 [INFO] Logging in with user: aih.admin@yopmail.com
2026-07-02 10:34:07 [INFO] Validating dashboard
2026-07-02 10:34:07 [INFO] Navigating to Agent tab
2026-07-02 10:34:14 [INFO] Opening Agents dropdown
2026-07-02 10:34:15 [INFO] Selecting Easy Commission
2026-07-02 10:34:16 [ERROR] Test failed: Create and allocate commission package successfully
2026-07-02 10:34:16 [ERROR] Failure screenshot saved: C:\Users\shashwat.singh\Desktop\Playwright_Commission_Automation\reports\failure-screenshots\Create_and_allocate_commission_package_successfully.png
2026-07-02 10:36:37 [INFO] Starting test: Create and allocate commission package successfully
2026-07-02 10:36:37 [INFO] ===== Test Execution Started =====
2026-07-02 10:36:37 [INFO] Navigating to login page
2026-07-02 10:36:41 [INFO] Logging in with user: aih.admin@yopmail.com
2026-07-02 10:36:42 [INFO] Validating dashboard
2026-07-02 10:36:42 [INFO] Navigating to Agent tab
2026-07-02 10:36:52 [ERROR] Test failed: Create and allocate commission package successfully
2026-07-02 10:36:52 [ERROR] Failure screenshot saved: C:\Users\shashwat.singh\Desktop\Playwright_Commission_Automation\reports\failure-screenshots\Create_and_allocate_commission_package_successfully.png
2026-07-02 10:37:13 [INFO] Starting test: Create and allocate commission package successfully
2026-07-02 10:37:13 [INFO] ===== Test Execution Started =====
2026-07-02 10:37:13 [INFO] Navigating to login page
2026-07-02 10:37:18 [INFO] Logging in with user: aih.admin@yopmail.com
2026-07-02 10:37:18 [INFO] Validating dashboard
2026-07-02 10:37:18 [INFO] Navigating to Agent tab
2026-07-02 10:37:26 [INFO] Opening Agents dropdown
2026-07-02 10:37:26 [INFO] Selecting Easy Commission
2026-07-02 10:37:26 [INFO] Clicking Settings
2026-07-02 10:37:27 [INFO] Clicking Manage Packages
2026-07-02 10:37:28 [INFO] Validating Commission Packages Page
2026-07-02 10:37:28 [ERROR] Test failed: Create and allocate commission package successfully
2026-07-02 10:37:28 [ERROR] Failure screenshot saved: C:\Users\shashwat.singh\Desktop\Playwright_Commission_Automation\reports\failure-screenshots\Create_and_allocate_commission_package_successfully.png
2026-07-02 10:38:18 [INFO] Starting test: Create and allocate commission package successfully
2026-07-02 10:38:18 [INFO] ===== Test Execution Started =====
2026-07-02 10:38:18 [INFO] Navigating to login page
2026-07-02 10:38:22 [INFO] Logging in with user: aih.admin@yopmail.com
2026-07-02 10:38:23 [INFO] Validating dashboard
2026-07-02 10:38:23 [INFO] Navigating to Agent tab
2026-07-02 10:38:27 [INFO] Opening Agents dropdown
2026-07-02 10:38:28 [INFO] Selecting Easy Commission
2026-07-02 10:38:30 [INFO] Clicking Settings
2026-07-02 10:38:31 [INFO] Clicking Manage Packages
2026-07-02 10:38:31 [INFO] Validating Commission Packages Page
2026-07-02 10:38:33 [ERROR] Test failed: Create and allocate commission package successfully
2026-07-02 10:38:33 [ERROR] Failure screenshot saved: C:\Users\shashwat.singh\Desktop\Playwright_Commission_Automation\reports\failure-screenshots\Create_and_allocate_commission_package_successfully.png
2026-07-02 10:39:40 [INFO] Starting test: Create and allocate commission package successfully
2026-07-02 10:39:40 [INFO] ===== Test Execution Started =====
2026-07-02 10:39:40 [INFO] Navigating to login page
2026-07-02 10:39:44 [INFO] Logging in with user: aih.admin@yopmail.com
2026-07-02 10:39:45 [INFO] Validating dashboard
2026-07-02 10:39:45 [INFO] Navigating to Agent tab
2026-07-02 10:39:51 [INFO] Opening Agents dropdown
2026-07-02 10:39:51 [INFO] Selecting Easy Commission
2026-07-02 10:39:52 [INFO] Clicking Settings
2026-07-02 10:39:52 [INFO] Clicking Manage Packages
2026-07-02 10:39:53 [INFO] Validating Commission Packages Page
2026-07-02 10:39:57 [INFO] Clicking Add Package
2026-07-02 10:39:57 [INFO] Entering package name: AT Test Package
2026-07-02 10:39:58 [INFO] Entering description: Playwright automation created package
2026-07-02 10:39:58 [INFO] Selecting current date from calendar
2026-07-02 10:39:58 [INFO] Clicking Done
2026-07-02 10:39:58 [INFO] Searching package: AT Test Package
2026-07-02 10:39:58 [INFO] Clicking Arrow button
2026-07-02 10:39:59 [INFO] Unchecking Courses
2026-07-02 10:40:00 [ERROR] Test failed: Create and allocate commission package successfully
2026-07-02 10:40:00 [ERROR] Failure screenshot saved: C:\Users\shashwat.singh\Desktop\Playwright_Commission_Automation\reports\failure-screenshots\Create_and_allocate_commission_package_successfully.png
2026-07-02 10:47:21 [INFO] Starting test: Create and allocate commission package successfully
2026-07-02 10:47:21 [INFO] ===== Test Execution Started =====
2026-07-02 10:47:21 [INFO] Navigating to login page
2026-07-02 10:47:25 [INFO] Logging in with user: aih.admin@yopmail.com
2026-07-02 10:47:26 [INFO] Validating dashboard
2026-07-02 10:47:26 [INFO] Navigating to Agent tab
2026-07-02 10:47:32 [INFO] Opening Agents dropdown
2026-07-02 10:47:33 [INFO] Selecting Easy Commission
2026-07-02 10:48:13 [INFO] Starting test: Create and allocate commission package successfully
2026-07-02 10:48:13 [INFO] ===== Test Execution Started =====
2026-07-02 10:48:13 [INFO] Navigating to login page
2026-07-02 10:48:16 [INFO] Logging in with user: aih.admin@yopmail.com
2026-07-02 10:48:17 [INFO] Validating dashboard
2026-07-02 10:48:17 [INFO] Navigating to Agent tab
2026-07-02 10:48:21 [INFO] Opening Agents dropdown
2026-07-02 10:48:22 [INFO] Selecting Easy Commission
2026-07-02 10:48:25 [INFO] Clicking Settings
2026-07-02 10:48:25 [INFO] Clicking Manage Packages
2026-07-02 10:48:26 [INFO] Validating Commission Packages Page
2026-07-02 10:48:29 [INFO] Clicking Add Package
2026-07-02 10:48:29 [INFO] Entering package name: AT Test Package
2026-07-02 10:48:30 [INFO] Entering description: Playwright automation created package
2026-07-02 10:48:30 [INFO] Selecting current date from calendar
2026-07-02 10:48:30 [INFO] Clicking Done
2026-07-02 10:48:31 [INFO] Searching package: AT Test Package
2026-07-02 10:48:31 [INFO] Clicking Arrow button
2026-07-02 10:48:32 [INFO] Unchecking Courses
2026-07-02 10:48:32 [ERROR] Test failed: Create and allocate commission package successfully
2026-07-02 10:48:32 [ERROR] Failure screenshot saved: C:\Users\shashwat.singh\Desktop\Playwright_Commission_Automation\reports\failure-screenshots\Create_and_allocate_commission_package_successfully.png
2026-07-02 11:14:42 [INFO] Starting test: Create and allocate commission package successfully
2026-07-02 11:14:42 [INFO] ===== Test Execution Started =====
2026-07-02 11:14:42 [INFO] Navigating to login page
2026-07-02 11:14:51 [INFO] Logging in with user: demoworld.admin@yopmail.com
2026-07-02 11:14:52 [INFO] Validating dashboard
2026-07-02 11:14:52 [INFO] Navigating to Agent tab
2026-07-02 11:14:59 [INFO] Opening Agents dropdown
2026-07-02 11:15:00 [INFO] Selecting Easy Commission
2026-07-02 11:15:02 [INFO] Clicking Settings
2026-07-02 11:15:03 [INFO] Clicking Manage Packages
2026-07-02 11:15:04 [INFO] Validating Commission Packages Page
2026-07-02 11:15:07 [INFO] Clicking Add Package
2026-07-02 11:15:08 [INFO] Entering package name: AT Test Package
2026-07-02 11:15:09 [INFO] Entering description: Playwright automation created package
2026-07-02 11:15:09 [INFO] Selecting current date from calendar
2026-07-02 11:15:09 [INFO] Clicking Done
2026-07-02 11:15:09 [INFO] Searching package: AT Test Package
2026-07-02 11:15:09 [INFO] Clicking Arrow button
2026-07-02 11:15:10 [INFO] Unchecking Courses
2026-07-02 11:15:12 [ERROR] Test failed: Create and allocate commission package successfully
2026-07-02 11:15:12 [ERROR] Failure screenshot saved: C:\Users\shashwat.singh\Desktop\Playwright_Commission_Automation\reports\failure-screenshots\Create_and_allocate_commission_package_successfully.png
2026-07-02 11:22:02 [INFO] Starting test: Create and allocate commission package successfully
2026-07-02 11:22:02 [INFO] ===== Test Execution Started =====
2026-07-02 11:22:02 [INFO] Navigating to login page
2026-07-02 11:22:06 [INFO] Logging in with user: demoworld.admin@yopmail.com
2026-07-02 11:22:07 [INFO] Validating dashboard
2026-07-02 11:22:07 [INFO] Navigating to Agent tab
2026-07-02 11:22:12 [INFO] Opening Agents dropdown
2026-07-02 11:22:13 [INFO] Selecting Easy Commission
2026-07-02 11:22:14 [INFO] Clicking Settings
2026-07-02 11:22:14 [INFO] Clicking Manage Packages
2026-07-02 11:22:15 [INFO] Validating Commission Packages Page
2026-07-02 11:22:18 [INFO] Clicking Add Package
2026-07-02 11:22:19 [INFO] Entering package name: AT Test Package
2026-07-02 11:22:19 [INFO] Entering description: Playwright automation created package
2026-07-02 11:22:20 [INFO] Selecting current date from calendar
2026-07-02 11:22:20 [INFO] Clicking Done
2026-07-02 11:22:20 [INFO] Searching package: AT Test Package
2026-07-02 11:22:20 [INFO] Clicking Arrow button
2026-07-02 11:22:24 [INFO] Unchecking Courses
2026-07-02 11:22:25 [ERROR] Test failed: Create and allocate commission package successfully
2026-07-02 11:22:25 [ERROR] Failure screenshot saved: C:\Users\shashwat.singh\Desktop\Playwright_Commission_Automation\reports\failure-screenshots\Create_and_allocate_commission_package_successfully.png
2026-07-02 11:34:19 [INFO] Starting test: Create and allocate commission package successfully
2026-07-02 11:34:19 [INFO] ===== Test Execution Started =====
2026-07-02 11:34:19 [INFO] Navigating to login page
2026-07-02 11:34:22 [INFO] Logging in with user: demoworld.admin@yopmail.com
2026-07-02 11:34:23 [INFO] Validating dashboard
2026-07-02 11:34:23 [INFO] Navigating to Agent tab
2026-07-02 11:34:31 [INFO] Opening Agents dropdown
2026-07-02 11:34:31 [INFO] Selecting Easy Commission
2026-07-02 11:34:31 [INFO] Clicking Settings
2026-07-02 11:34:32 [INFO] Clicking Manage Packages
2026-07-02 11:34:33 [INFO] Validating Commission Packages Page
2026-07-02 11:34:37 [INFO] Clicking Add Package
2026-07-02 11:34:38 [INFO] Entering package name: AT Test Package
2026-07-02 11:34:39 [INFO] Entering description: Playwright automation created package
2026-07-02 11:34:39 [INFO] Selecting current date from calendar
2026-07-02 11:34:39 [INFO] Clicking Done
2026-07-02 11:34:39 [INFO] Searching package: AT Test Package
2026-07-02 11:34:39 [INFO] Clicking Arrow button
2026-07-02 11:34:46 [INFO] Unchecking Courses
2026-07-02 11:34:46 [INFO] Unchecking Non Award Courses
2026-07-02 11:34:46 [INFO] Unchecking Packaged Awards
2026-07-02 11:34:46 [ERROR] Test failed: Create and allocate commission package successfully
2026-07-02 11:34:46 [ERROR] Failure screenshot saved: C:\Users\shashwat.singh\Desktop\Playwright_Commission_Automation\reports\failure-screenshots\Create_and_allocate_commission_package_successfully.png
2026-07-02 11:57:09 [INFO] Starting test: Create and allocate commission package successfully
2026-07-02 11:57:09 [INFO] ===== Test Execution Started =====
2026-07-02 11:57:09 [INFO] Navigating to login page
2026-07-02 11:57:14 [INFO] Logging in with user: demoworld.admin@yopmail.com
2026-07-02 11:57:15 [INFO] Validating dashboard
2026-07-02 11:57:15 [INFO] Navigating to Agent tab
2026-07-02 11:57:24 [INFO] Opening Agents dropdown
2026-07-02 11:57:25 [INFO] Selecting Easy Commission
2026-07-02 11:57:25 [INFO] Clicking Settings
2026-07-02 11:57:25 [INFO] Clicking Manage Packages
2026-07-02 11:57:27 [INFO] Validating Commission Packages Page
2026-07-02 11:57:31 [INFO] Clicking Add Package
2026-07-02 11:57:31 [INFO] Entering package name: AT Test Package
2026-07-02 11:57:32 [INFO] Entering description: Playwright automation created package
2026-07-02 11:57:32 [INFO] Selecting current date from calendar
2026-07-02 11:57:32 [INFO] Clicking Done
2026-07-02 11:57:32 [INFO] Searching package: AT Test Package
2026-07-02 11:57:32 [INFO] Clicking Arrow button
2026-07-02 11:57:39 [ERROR] Test failed: Create and allocate commission package successfully
2026-07-02 11:57:39 [ERROR] Failure screenshot saved: C:\Users\shashwat.singh\Desktop\Playwright_Commission_Automation\reports\failure-screenshots\Create_and_allocate_commission_package_successfully.png
2026-07-02 11:58:03 [INFO] Starting test: Create and allocate commission package successfully
2026-07-02 11:58:03 [INFO] ===== Test Execution Started =====
2026-07-02 11:58:03 [INFO] Navigating to login page
2026-07-02 11:58:06 [INFO] Logging in with user: demoworld.admin@yopmail.com
2026-07-02 11:58:08 [INFO] Validating dashboard
2026-07-02 11:58:08 [INFO] Navigating to Agent tab
2026-07-02 11:58:17 [INFO] Opening Agents dropdown
2026-07-02 11:58:17 [INFO] Selecting Easy Commission
2026-07-02 11:58:19 [INFO] Clicking Settings
2026-07-02 11:58:19 [INFO] Clicking Manage Packages
2026-07-02 11:58:21 [INFO] Validating Commission Packages Page
2026-07-02 11:58:24 [INFO] Clicking Add Package
2026-07-02 11:58:24 [INFO] Entering package name: AT Test Package
2026-07-02 11:58:25 [INFO] Entering description: Playwright automation created package
2026-07-02 11:58:25 [INFO] Selecting current date from calendar
2026-07-02 11:58:25 [INFO] Clicking Done
2026-07-02 11:58:25 [INFO] Searching package: AT Test Package
2026-07-02 11:58:26 [INFO] Clicking Arrow button
2026-07-02 11:58:31 [INFO] Unchecking Courses
2026-07-02 11:58:31 [INFO] Unchecking Non Award Courses
2026-07-02 11:58:31 [INFO] Unchecking Packaged Awards
2026-07-02 11:58:31 [ERROR] Test failed: Create and allocate commission package successfully
2026-07-02 11:58:31 [ERROR] Failure screenshot saved: C:\Users\shashwat.singh\Desktop\Playwright_Commission_Automation\reports\failure-screenshots\Create_and_allocate_commission_package_successfully.png
2026-07-02 12:01:03 [INFO] Starting test: Create and allocate commission package successfully
2026-07-02 12:01:03 [INFO] ===== Test Execution Started =====
2026-07-02 12:01:03 [INFO] Navigating to login page
2026-07-02 12:01:07 [INFO] Logging in with user: demoworld.admin@yopmail.com
2026-07-02 12:01:08 [INFO] Validating dashboard
2026-07-02 12:01:08 [INFO] Navigating to Agent tab
2026-07-02 12:01:20 [INFO] Opening Agents dropdown
2026-07-02 12:01:20 [INFO] Selecting Easy Commission
2026-07-02 12:01:22 [INFO] Clicking Settings
2026-07-02 12:01:22 [INFO] Clicking Manage Packages
2026-07-02 12:01:24 [INFO] Validating Commission Packages Page
2026-07-02 12:01:29 [INFO] Clicking Add Package
2026-07-02 12:01:29 [INFO] Entering package name: AT Test Package
2026-07-02 12:01:31 [INFO] Entering description: Playwright automation created package
2026-07-02 12:01:31 [INFO] Selecting current date from calendar
2026-07-02 12:01:31 [INFO] Clicking Done
2026-07-02 12:01:31 [INFO] Searching package: AT Test Package
2026-07-02 12:01:31 [INFO] Clicking Arrow button
2026-07-02 12:01:33 [ERROR] Test failed: Create and allocate commission package successfully
2026-07-02 12:01:33 [ERROR] Failure screenshot saved: C:\Users\shashwat.singh\Desktop\Playwright_Commission_Automation\reports\failure-screenshots\Create_and_allocate_commission_package_successfully.png
2026-07-02 12:03:48 [INFO] Starting test: Create and allocate commission package successfully
2026-07-02 12:03:48 [INFO] ===== Test Execution Started =====
2026-07-02 12:03:48 [INFO] Navigating to login page
2026-07-02 12:03:55 [INFO] Logging in with user: demoworld.admin@yopmail.com
2026-07-02 12:03:57 [INFO] Validating dashboard
2026-07-02 12:03:57 [INFO] Navigating to Agent tab
2026-07-02 12:04:07 [INFO] Opening Agents dropdown
2026-07-02 12:04:07 [INFO] Selecting Easy Commission
2026-07-02 12:04:09 [INFO] Clicking Settings
2026-07-02 12:04:09 [INFO] Clicking Manage Packages
2026-07-02 12:04:11 [INFO] Validating Commission Packages Page
2026-07-02 12:04:15 [INFO] Clicking Add Package
2026-07-02 12:04:15 [INFO] Entering package name: AT Test Package
2026-07-02 12:04:16 [INFO] Entering description: Playwright automation created package
2026-07-02 12:04:16 [INFO] Selecting current date from calendar
2026-07-02 12:04:16 [INFO] Clicking Done
2026-07-02 12:04:16 [INFO] Searching package: AT Test Package
2026-07-02 12:04:16 [INFO] Clicking Arrow button
2026-07-02 12:04:18 [ERROR] Test failed: Create and allocate commission package successfully
2026-07-02 12:04:18 [ERROR] Failure screenshot saved: C:\Users\shashwat.singh\Desktop\Playwright_Commission_Automation\reports\failure-screenshots\Create_and_allocate_commission_package_successfully.png
2026-07-02 15:21:25 [INFO] Starting test: Create and allocate commission package successfully
2026-07-02 15:21:25 [INFO] ===== Test Execution Started =====
2026-07-02 15:21:25 [INFO] Navigating to login page
2026-07-02 15:21:32 [INFO] Logging in with user: demoworld.admin@yopmail.com
2026-07-02 15:21:37 [INFO] Validating dashboard
2026-07-02 15:21:37 [INFO] Navigating to Agent tab
2026-07-02 15:21:49 [ERROR] Test failed: Create and allocate commission package successfully
2026-07-02 15:21:49 [ERROR] Failure screenshot saved: C:\Users\shashwat.singh\Desktop\Playwright_Commission_Automation\reports\failure-screenshots\Create_and_allocate_commission_package_successfully.png
2026-07-02 15:22:41 [INFO] Starting test: Create and allocate commission package successfully
2026-07-02 15:22:41 [INFO] ===== Test Execution Started =====
2026-07-02 15:22:41 [INFO] Navigating to login page
2026-07-02 15:22:47 [INFO] Logging in with user: demoworld.admin@yopmail.com
2026-07-02 15:22:49 [INFO] Validating dashboard
2026-07-02 15:22:49 [INFO] Navigating to Agent tab
2026-07-02 15:22:59 [ERROR] Test failed: Create and allocate commission package successfully
2026-07-02 15:22:59 [ERROR] Failure screenshot saved: C:\Users\shashwat.singh\Desktop\Playwright_Commission_Automation\reports\failure-screenshots\Create_and_allocate_commission_package_successfully.png
2026-07-02 15:23:55 [INFO] Starting test: Create and allocate commission package successfully
2026-07-02 15:23:55 [INFO] ===== Test Execution Started =====
2026-07-02 15:23:55 [INFO] Navigating to login page
2026-07-02 15:24:00 [INFO] Logging in with user: demoworld.admin@yopmail.com
2026-07-02 15:24:02 [INFO] Validating dashboard
2026-07-02 15:24:02 [INFO] Navigating to Agent tab
2026-07-02 15:24:12 [ERROR] Test failed: Create and allocate commission package successfully
2026-07-02 15:24:12 [ERROR] Failure screenshot saved: C:\Users\shashwat.singh\Desktop\Playwright_Commission_Automation\reports\failure-screenshots\Create_and_allocate_commission_package_successfully.png
2026-07-02 15:42:16 [INFO] Starting test: Create and allocate commission package successfully
2026-07-02 15:42:16 [INFO] ===== Test Execution Started =====
2026-07-02 15:42:16 [INFO] Navigating to login page
2026-07-02 15:42:23 [INFO] Logging in with user: demoworld.admin@yopmail.com
2026-07-02 15:42:25 [INFO] Validating dashboard
2026-07-02 15:42:25 [INFO] Navigating to Agent tab
2026-07-02 15:42:35 [ERROR] Test failed: Create and allocate commission package successfully
2026-07-02 15:42:35 [ERROR] Failure screenshot saved: C:\Users\shashwat.singh\Desktop\Playwright_Commission_Automation\reports\failure-screenshots\Create_and_allocate_commission_package_successfully.png
2026-07-02 15:43:34 [INFO] Starting test: Create and allocate commission package successfully
2026-07-02 15:43:34 [INFO] ===== Test Execution Started =====
2026-07-02 15:43:34 [INFO] Navigating to login page
2026-07-02 15:43:39 [INFO] Logging in with user: demoworld.admin@yopmail.com
2026-07-02 15:43:41 [INFO] Validating dashboard
2026-07-02 15:43:41 [INFO] Navigating to Agent tab
2026-07-02 15:43:51 [ERROR] Test failed: Create and allocate commission package successfully
2026-07-02 15:43:51 [ERROR] Failure screenshot saved: C:\Users\shashwat.singh\Desktop\Playwright_Commission_Automation\reports\failure-screenshots\Create_and_allocate_commission_package_successfully.png
2026-07-02 15:48:33 [INFO] Starting test: Create and allocate commission package successfully
2026-07-02 15:48:34 [INFO] ===== Test Execution Started =====
2026-07-02 15:48:34 [INFO] Navigating to login page
2026-07-02 15:48:42 [INFO] Logging in with user: aih.admin@yopmail.com
2026-07-02 15:48:43 [INFO] Validating dashboard
2026-07-02 15:48:43 [INFO] Navigating to Agent tab
2026-07-02 15:48:56 [INFO] Opening Agents dropdown
2026-07-02 15:48:57 [INFO] Selecting Easy Commission
2026-07-02 15:48:58 [INFO] Clicking Settings
2026-07-02 15:48:58 [INFO] Clicking Manage Packages
2026-07-02 15:48:59 [INFO] Validating Commission Packages Page
2026-07-02 15:49:07 [INFO] Clicking Add Package
2026-07-02 15:49:07 [INFO] Entering package name: AT Test Package
2026-07-02 15:49:08 [INFO] Entering description: Playwright automation created package
2026-07-02 15:49:08 [INFO] Selecting current date from calendar
2026-07-02 15:49:09 [INFO] Clicking Done
2026-07-02 15:49:09 [INFO] Searching package: AT Test Package
2026-07-02 15:49:09 [INFO] Clicking Arrow button
2026-07-02 15:49:13 [ERROR] Test failed: Create and allocate commission package successfully
2026-07-02 15:49:13 [ERROR] Failure screenshot saved: C:\Users\shashwat.singh\Desktop\Playwright_Commission_Automation\reports\failure-screenshots\Create_and_allocate_commission_package_successfully.png
2026-07-02 16:21:06 [INFO] Starting test: Create and allocate commission package successfully
2026-07-02 16:21:06 [INFO] ===== Test Execution Started =====
2026-07-02 16:21:06 [INFO] Navigating to login page
2026-07-02 16:21:12 [INFO] Logging in with user: aih.admin@yopmail.com
2026-07-02 16:21:14 [INFO] Validating dashboard
2026-07-02 16:21:14 [INFO] Navigating to Agent tab
2026-07-02 16:21:26 [INFO] Opening Agents dropdown
2026-07-02 16:21:26 [INFO] Selecting Easy Commission
2026-07-02 16:21:27 [INFO] Clicking Settings
2026-07-02 16:21:27 [INFO] Clicking Manage Packages
2026-07-02 16:21:29 [INFO] Validating Commission Packages Page
2026-07-02 16:21:35 [INFO] Clicking Add Package
2026-07-02 16:21:36 [INFO] Entering package name: AT Test Package
2026-07-02 16:21:37 [INFO] Entering description: Playwright automation created package
2026-07-02 16:21:37 [INFO] Selecting current date from calendar
2026-07-02 16:21:37 [INFO] Clicking Done
2026-07-02 16:21:37 [INFO] Searching package: AT Test Package
2026-07-02 16:21:37 [INFO] Clicking Arrow button
2026-07-02 16:21:46 [ERROR] Test failed: Create and allocate commission package successfully
2026-07-02 16:21:46 [ERROR] Failure screenshot saved: C:\Users\shashwat.singh\Desktop\Playwright_Commission_Automation\reports\failure-screenshots\Create_and_allocate_commission_package_successfully.png
2026-07-03 12:41:06 [INFO] Starting test: Create and allocate commission package successfully
2026-07-03 12:41:06 [INFO] ===== Test Execution Started =====
2026-07-03 12:41:06 [INFO] Navigating to login page
2026-07-03 12:41:17 [INFO] Logging in with user: aih.admin@yopmail.com
2026-07-03 12:41:22 [INFO] Validating dashboard
2026-07-03 12:41:22 [INFO] Navigating to Agent tab
2026-07-03 12:41:32 [INFO] Opening Agents dropdown
2026-07-03 12:41:32 [INFO] Selecting Easy Commission
2026-07-03 12:41:37 [INFO] Clicking Settings
2026-07-03 12:41:37 [INFO] Clicking Manage Packages
2026-07-03 12:41:38 [INFO] Validating Commission Packages Page
2026-07-03 12:41:42 [INFO] Clicking Add Package
2026-07-03 12:41:42 [INFO] Entering package name: AT Test Package
2026-07-03 12:41:43 [INFO] Entering description: Playwright automation created package
2026-07-03 12:41:43 [INFO] Selecting current date from calendar
2026-07-03 12:41:43 [INFO] Clicking Done
2026-07-03 12:41:43 [INFO] Searching package: AT Test Package
2026-07-03 12:41:43 [INFO] Clicking Arrow button
2026-07-03 12:41:45 [ERROR] Test failed: Create and allocate commission package successfully
2026-07-03 12:41:45 [ERROR] Failure screenshot saved: C:\Users\shashwat.singh\Desktop\Playwright_Commission_Automation\reports\failure-screenshots\Create_and_allocate_commission_package_successfully.png
2026-07-03 12:43:49 [INFO] Starting test: Create and allocate commission package successfully
2026-07-03 12:43:49 [INFO] ===== Test Execution Started =====
2026-07-03 12:43:49 [INFO] Navigating to login page
2026-07-03 12:43:59 [INFO] Logging in with user: aih.admin@yopmail.com
2026-07-03 12:44:00 [INFO] Validating dashboard
2026-07-03 12:44:00 [INFO] Navigating to Agent tab
2026-07-03 12:44:07 [INFO] Opening Agents dropdown
2026-07-03 12:44:08 [INFO] Selecting Easy Commission
2026-07-03 12:44:12 [INFO] Clicking Settings
2026-07-03 12:44:12 [INFO] Clicking Manage Packages
2026-07-03 12:44:13 [INFO] Validating Commission Packages Page
2026-07-03 12:44:16 [INFO] Clicking Add Package
2026-07-03 12:44:16 [INFO] Entering package name: AT Test Package
2026-07-03 12:44:17 [INFO] Entering description: Playwright automation created package
2026-07-03 12:44:17 [INFO] Selecting current date from calendar
2026-07-03 12:44:18 [INFO] Clicking Done
2026-07-03 12:44:18 [INFO] Searching package: AT Test Package
2026-07-03 12:44:18 [INFO] Clicking Arrow button
2026-07-03 12:44:23 [INFO] Unchecking Courses
2026-07-03 12:44:23 [INFO] Unchecking Non Award Courses
2026-07-03 12:44:23 [INFO] Unchecking Packaged Awards
2026-07-03 12:44:24 [ERROR] Test failed: Create and allocate commission package successfully
2026-07-03 12:44:24 [ERROR] Failure screenshot saved: C:\Users\shashwat.singh\Desktop\Playwright_Commission_Automation\reports\failure-screenshots\Create_and_allocate_commission_package_successfully.png
2026-07-03 13:51:14 [INFO] Starting test: Create and allocate commission package successfully
2026-07-03 13:51:14 [INFO] ===== Test Execution Started =====
2026-07-03 13:51:14 [INFO] Navigating to login page
2026-07-03 13:51:24 [INFO] Logging in with user: aih.admin@yopmail.com
2026-07-03 13:51:29 [INFO] Validating dashboard
2026-07-03 13:51:29 [INFO] Navigating to Agent tab
2026-07-03 13:51:36 [INFO] Opening Agents dropdown
2026-07-03 13:51:36 [INFO] Selecting Easy Commission
2026-07-03 13:51:37 [INFO] Clicking Settings
2026-07-03 13:51:37 [INFO] Clicking Manage Packages
2026-07-03 13:51:38 [INFO] Validating Commission Packages Page
2026-07-03 15:41:02 [INFO] Starting test: Create and allocate commission package successfully
2026-07-03 15:41:02 [INFO] ===== Test Execution Started =====
2026-07-03 15:41:02 [INFO] Navigating to login page
2026-07-03 15:41:12 [INFO] Logging in with user: aih.admin@yopmail.com
2026-07-03 15:41:13 [INFO] Validating dashboard
2026-07-03 15:41:13 [INFO] Navigating to Agent tab
2026-07-03 15:41:24 [INFO] Opening Agents dropdown
2026-07-03 15:41:24 [INFO] Selecting Easy Commission
2026-07-03 15:41:26 [INFO] Clicking Settings
2026-07-03 15:41:26 [INFO] Clicking Manage Packages
2026-07-03 15:41:29 [INFO] Validating Commission Packages Page
2026-07-03 15:41:33 [INFO] Clicking Add Package
2026-07-03 15:41:33 [INFO] Entering package name: AT Test Package
2026-07-03 15:41:36 [INFO] Entering description: Playwright automation created package
2026-07-03 15:41:36 [INFO] Selecting current date from calendar
2026-07-03 15:41:36 [INFO] Clicking Done
2026-07-03 15:41:36 [INFO] Searching package: AT Test Package
2026-07-03 15:41:36 [INFO] Clicking Arrow button
2026-07-03 15:41:41 [ERROR] Test failed: Create and allocate commission package successfully
2026-07-03 15:41:41 [ERROR] Failure screenshot saved: C:\Users\shashwat.singh\Desktop\Playwright_Commission_Automation\reports\failure-screenshots\Create_and_allocate_commission_package_successfully.png
2026-07-06 09:35:43 [INFO] Starting test: Create and allocate commission package successfully
2026-07-06 09:35:43 [INFO] ===== Test Execution Started =====
2026-07-06 09:35:43 [INFO] Navigating to login page
2026-07-06 09:35:47 [INFO] Logging in with user: aih.admin@yopmail.com
2026-07-06 09:35:48 [INFO] Validating dashboard
2026-07-06 09:35:48 [INFO] Navigating to Agent tab
2026-07-06 09:35:53 [INFO] Opening Agents dropdown
2026-07-06 09:35:53 [INFO] Selecting Easy Commission
2026-07-06 09:35:57 [INFO] Clicking Settings
2026-07-06 09:35:57 [INFO] Clicking Manage Packages
2026-07-06 09:35:58 [INFO] Validating Commission Packages Page
2026-07-06 09:36:02 [INFO] Clicking Add Package
2026-07-06 09:36:02 [INFO] Entering package name: AT Test Package
2026-07-06 09:36:03 [INFO] Entering description: Playwright automation created package
2026-07-06 09:36:03 [INFO] Selecting current date from calendar
2026-07-06 09:36:03 [INFO] Clicking Done
2026-07-06 09:36:03 [INFO] Searching package: AT Test Package
2026-07-06 09:36:03 [INFO] Clicking Arrow button
2026-07-06 09:36:10 [INFO] Unchecking Courses
2026-07-06 09:36:10 [INFO] Unchecking Non Award Courses
2026-07-06 09:36:10 [INFO] Unchecking Packaged Awards
2026-07-06 09:36:11 [INFO] Selecting No radio button
2026-07-06 09:36:22 [ERROR] Test failed: Create and allocate commission package successfully
2026-07-06 09:36:22 [ERROR] Failure screenshot saved: C:\Users\shashwat.singh\Desktop\Playwright_Commission_Automation\reports\failure-screenshots\Create_and_allocate_commission_package_successfully.png
2026-07-06 10:01:15 [INFO] Starting test: Create and allocate commission package successfully
2026-07-06 10:01:15 [INFO] ===== Test Execution Started =====
2026-07-06 10:01:15 [INFO] Navigating to login page
2026-07-06 10:01:19 [INFO] Logging in with user: aih.admin@yopmail.com
2026-07-06 10:01:20 [INFO] Validating dashboard
2026-07-06 10:01:20 [INFO] Navigating to Agent tab
2026-07-06 10:01:27 [INFO] Opening Agents dropdown
2026-07-06 10:01:28 [INFO] Selecting Easy Commission
2026-07-06 10:01:29 [INFO] Clicking Settings
2026-07-06 10:01:29 [INFO] Clicking Manage Packages
2026-07-06 10:01:30 [INFO] Validating Commission Packages Page
2026-07-06 10:01:33 [INFO] Clicking Add Package
2026-07-06 10:01:33 [INFO] Entering package name: Yash Test
2026-07-06 10:01:34 [INFO] Entering description: Playwright automation created package
2026-07-06 10:01:34 [INFO] Selecting current date from calendar
2026-07-06 10:01:34 [INFO] Clicking Done
2026-07-06 10:01:34 [INFO] Searching package: Yash Test
2026-07-06 10:01:34 [INFO] Clicking Arrow button
2026-07-06 10:01:39 [INFO] Unchecking Courses
2026-07-06 10:01:39 [INFO] Unchecking Non Award Courses
2026-07-06 10:01:55 [ERROR] Test failed: Create and allocate commission package successfully
2026-07-06 10:01:55 [ERROR] Failure screenshot saved: C:\Users\shashwat.singh\Desktop\Playwright_Commission_Automation\reports\failure-screenshots\Create_and_allocate_commission_package_successfully.png
2026-07-06 10:06:04 [INFO] Starting test: Create and allocate commission package successfully
2026-07-06 10:06:04 [INFO] ===== Test Execution Started =====
2026-07-06 10:06:04 [INFO] Navigating to login page
2026-07-06 10:06:08 [INFO] Logging in with user: aih.admin@yopmail.com
2026-07-06 10:06:09 [INFO] Validating dashboard
2026-07-06 10:06:09 [INFO] Navigating to Agent tab
2026-07-06 10:06:16 [INFO] Opening Agents dropdown
2026-07-06 10:06:16 [INFO] Selecting Easy Commission
2026-07-06 10:06:18 [INFO] Clicking Settings
2026-07-06 10:06:18 [INFO] Clicking Manage Packages
2026-07-06 10:06:19 [INFO] Validating Commission Packages Page
2026-07-06 10:06:22 [INFO] Clicking Add Package
2026-07-06 10:06:23 [INFO] Entering package name: Yash Test
2026-07-06 10:06:24 [INFO] Entering description: Playwright automation created package
2026-07-06 10:06:24 [INFO] Selecting current date from calendar
2026-07-06 10:06:24 [INFO] Clicking Done
2026-07-06 10:06:24 [INFO] Searching package: Yash Test
2026-07-06 10:06:24 [ERROR] Test failed: Create and allocate commission package successfully
2026-07-06 10:06:24 [ERROR] Failure screenshot saved: C:\Users\shashwat.singh\Desktop\Playwright_Commission_Automation\reports\failure-screenshots\Create_and_allocate_commission_package_successfully.png
2026-07-06 10:07:05 [INFO] Starting test: Create and allocate commission package successfully
2026-07-06 10:07:05 [INFO] ===== Test Execution Started =====
2026-07-06 10:07:05 [INFO] Navigating to login page
2026-07-06 10:07:09 [INFO] Logging in with user: aih.admin@yopmail.com
2026-07-06 10:07:09 [INFO] Validating dashboard
2026-07-06 10:07:09 [INFO] Navigating to Agent tab
2026-07-06 10:07:18 [INFO] Opening Agents dropdown
2026-07-06 10:07:19 [INFO] Selecting Easy Commission
2026-07-06 10:07:22 [INFO] Clicking Settings
2026-07-06 10:07:22 [INFO] Clicking Manage Packages
2026-07-06 10:07:23 [INFO] Validating Commission Packages Page
2026-07-06 10:07:27 [INFO] Clicking Add Package
2026-07-06 10:07:27 [INFO] Entering package name: Yash Test
2026-07-06 10:07:28 [INFO] Entering description: Playwright automation created package
2026-07-06 10:07:28 [INFO] Selecting current date from calendar
2026-07-06 10:07:28 [INFO] Clicking Done
2026-07-06 10:07:28 [INFO] Searching package: Yash Test
2026-07-06 10:07:28 [INFO] Clicking Arrow button
2026-07-06 10:07:33 [INFO] Unchecking Courses
2026-07-06 10:07:33 [INFO] Unchecking Non Award Courses
2026-07-06 10:07:44 [ERROR] Test failed: Create and allocate commission package successfully
2026-07-06 10:07:44 [ERROR] Failure screenshot saved: C:\Users\shashwat.singh\Desktop\Playwright_Commission_Automation\reports\failure-screenshots\Create_and_allocate_commission_package_successfully.png
2026-07-06 10:18:59 [INFO] Starting test: Create and allocate commission package successfully
2026-07-06 10:18:59 [INFO] ===== Test Execution Started =====
2026-07-06 10:18:59 [INFO] Navigating to login page
2026-07-06 10:19:03 [INFO] Logging in with user: aih.admin@yopmail.com
2026-07-06 10:19:04 [INFO] Validating dashboard
2026-07-06 10:19:04 [INFO] Navigating to Agent tab
2026-07-06 10:19:11 [INFO] Opening Agents dropdown
2026-07-06 10:19:11 [INFO] Selecting Easy Commission
2026-07-06 10:19:13 [INFO] Clicking Settings
2026-07-06 10:19:13 [INFO] Clicking Manage Packages
2026-07-06 10:19:14 [INFO] Validating Commission Packages Page
2026-07-06 10:19:17 [INFO] Clicking Add Package
2026-07-06 10:19:17 [INFO] Entering package name: Yash Test
2026-07-06 10:19:18 [INFO] Entering description: Test
2026-07-06 10:19:18 [INFO] Selecting current date from calendar
2026-07-06 10:19:18 [INFO] Clicking Done
2026-07-06 10:19:18 [INFO] Searching package: Yash Test
2026-07-06 10:19:18 [INFO] Clicking Arrow button
2026-07-06 10:19:23 [INFO] Unchecking Courses
2026-07-06 10:19:23 [INFO] Unchecking Non Award Courses
2026-07-06 10:19:38 [ERROR] Test failed: Create and allocate commission package successfully
2026-07-06 10:19:38 [ERROR] Failure screenshot saved: C:\Users\shashwat.singh\Desktop\Playwright_Commission_Automation\reports\failure-screenshots\Create_and_allocate_commission_package_successfully.png
2026-07-06 10:28:56 [INFO] Starting test: Create and allocate commission package successfully
2026-07-06 10:28:56 [INFO] ===== Test Execution Started =====
2026-07-06 10:28:56 [INFO] Navigating to login page
2026-07-06 10:29:00 [INFO] Logging in with user: aih.admin@yopmail.com
2026-07-06 10:29:01 [INFO] Validating dashboard
2026-07-06 10:29:01 [INFO] Navigating to Agent tab
2026-07-06 10:29:10 [INFO] Opening Agents dropdown
2026-07-06 10:29:11 [INFO] Selecting Easy Commission
2026-07-06 10:29:13 [INFO] Clicking Settings
2026-07-06 10:29:13 [INFO] Clicking Manage Packages
2026-07-06 10:29:14 [INFO] Validating Commission Packages Page
2026-07-06 10:29:17 [INFO] Clicking Add Package
2026-07-06 10:29:18 [INFO] Entering package name: Yash Test
2026-07-06 10:29:19 [INFO] Entering description: Test
2026-07-06 10:29:19 [INFO] Selecting current date from calendar
2026-07-06 10:29:19 [INFO] Clicking Done
2026-07-06 10:29:19 [INFO] Searching package: Yash Test
2026-07-06 10:29:19 [INFO] Clicking Arrow button
2026-07-06 10:29:24 [INFO] Unchecking Courses
2026-07-06 10:29:24 [INFO] Unchecking Non Award Courses
2026-07-06 10:29:36 [ERROR] Test failed: Create and allocate commission package successfully
2026-07-06 10:29:36 [ERROR] Failure screenshot saved: C:\Users\shashwat.singh\Desktop\Playwright_Commission_Automation\reports\failure-screenshots\Create_and_allocate_commission_package_successfully.png
2026-07-06 10:32:02 [INFO] Starting test: Create and allocate commission package successfully
2026-07-06 10:32:02 [INFO] ===== Test Execution Started =====
2026-07-06 10:32:02 [INFO] Navigating to login page
2026-07-06 10:32:07 [INFO] Logging in with user: aih.admin@yopmail.com
2026-07-06 10:32:08 [INFO] Validating dashboard
2026-07-06 10:32:08 [INFO] Navigating to Agent tab
2026-07-06 10:32:17 [INFO] Opening Agents dropdown
2026-07-06 10:32:18 [INFO] Selecting Easy Commission
2026-07-06 10:32:19 [INFO] Clicking Settings
2026-07-06 10:32:19 [INFO] Clicking Manage Packages
2026-07-06 10:32:20 [INFO] Validating Commission Packages Page
2026-07-06 10:32:24 [INFO] Clicking Add Package
2026-07-06 10:32:24 [INFO] Entering package name: Yash Test
2026-07-06 10:32:25 [INFO] Entering description: Test
2026-07-06 10:32:25 [INFO] Selecting current date from calendar
2026-07-06 10:32:25 [INFO] Clicking Done
2026-07-06 10:32:25 [INFO] Searching package: Yash Test
2026-07-06 10:32:25 [INFO] Clicking Arrow button
2026-07-06 10:32:30 [INFO] Unchecking Courses
2026-07-06 10:32:30 [INFO] Unchecking Non Award Courses
2026-07-06 10:32:42 [ERROR] Test failed: Create and allocate commission package successfully
2026-07-06 10:32:42 [ERROR] Failure screenshot saved: C:\Users\shashwat.singh\Desktop\Playwright_Commission_Automation\reports\failure-screenshots\Create_and_allocate_commission_package_successfully.png
2026-07-06 11:03:19 [INFO] Starting test: Create and allocate commission package successfully
2026-07-06 11:03:19 [INFO] ===== Test Execution Started =====
2026-07-06 11:03:19 [INFO] Navigating to login page
2026-07-06 11:03:24 [INFO] Logging in with user: aih.admin@yopmail.com
2026-07-06 11:03:25 [INFO] Validating dashboard
2026-07-06 11:03:25 [INFO] Navigating to Agent tab
2026-07-06 11:03:32 [INFO] Opening Agents dropdown
2026-07-06 11:03:32 [INFO] Selecting Easy Commission
2026-07-06 11:03:34 [INFO] Clicking Settings
2026-07-06 11:03:34 [INFO] Clicking Manage Packages
2026-07-06 11:03:35 [INFO] Validating Commission Packages Page
2026-07-06 11:03:39 [INFO] Clicking Add Package
2026-07-06 11:03:39 [INFO] Entering package name: Yash Test
2026-07-06 11:03:39 [INFO] Entering description: Test
2026-07-06 11:03:39 [INFO] Selecting current date from calendar
2026-07-06 11:03:39 [INFO] Clicking Done
2026-07-06 11:03:39 [INFO] Searching package: Yash Test
2026-07-06 11:03:40 [INFO] Clicking Arrow button
2026-07-06 11:03:44 [INFO] Unchecking Courses
2026-07-06 11:03:44 [INFO] Unchecking Non Award Courses
2026-07-06 11:03:59 [ERROR] Test failed: Create and allocate commission package successfully
2026-07-06 11:03:59 [ERROR] Failure screenshot saved: C:\Users\shashwat.singh\Desktop\Playwright_Commission_Automation\reports\failure-screenshots\Create_and_allocate_commission_package_successfully.png
2026-07-06 11:58:24 [INFO] Starting test: Create and allocate commission package successfully
2026-07-06 11:58:24 [INFO] ===== Test Execution Started =====
2026-07-06 11:58:24 [INFO] Navigating to login page
2026-07-06 11:58:28 [INFO] Logging in with user: aih.admin@yopmail.com
2026-07-06 11:58:28 [INFO] Validating dashboard
2026-07-06 11:58:28 [INFO] Navigating to Agent tab
2026-07-06 11:58:34 [INFO] Opening Agents dropdown
2026-07-06 11:58:35 [INFO] Selecting Easy Commission
2026-07-06 11:58:37 [INFO] Clicking Settings
2026-07-06 11:58:37 [INFO] Clicking Manage Packages
2026-07-06 11:58:38 [INFO] Validating Commission Packages Page
2026-07-06 11:58:42 [INFO] Clicking Add Package
2026-07-06 11:58:42 [INFO] Entering package name: Yash Test
2026-07-06 11:58:42 [INFO] Entering description: Test
2026-07-06 11:58:42 [INFO] Selecting current date from calendar
2026-07-06 11:58:42 [INFO] Clicking Done
2026-07-06 11:58:43 [INFO] Searching package: Yash Test
2026-07-06 11:58:43 [INFO] Opening first result
2026-07-06 11:58:43 [INFO] Clicking Arrow button
2026-07-06 11:58:48 [INFO] Unchecking Courses
2026-07-06 11:58:48 [INFO] Unchecking Non Award Courses
2026-07-06 11:59:03 [ERROR] Test failed: Create and allocate commission package successfully
2026-07-06 11:59:03 [ERROR] Failure screenshot saved: C:\Users\shashwat.singh\Desktop\Playwright_Commission_Automation\reports\failure-screenshots\Create_and_allocate_commission_package_successfully.png
2026-07-06 14:04:54 [INFO] Starting test: Create and allocate commission package successfully
2026-07-06 14:04:54 [INFO] ===== Test Execution Started =====
2026-07-06 14:04:54 [INFO] Navigating to login page
2026-07-06 14:04:58 [INFO] Logging in with user: aih.admin@yopmail.com
2026-07-06 14:04:59 [INFO] Validating dashboard
2026-07-06 14:04:59 [INFO] Navigating to Agent tab
2026-07-06 14:05:05 [INFO] Opening Agents dropdown
2026-07-06 14:05:05 [INFO] Selecting Easy Commission
2026-07-06 14:05:07 [INFO] Clicking Settings
2026-07-06 14:05:07 [INFO] Clicking Manage Packages
2026-07-06 14:05:08 [INFO] Validating Commission Packages Page
2026-07-06 14:05:11 [INFO] Clicking Add Package
2026-07-06 14:05:11 [INFO] Entering package name: Yash Test
2026-07-06 14:05:12 [INFO] Entering description: Test
2026-07-06 14:05:12 [INFO] Selecting current date from calendar
2026-07-06 14:05:12 [INFO] Clicking Done
2026-07-06 14:05:12 [INFO] Searching package: Yash Test
2026-07-06 14:05:12 [INFO] Opening first result
2026-07-06 14:05:13 [INFO] Clicking Arrow button
2026-07-06 14:05:18 [INFO] Unchecking Courses
2026-07-06 14:05:18 [INFO] Unchecking Non Award Courses
2026-07-06 14:09:17 [INFO] Starting test: Create and allocate commission package successfully
2026-07-06 14:09:17 [INFO] ===== Test Execution Started =====
2026-07-06 14:09:17 [INFO] Navigating to login page
2026-07-06 14:09:21 [INFO] Logging in with user: aih.admin@yopmail.com
2026-07-06 14:09:21 [INFO] Validating dashboard
2026-07-06 14:09:21 [INFO] Navigating to Agent tab
2026-07-06 14:09:31 [INFO] Opening Agents dropdown
2026-07-06 14:09:31 [INFO] Selecting Easy Commission
2026-07-06 14:09:33 [INFO] Clicking Settings
2026-07-06 14:09:33 [INFO] Clicking Manage Packages
2026-07-06 14:09:34 [INFO] Validating Commission Packages Page
2026-07-06 14:09:38 [INFO] Clicking Add Package
2026-07-06 14:09:38 [INFO] Entering package name: Yash Test
2026-07-06 14:09:38 [INFO] Entering description: Test
2026-07-06 14:09:39 [INFO] Selecting current date from calendar
2026-07-06 14:09:39 [INFO] Clicking Done
2026-07-06 14:09:39 [INFO] Searching package: Yash Test
2026-07-06 14:09:39 [INFO] Opening first result
2026-07-06 14:09:40 [INFO] Clicking Arrow button
2026-07-06 14:50:22 [INFO] Starting test: Create and allocate commission package successfully
2026-07-06 14:50:22 [INFO] ===== Test Execution Started =====
2026-07-06 14:50:22 [INFO] Navigating to login page
2026-07-06 14:50:27 [INFO] Logging in with user: aih.admin@yopmail.com
2026-07-06 14:50:29 [INFO] Validating dashboard
2026-07-06 14:50:29 [INFO] Navigating to Agent tab
2026-07-06 14:50:39 [INFO] Opening Agents dropdown
2026-07-06 14:50:39 [INFO] Selecting Easy Commission
2026-07-06 14:50:40 [INFO] Clicking Settings
2026-07-06 14:50:40 [INFO] Clicking Manage Packages
2026-07-06 14:50:41 [INFO] Validating Commission Packages Page
2026-07-06 14:50:45 [INFO] Clicking Add Package
2026-07-06 14:50:45 [INFO] Entering package name: Yash Test
2026-07-06 14:50:46 [INFO] Entering description: Test
2026-07-06 14:50:46 [INFO] Selecting current date from calendar
2026-07-06 14:50:46 [INFO] Clicking Done
2026-07-06 14:50:46 [INFO] Searching package: Yash Test
2026-07-06 14:50:58 [ERROR] Test failed: Create and allocate commission package successfully
2026-07-06 14:50:58 [ERROR] Failure screenshot saved: C:\Users\shashwat.singh\Desktop\Playwright_Commission_Automation\reports\failure-screenshots\Create_and_allocate_commission_package_successfully.png
2026-07-06 15:00:16 [INFO] Starting test: Create and allocate commission package successfully
2026-07-06 15:00:16 [INFO] ===== Test Execution Started =====
2026-07-06 15:00:16 [INFO] Navigating to login page
2026-07-06 15:00:22 [INFO] Logging in with user: aih.admin@yopmail.com
2026-07-06 15:00:23 [INFO] Validating dashboard
2026-07-06 15:00:23 [INFO] Navigating to Agent tab
2026-07-06 15:00:31 [INFO] Opening Agents dropdown
2026-07-06 15:00:31 [INFO] Selecting Easy Commission
2026-07-06 15:00:34 [INFO] Clicking Settings
2026-07-06 15:00:34 [INFO] Clicking Manage Packages
2026-07-06 15:00:35 [INFO] Validating Commission Packages Page
2026-07-06 15:00:38 [INFO] Clicking Add Package
2026-07-06 15:00:38 [INFO] Entering package name: Yash Test
2026-07-06 15:00:39 [INFO] Entering description: Test
2026-07-06 15:00:39 [INFO] Selecting current date from calendar
2026-07-06 15:00:39 [INFO] Clicking Done
2026-07-06 15:00:39 [INFO] Searching package: Yash Test
2026-07-06 15:00:52 [ERROR] Test failed: Create and allocate commission package successfully
2026-07-06 15:00:52 [ERROR] Failure screenshot saved: C:\Users\shashwat.singh\Desktop\Playwright_Commission_Automation\reports\failure-screenshots\Create_and_allocate_commission_package_successfully.png
2026-07-06 15:09:41 [INFO] Starting test: Create and allocate commission package successfully
2026-07-06 15:09:41 [INFO] ===== Test Execution Started =====
2026-07-06 15:09:41 [INFO] Navigating to login page
2026-07-06 15:09:47 [INFO] Logging in with user: aih.admin@yopmail.com
2026-07-06 15:09:48 [INFO] Validating dashboard
2026-07-06 15:09:48 [INFO] Navigating to Agent tab
2026-07-06 15:09:57 [INFO] Opening Agents dropdown
2026-07-06 15:09:57 [INFO] Selecting Easy Commission
2026-07-06 15:09:59 [INFO] Clicking Settings
2026-07-06 15:10:00 [INFO] Clicking Manage Packages
2026-07-06 15:10:01 [INFO] Validating Commission Packages Page
2026-07-06 15:10:04 [INFO] Clicking Add Package
2026-07-06 15:10:04 [INFO] Entering package name: Yash Test
2026-07-06 15:10:05 [INFO] Entering description: Test
2026-07-06 15:10:05 [INFO] Selecting current date from calendar
2026-07-06 15:10:05 [INFO] Clicking Done
2026-07-06 15:10:05 [INFO] Searching package: Yash Test
2026-07-06 15:10:06 [ERROR] Test failed: Create and allocate commission package successfully
2026-07-06 15:10:06 [ERROR] Failure screenshot saved: C:\Users\shashwat.singh\Desktop\Playwright_Commission_Automation\reports\failure-screenshots\Create_and_allocate_commission_package_successfully.png
2026-07-06 15:10:57 [INFO] Starting test: Create and allocate commission package successfully
2026-07-06 15:10:57 [INFO] ===== Test Execution Started =====
2026-07-06 15:10:57 [INFO] Navigating to login page
2026-07-06 15:11:02 [INFO] Logging in with user: aih.admin@yopmail.com
2026-07-06 15:11:03 [INFO] Validating dashboard
2026-07-06 15:11:03 [INFO] Navigating to Agent tab
2026-07-06 15:11:15 [INFO] Opening Agents dropdown
2026-07-06 15:11:15 [INFO] Selecting Easy Commission
2026-07-06 15:11:17 [INFO] Clicking Settings
2026-07-06 15:11:17 [INFO] Clicking Manage Packages
2026-07-06 15:11:18 [INFO] Validating Commission Packages Page
2026-07-06 15:11:21 [INFO] Clicking Add Package
2026-07-06 15:11:21 [INFO] Entering package name: Yash Test
2026-07-06 15:11:22 [INFO] Entering description: Test
2026-07-06 15:11:22 [INFO] Selecting current date from calendar
2026-07-06 15:11:23 [INFO] Clicking Done
2026-07-06 15:11:23 [INFO] Searching package: Yash Test
2026-07-06 15:11:24 [ERROR] Test failed: Create and allocate commission package successfully
2026-07-06 15:11:24 [ERROR] Failure screenshot saved: C:\Users\shashwat.singh\Desktop\Playwright_Commission_Automation\reports\failure-screenshots\Create_and_allocate_commission_package_successfully.png
2026-07-06 15:30:37 [INFO] Starting test: Create and allocate commission package successfully
2026-07-06 15:30:37 [INFO] ===== Test Execution Started =====
2026-07-06 15:30:37 [INFO] Navigating to login page
2026-07-06 15:30:43 [INFO] Logging in with user: aih.admin@yopmail.com
2026-07-06 15:30:44 [INFO] Validating dashboard
2026-07-06 15:30:44 [INFO] Navigating to Agent tab
2026-07-06 15:30:52 [INFO] Opening Agents dropdown
2026-07-06 15:30:53 [INFO] Selecting Easy Commission
2026-07-06 15:30:54 [INFO] Clicking Settings
2026-07-06 15:30:54 [INFO] Clicking Manage Packages
2026-07-06 15:30:55 [INFO] Validating Commission Packages Page
2026-07-06 15:30:59 [INFO] Clicking Add Package
2026-07-06 15:30:59 [INFO] Entering package name: Yash Test
2026-07-06 15:31:00 [INFO] Entering description: Test
2026-07-06 15:31:00 [INFO] Selecting current date from calendar
2026-07-06 15:31:00 [INFO] Clicking Done
2026-07-06 15:31:00 [INFO] Searching package: Yash Test
2026-07-06 15:32:14 [INFO] Starting test: Create and allocate commission package successfully
2026-07-06 15:32:14 [INFO] ===== Test Execution Started =====
2026-07-06 15:32:14 [INFO] Navigating to login page
2026-07-06 15:32:19 [INFO] Logging in with user: aih.admin@yopmail.com
2026-07-06 15:32:20 [INFO] Validating dashboard
2026-07-06 15:32:20 [INFO] Navigating to Agent tab
2026-07-06 15:32:35 [INFO] Opening Agents dropdown
2026-07-06 15:32:35 [INFO] Selecting Easy Commission
2026-07-06 15:32:36 [INFO] Clicking Settings
2026-07-06 15:32:36 [INFO] Clicking Manage Packages
2026-07-06 15:32:38 [INFO] Validating Commission Packages Page
2026-07-06 15:32:42 [INFO] Clicking Add Package
2026-07-06 15:32:42 [INFO] Entering package name: Yash Test
2026-07-06 15:32:43 [INFO] Entering description: Test
2026-07-06 15:32:43 [INFO] Selecting current date from calendar
2026-07-06 15:32:43 [INFO] Clicking Done
2026-07-06 15:32:43 [INFO] Searching package: Yash Test
2026-07-06 15:32:44 [ERROR] Test failed: Create and allocate commission package successfully
2026-07-06 15:32:44 [ERROR] Failure screenshot saved: C:\Users\shashwat.singh\Desktop\Playwright_Commission_Automation\reports\failure-screenshots\Create_and_allocate_commission_package_successfully.png
2026-07-06 15:34:51 [INFO] Starting test: Create and allocate commission package successfully
2026-07-06 15:34:51 [INFO] ===== Test Execution Started =====
2026-07-06 15:34:51 [INFO] Navigating to login page
2026-07-06 15:34:57 [INFO] Logging in with user: aih.admin@yopmail.com
2026-07-06 15:34:58 [INFO] Validating dashboard
2026-07-06 15:34:58 [INFO] Navigating to Agent tab
2026-07-06 15:35:10 [INFO] Opening Agents dropdown
2026-07-06 15:35:11 [INFO] Selecting Easy Commission
2026-07-06 15:35:12 [INFO] Clicking Settings
2026-07-06 15:35:12 [INFO] Clicking Manage Packages
2026-07-06 15:35:13 [INFO] Validating Commission Packages Page
2026-07-06 15:35:17 [INFO] Clicking Add Package
2026-07-06 15:35:17 [INFO] Entering package name: Yash Test
2026-07-06 15:35:18 [INFO] Entering description: Test
2026-07-06 15:35:18 [INFO] Selecting current date from calendar
2026-07-06 15:35:18 [INFO] Clicking Done
2026-07-06 15:35:18 [INFO] Searching package: Yash Test
2026-07-06 15:35:18 [INFO] Opening package: Yash Test
2026-07-06 15:35:19 [ERROR] Test failed: Create and allocate commission package successfully
2026-07-06 15:35:19 [ERROR] Failure screenshot saved: C:\Users\shashwat.singh\Desktop\Playwright_Commission_Automation\reports\failure-screenshots\Create_and_allocate_commission_package_successfully.png
2026-07-06 15:59:01 [INFO] Starting test: Create and allocate commission package successfully
2026-07-06 15:59:01 [INFO] ===== Test Execution Started =====
2026-07-06 15:59:01 [INFO] Navigating to login page
2026-07-06 15:59:06 [INFO] Logging in with user: aih.admin@yopmail.com
2026-07-06 15:59:08 [INFO] Validating dashboard
2026-07-06 15:59:08 [INFO] Navigating to Agent tab
2026-07-06 15:59:22 [INFO] Opening Agents dropdown
2026-07-06 15:59:22 [INFO] Selecting Easy Commission
2026-07-06 15:59:24 [INFO] Clicking Settings
2026-07-06 15:59:24 [INFO] Clicking Manage Packages
2026-07-06 15:59:25 [INFO] Validating Commission Packages Page
2026-07-06 15:59:29 [INFO] Clicking Add Package
2026-07-06 15:59:29 [INFO] Entering package name: Yash Test
2026-07-06 15:59:30 [INFO] Entering description: Test
2026-07-06 15:59:30 [INFO] Selecting current date from calendar
2026-07-06 15:59:30 [INFO] Clicking Done
2026-07-06 15:59:30 [INFO] Searching package: Yash Test
2026-07-06 15:59:30 [INFO] Opening package: Yash Test
2026-07-06 15:59:41 [ERROR] Test failed: Create and allocate commission package successfully
2026-07-06 15:59:41 [ERROR] Failure screenshot saved: C:\Users\shashwat.singh\Desktop\Playwright_Commission_Automation\reports\failure-screenshots\Create_and_allocate_commission_package_successfully.png
2026-07-06 16:13:54 [INFO] Starting test: Create and allocate commission package successfully
2026-07-06 16:13:54 [INFO] ===== Test Execution Started =====
2026-07-06 16:13:54 [INFO] Navigating to login page
2026-07-06 16:13:59 [INFO] Logging in with user: aih.admin@yopmail.com
2026-07-06 16:14:00 [INFO] Validating dashboard
2026-07-06 16:14:00 [INFO] Navigating to Agent tab
2026-07-06 16:14:10 [INFO] Opening Agents dropdown
2026-07-06 16:14:10 [INFO] Selecting Easy Commission
2026-07-06 16:14:12 [INFO] Clicking Settings
2026-07-06 16:14:12 [INFO] Clicking Manage Packages
2026-07-06 16:14:13 [INFO] Validating Commission Packages Page
2026-07-06 16:14:16 [INFO] Clicking Add Package
2026-07-06 16:14:16 [INFO] Entering package name: Yash Test
2026-07-06 16:14:17 [INFO] Entering description: Test
2026-07-06 16:14:17 [INFO] Selecting current date from calendar
2026-07-06 16:14:17 [INFO] Clicking Done
2026-07-06 16:14:18 [INFO] Searching package: Yash Test
2026-07-06 16:14:23 [INFO] Opening package: Yash Test
2026-07-06 16:14:23 [INFO] Clicking Arrow button
2026-07-06 16:14:28 [INFO] Unchecking Courses
2026-07-06 16:14:33 [ERROR] Test failed: Create and allocate commission package successfully
2026-07-06 16:14:33 [ERROR] Failure screenshot saved: C:\Users\shashwat.singh\Desktop\Playwright_Commission_Automation\reports\failure-screenshots\Create_and_allocate_commission_package_successfully.png
2026-07-06 16:22:46 [INFO] Starting test: Create and allocate commission package successfully
2026-07-06 16:22:46 [INFO] ===== Test Execution Started =====
2026-07-06 16:22:46 [INFO] Navigating to login page
2026-07-06 16:22:51 [INFO] Logging in with user: aih.admin@yopmail.com
2026-07-06 16:22:52 [INFO] Validating dashboard
2026-07-06 16:22:52 [INFO] Navigating to Agent tab
2026-07-06 16:22:58 [INFO] Opening Agents dropdown
2026-07-06 16:22:58 [INFO] Selecting Easy Commission
2026-07-06 16:22:59 [INFO] Clicking Settings
2026-07-06 16:22:59 [INFO] Clicking Manage Packages
2026-07-06 16:23:00 [INFO] Validating Commission Packages Page
2026-07-06 16:23:04 [INFO] Clicking Add Package
2026-07-06 16:23:04 [INFO] Entering package name: Yash Test
2026-07-06 16:23:05 [INFO] Entering description: Test
2026-07-06 16:23:05 [INFO] Selecting current date from calendar
2026-07-06 16:23:05 [INFO] Clicking Done
2026-07-06 16:23:05 [INFO] Opening package: Yash Test
2026-07-06 16:23:10 [INFO] Clicking Arrow button
2026-07-06 16:23:15 [INFO] Unchecking Courses
2026-07-06 16:23:26 [ERROR] Test failed: Create and allocate commission package successfully
2026-07-06 16:23:26 [ERROR] Failure screenshot saved: C:\Users\shashwat.singh\Desktop\Playwright_Commission_Automation\reports\failure-screenshots\Create_and_allocate_commission_package_successfully.png
2026-07-06 16:27:29 [INFO] Starting test: Create and allocate commission package successfully
2026-07-06 16:27:29 [INFO] ===== Test Execution Started =====
2026-07-06 16:27:29 [INFO] Navigating to login page
2026-07-06 16:27:33 [INFO] Logging in with user: aih.admin@yopmail.com
2026-07-06 16:27:34 [INFO] Validating dashboard
2026-07-06 16:27:34 [INFO] Navigating to Agent tab
2026-07-06 16:27:40 [INFO] Opening Agents dropdown
2026-07-06 16:27:41 [INFO] Selecting Easy Commission
2026-07-06 16:27:42 [INFO] Clicking Settings
2026-07-06 16:27:42 [INFO] Clicking Manage Packages
2026-07-06 16:27:43 [INFO] Validating Commission Packages Page
2026-07-06 16:27:46 [INFO] Clicking Add Package
2026-07-06 16:27:46 [INFO] Entering package name: Yash Test
2026-07-06 16:27:47 [INFO] Entering description: Test
2026-07-06 16:27:47 [INFO] Selecting current date from calendar
2026-07-06 16:27:47 [INFO] Clicking Done
2026-07-06 16:27:48 [INFO] Opening package: Yash Test
2026-07-06 16:27:49 [INFO] Clicking Arrow button
2026-07-06 16:27:53 [INFO] Unchecking Courses
2026-07-06 16:28:09 [ERROR] Test failed: Create and allocate commission package successfully
2026-07-06 16:28:09 [ERROR] Failure screenshot saved: C:\Users\shashwat.singh\Desktop\Playwright_Commission_Automation\reports\failure-screenshots\Create_and_allocate_commission_package_successfully.png
2026-07-06 17:34:53 [INFO] Starting test: Create and allocate commission package successfully
2026-07-06 17:34:53 [INFO] ===== Test Execution Started =====
2026-07-06 17:34:53 [INFO] Navigating to login page
2026-07-06 17:34:57 [INFO] Logging in with user: aih.admin@yopmail.com
2026-07-06 17:34:59 [INFO] Validating dashboard
2026-07-06 17:34:59 [INFO] Navigating to Agent tab
2026-07-06 17:35:09 [INFO] Opening Agents dropdown
2026-07-06 17:35:09 [INFO] Selecting Easy Commission
2026-07-06 17:35:12 [INFO] Clicking Settings
2026-07-06 17:35:12 [INFO] Clicking Manage Packages
2026-07-06 17:35:13 [INFO] Validating Commission Packages Page
2026-07-06 17:35:17 [INFO] Clicking Add Package
2026-07-06 17:35:17 [INFO] Entering package name: Yash Test
2026-07-06 17:35:18 [INFO] Entering description: Test
2026-07-06 17:35:18 [INFO] Selecting current date from calendar
2026-07-06 17:35:18 [INFO] Clicking Done
2026-07-06 17:35:19 [INFO] Opening package: Yash Test
2026-07-06 17:35:20 [INFO] Clicking Arrow button
2026-07-06 17:35:24 [INFO] Unchecking Courses
2026-07-06 17:35:33 [ERROR] Test failed: Create and allocate commission package successfully
2026-07-06 17:35:33 [ERROR] Failure screenshot saved: C:\Users\shashwat.singh\Desktop\Playwright_Commission_Automation\reports\failure-screenshots\Create_and_allocate_commission_package_successfully.png
2026-07-06 18:01:09 [INFO] Starting test: Create and allocate commission package successfully
2026-07-06 18:01:09 [INFO] ===== Test Execution Started =====
2026-07-06 18:01:09 [INFO] Navigating to login page
2026-07-06 18:01:13 [INFO] Logging in with user: aih.admin@yopmail.com
2026-07-06 18:01:15 [INFO] Validating dashboard
2026-07-06 18:01:15 [INFO] Navigating to Agent tab
2026-07-06 18:01:23 [INFO] Opening Agents dropdown
2026-07-06 18:01:23 [INFO] Selecting Easy Commission
2026-07-06 18:01:26 [INFO] Clicking Settings
2026-07-06 18:01:26 [INFO] Clicking Manage Packages
2026-07-06 18:01:27 [INFO] Validating Commission Packages Page
2026-07-06 18:01:31 [INFO] Clicking Add Package
2026-07-06 18:01:31 [INFO] Entering package name: Yash Test
2026-07-06 18:01:32 [INFO] Entering description: Test
2026-07-06 18:01:32 [INFO] Selecting current date from calendar
2026-07-06 18:01:32 [INFO] Clicking Done
2026-07-06 18:01:34 [INFO] Opening package: Yash Test
2026-07-06 18:01:34 [INFO] Clicking Arrow button
2026-07-06 18:01:38 [INFO] Unchecking Courses
2026-07-06 18:01:38 [INFO] Unchecking Non Award Courses
2026-07-06 18:01:49 [ERROR] Test failed: Create and allocate commission package successfully
2026-07-06 18:01:49 [ERROR] Failure screenshot saved: C:\Users\shashwat.singh\Desktop\Playwright_Commission_Automation\reports\failure-screenshots\Create_and_allocate_commission_package_successfully.png
2026-07-06 18:04:44 [INFO] Starting test: Create and allocate commission package successfully
2026-07-06 18:04:44 [INFO] ===== Test Execution Started =====
2026-07-06 18:04:44 [INFO] Navigating to login page
2026-07-06 18:04:50 [INFO] Logging in with user: aih.admin@yopmail.com
2026-07-06 18:04:51 [INFO] Validating dashboard
2026-07-06 18:04:51 [INFO] Navigating to Agent tab
2026-07-06 18:04:59 [INFO] Opening Agents dropdown
2026-07-06 18:04:59 [INFO] Selecting Easy Commission
2026-07-06 18:05:01 [INFO] Clicking Settings
2026-07-06 18:05:01 [INFO] Clicking Manage Packages
2026-07-06 18:05:03 [INFO] Validating Commission Packages Page
2026-07-06 18:05:07 [INFO] Clicking Add Package
2026-07-06 18:05:07 [INFO] Entering package name: Yash Test
2026-07-06 18:05:08 [INFO] Entering description: Test
2026-07-06 18:05:08 [INFO] Selecting current date from calendar
2026-07-06 18:05:08 [INFO] Clicking Done
2026-07-06 18:05:09 [INFO] Opening package: Yash Test
2026-07-06 18:05:10 [INFO] Clicking Arrow button
2026-07-06 18:05:14 [INFO] Unchecking Courses
2026-07-06 18:05:14 [INFO] Unchecking Non Award Courses
2026-07-06 18:05:14 [INFO] Unchecking Packaged Awards
2026-07-06 18:05:15 [INFO] Selecting No radio button
2026-07-06 18:05:24 [ERROR] Test failed: Create and allocate commission package successfully
2026-07-06 18:05:24 [ERROR] Failure screenshot saved: C:\Users\shashwat.singh\Desktop\Playwright_Commission_Automation\reports\failure-screenshots\Create_and_allocate_commission_package_successfully.png
2026-07-06 18:17:33 [INFO] Starting test: Create and allocate commission package successfully
2026-07-06 18:17:33 [INFO] ===== Test Execution Started =====
2026-07-06 18:17:33 [INFO] Navigating to login page
2026-07-06 18:17:37 [INFO] Logging in with user: aih.admin@yopmail.com
2026-07-06 18:17:39 [INFO] Validating dashboard
2026-07-06 18:17:39 [INFO] Navigating to Agent tab
2026-07-06 18:17:52 [INFO] Opening Agents dropdown
2026-07-06 18:17:52 [INFO] Selecting Easy Commission
2026-07-06 18:17:55 [INFO] Clicking Settings
2026-07-06 18:17:55 [INFO] Clicking Manage Packages
2026-07-06 18:17:56 [INFO] Validating Commission Packages Page
2026-07-06 18:18:00 [INFO] Clicking Add Package
2026-07-06 18:18:00 [INFO] Entering package name: Yash Test
2026-07-06 18:18:01 [INFO] Entering description: Test
2026-07-06 18:18:01 [INFO] Selecting current date from calendar
2026-07-06 18:18:01 [INFO] Clicking Done
2026-07-06 18:18:02 [INFO] Opening package: Yash Test
2026-07-06 18:18:03 [INFO] Clicking Arrow button
2026-07-06 18:18:08 [INFO] Unchecking Courses
2026-07-06 18:18:08 [INFO] Unchecking Non Award Courses
2026-07-06 18:18:08 [INFO] Unchecking Packaged Awards
2026-07-06 18:18:08 [INFO] Selecting No radio button
2026-07-06 18:18:13 [ERROR] Test failed: Create and allocate commission package successfully
2026-07-06 18:18:13 [ERROR] Failure screenshot saved: C:\Users\shashwat.singh\Desktop\Playwright_Commission_Automation\reports\failure-screenshots\Create_and_allocate_commission_package_successfully.png
2026-07-06 21:56:54 [INFO] Starting test: Create and allocate commission package successfully
2026-07-06 21:56:54 [INFO] ===== Test Execution Started =====
2026-07-06 21:56:54 [INFO] Navigating to login page
2026-07-06 22:00:25 [INFO] Starting test: Create and allocate commission package successfully
2026-07-06 22:00:25 [INFO] ===== Test Execution Started =====
2026-07-06 22:00:25 [INFO] Navigating to login page
2026-07-06 22:00:34 [INFO] Logging in with user: aih.admin@yopmail.com
2026-07-06 22:00:40 [INFO] Validating dashboard
2026-07-06 22:00:40 [INFO] Navigating to Agent tab
2026-07-06 22:00:53 [ERROR] Test failed: Create and allocate commission package successfully
2026-07-06 22:00:53 [ERROR] Failure screenshot saved: C:\Users\shashwat.singh\Desktop\Playwright_Commission_Automation\reports\failure-screenshots\Create_and_allocate_commission_package_successfully.png
2026-07-06 22:25:45 [INFO] Starting test: Create and allocate commission package successfully
2026-07-06 22:25:45 [INFO] ===== Test Execution Started =====
2026-07-06 22:25:45 [INFO] Navigating to login page
2026-07-06 22:25:55 [INFO] Logging in with user: aih.admin@yopmail.com
2026-07-06 22:26:00 [INFO] Validating dashboard
2026-07-06 22:26:00 [INFO] Navigating to Agent tab
2026-07-06 22:26:13 [ERROR] Test failed: Create and allocate commission package successfully
2026-07-06 22:26:13 [ERROR] Failure screenshot saved: C:\Users\shashwat.singh\Desktop\Playwright_Commission_Automation\reports\failure-screenshots\Create_and_allocate_commission_package_successfully.png
2026-07-06 22:26:47 [INFO] Starting test: Create and allocate commission package successfully
2026-07-06 22:26:47 [INFO] ===== Test Execution Started =====
2026-07-06 22:26:47 [INFO] Navigating to login page
2026-07-06 22:26:57 [INFO] Logging in with user: aih.admin@yopmail.com
2026-07-06 22:26:59 [INFO] Validating dashboard
2026-07-06 22:26:59 [INFO] Navigating to Agent tab
2026-07-06 22:27:11 [ERROR] Test failed: Create and allocate commission package successfully
2026-07-06 22:27:11 [ERROR] Failure screenshot saved: C:\Users\shashwat.singh\Desktop\Playwright_Commission_Automation\reports\failure-screenshots\Create_and_allocate_commission_package_successfully.png
2026-07-06 22:49:06 [INFO] Starting test: Create and allocate commission package successfully
2026-07-06 22:49:06 [INFO] ===== Test Execution Started =====
2026-07-06 22:49:06 [INFO] Navigating to login page
2026-07-06 22:49:16 [INFO] Logging in with user: aih.admin@yopmail.com
2026-07-06 22:49:18 [INFO] Validating dashboard
2026-07-06 22:49:30 [INFO] Opening Agents dropdown
2026-07-06 22:49:30 [INFO] Selecting Easy Commission
2026-07-06 22:49:31 [INFO] Clicking Settings
2026-07-06 22:49:32 [INFO] Clicking Manage Packages
2026-07-06 22:49:33 [INFO] Validating Commission Packages Page
2026-07-06 22:49:37 [INFO] Clicking Add Package
2026-07-06 22:49:37 [INFO] Entering package name: Yash Test
2026-07-06 22:49:38 [INFO] Entering description: Test
2026-07-06 22:49:38 [INFO] Selecting current date from calendar
2026-07-06 22:49:38 [INFO] Clicking Done
2026-07-06 22:49:40 [INFO] Opening package: Yash Test
2026-07-06 22:49:40 [INFO] Clicking Arrow button
2026-07-06 22:49:45 [ERROR] Test failed: Create and allocate commission package successfully
2026-07-06 22:49:45 [ERROR] Failure screenshot saved: C:\Users\shashwat.singh\Desktop\Playwright_Commission_Automation\reports\failure-screenshots\Create_and_allocate_commission_package_successfully.png
2026-07-06 22:56:45 [INFO] Starting test: Create and allocate commission package successfully
2026-07-06 22:56:45 [INFO] ===== Test Execution Started =====
2026-07-06 22:56:45 [INFO] Navigating to login page
2026-07-06 22:56:54 [INFO] Logging in with user: aih.admin@yopmail.com
2026-07-06 22:56:56 [INFO] Validating dashboard
2026-07-06 22:57:14 [INFO] Opening Agents dropdown
2026-07-06 22:57:14 [INFO] Selecting Easy Commission
2026-07-06 22:57:15 [INFO] Clicking Settings
2026-07-06 22:57:15 [INFO] Clicking Manage Packages
2026-07-06 22:57:19 [INFO] Validating Commission Packages Page
2026-07-06 22:57:23 [INFO] Clicking Add Package
2026-07-06 22:57:23 [INFO] Entering package name: Tony
2026-07-06 22:57:25 [INFO] Entering description: Test
2026-07-06 22:57:25 [INFO] Selecting current date from calendar
2026-07-06 22:57:25 [INFO] Clicking Done
2026-07-06 22:57:25 [ERROR] Test failed: Create and allocate commission package successfully
2026-07-06 22:57:25 [ERROR] Failure screenshot saved: C:\Users\shashwat.singh\Desktop\Playwright_Commission_Automation\reports\failure-screenshots\Create_and_allocate_commission_package_successfully.png
2026-07-06 22:58:41 [INFO] Starting test: Create and allocate commission package successfully
2026-07-06 22:58:41 [INFO] ===== Test Execution Started =====
2026-07-06 22:58:41 [INFO] Navigating to login page
2026-07-06 22:58:49 [INFO] Logging in with user: aih.admin@yopmail.com
2026-07-06 22:58:51 [INFO] Validating dashboard
2026-07-06 22:59:06 [INFO] Opening Agents dropdown
2026-07-06 22:59:06 [INFO] Selecting Easy Commission
2026-07-06 22:59:08 [INFO] Clicking Settings
2026-07-06 22:59:08 [INFO] Clicking Manage Packages
2026-07-06 22:59:09 [INFO] Validating Commission Packages Page
2026-07-06 22:59:12 [INFO] Clicking Add Package
2026-07-06 22:59:12 [INFO] Entering package name: Tony
2026-07-06 22:59:13 [INFO] Entering description: Test
2026-07-06 22:59:13 [INFO] Selecting current date from calendar
2026-07-06 22:59:13 [INFO] Clicking Done
2026-07-06 22:59:14 [INFO] Opening package: Tony
2026-07-06 22:59:15 [INFO] Clicking Arrow button
2026-07-06 22:59:19 [INFO] Unchecking Courses
2026-07-06 22:59:19 [INFO] Unchecking Non Award Courses
2026-07-06 22:59:19 [INFO] Unchecking Packaged Awards
2026-07-06 22:59:19 [INFO] Selecting No radio button
2026-07-06 22:59:20 [INFO] Saving changes
2026-07-06 22:59:20 [INFO] Navigating to Award tab
2026-07-06 22:59:21 [ERROR] Test failed: Create and allocate commission package successfully
2026-07-06 22:59:21 [ERROR] Failure screenshot saved: C:\Users\shashwat.singh\Desktop\Playwright_Commission_Automation\reports\failure-screenshots\Create_and_allocate_commission_package_successfully.png
2026-07-06 23:17:12 [INFO] Starting test: Create and allocate commission package successfully
2026-07-06 23:17:12 [INFO] ===== Test Execution Started =====
2026-07-06 23:17:12 [INFO] Navigating to login page
2026-07-06 23:17:37 [INFO] Logging in with user: aih.admin@yopmail.com
2026-07-06 23:17:40 [INFO] Validating dashboard
2026-07-06 23:18:51 [INFO] Opening Agents dropdown
2026-07-06 23:19:15 [INFO] Selecting Easy Commission
2026-07-06 23:19:19 [INFO] Clicking Settings
2026-07-06 23:19:32 [INFO] Clicking Manage Packages
2026-07-06 23:19:42 [INFO] Validating Commission Packages Page
2026-07-06 23:20:54 [INFO] Clicking Add Package
2026-07-06 23:21:01 [INFO] Entering package name: Tony
2026-07-06 23:21:09 [INFO] Entering description: Test
2026-07-06 23:21:14 [INFO] Selecting current date from calendar
2026-07-06 23:21:36 [INFO] Clicking Done
2026-07-06 23:22:44 [INFO] Opening package: Tony
2026-07-06 23:23:49 [INFO] Clicking Arrow button
2026-07-06 23:24:01 [INFO] Unchecking Courses
2026-07-06 23:24:25 [INFO] Unchecking Non Award Courses
2026-07-06 23:24:54 [INFO] Unchecking Packaged Awards
2026-07-06 23:25:13 [INFO] Selecting No radio button
2026-07-06 23:25:18 [INFO] Saving changes
2026-07-06 23:25:25 [INFO] Navigating to Award tab
2026-07-06 23:26:15 [ERROR] Test failed: Create and allocate commission package successfully
2026-07-06 23:26:15 [ERROR] Failure screenshot saved: C:\Users\shashwat.singh\Desktop\Playwright_Commission_Automation\reports\failure-screenshots\Create_and_allocate_commission_package_successfully.png
2026-07-07 00:07:21 [INFO] Starting test: Create and allocate commission package successfully
2026-07-07 00:07:21 [INFO] ===== Test Execution Started =====
2026-07-07 00:07:21 [INFO] Navigating to login page
2026-07-07 00:07:31 [INFO] Logging in with user: aih.admin@yopmail.com
2026-07-07 00:07:33 [INFO] Validating dashboard
2026-07-07 00:07:50 [INFO] Opening Agents dropdown
2026-07-07 00:07:50 [INFO] Selecting Easy Commission
2026-07-07 00:07:51 [INFO] Clicking Settings
2026-07-07 00:07:52 [INFO] Clicking Manage Packages
2026-07-07 00:07:53 [INFO] Validating Commission Packages Page
2026-07-07 00:07:58 [INFO] Clicking Add Package
2026-07-07 00:07:58 [INFO] Entering package name: Tony
2026-07-07 00:07:59 [INFO] Entering description: Test
2026-07-07 00:07:59 [INFO] Selecting current date from calendar
2026-07-07 00:07:59 [INFO] Clicking Done
2026-07-07 00:08:01 [ERROR] Test failed: Create and allocate commission package successfully
2026-07-07 00:08:01 [ERROR] Failure screenshot saved: C:\Users\shashwat.singh\Desktop\Playwright_Commission_Automation\reports\failure-screenshots\Create_and_allocate_commission_package_successfully.png
2026-07-07 00:08:30 [INFO] Starting test: Create and allocate commission package successfully
2026-07-07 00:08:30 [INFO] ===== Test Execution Started =====
2026-07-07 00:08:30 [INFO] Navigating to login page
2026-07-07 00:08:39 [INFO] Logging in with user: aih.admin@yopmail.com
2026-07-07 00:08:40 [INFO] Validating dashboard
2026-07-07 00:08:51 [INFO] Opening Agents dropdown
2026-07-07 00:08:51 [INFO] Selecting Easy Commission
2026-07-07 00:08:52 [INFO] Clicking Settings
2026-07-07 00:08:52 [INFO] Clicking Manage Packages
2026-07-07 00:08:53 [INFO] Validating Commission Packages Page
2026-07-07 00:08:58 [INFO] Clicking Add Package
2026-07-07 00:08:58 [INFO] Entering package name: Tony
2026-07-07 00:08:59 [INFO] Entering description: Test
2026-07-07 00:08:59 [INFO] Selecting current date from calendar
2026-07-07 00:08:59 [INFO] Clicking Done
2026-07-07 00:09:00 [INFO] Opening package: Tony
2026-07-07 00:09:01 [INFO] Clicking Arrow button
2026-07-07 00:09:06 [INFO] Unchecking Courses
2026-07-07 00:09:06 [INFO] Unchecking Non Award Courses
2026-07-07 00:09:06 [INFO] Unchecking Packaged Awards
2026-07-07 00:09:06 [INFO] Selecting No radio button
2026-07-07 00:09:06 [INFO] Saving changes
2026-07-07 00:09:07 [INFO] Navigating to Award tab
2026-07-07 00:09:09 [ERROR] Test failed: Create and allocate commission package successfully
2026-07-07 00:09:09 [ERROR] Failure screenshot saved: C:\Users\shashwat.singh\Desktop\Playwright_Commission_Automation\reports\failure-screenshots\Create_and_allocate_commission_package_successfully.png
2026-07-07 00:10:07 [INFO] Starting test: Create and allocate commission package successfully
2026-07-07 00:10:07 [INFO] ===== Test Execution Started =====
2026-07-07 00:10:07 [INFO] Navigating to login page
2026-07-07 00:10:15 [INFO] Logging in with user: aih.admin@yopmail.com
2026-07-07 00:10:16 [INFO] Validating dashboard
2026-07-07 00:10:36 [INFO] Opening Agents dropdown
2026-07-07 00:10:36 [INFO] Selecting Easy Commission
2026-07-07 00:10:37 [INFO] Clicking Settings
2026-07-07 00:10:38 [INFO] Clicking Manage Packages
2026-07-07 00:10:39 [INFO] Validating Commission Packages Page
2026-07-07 00:10:43 [INFO] Clicking Add Package
2026-07-07 00:10:43 [INFO] Entering package name: Tony
2026-07-07 00:10:44 [INFO] Entering description: Test
2026-07-07 00:10:44 [INFO] Selecting current date from calendar
2026-07-07 00:10:44 [INFO] Clicking Done
2026-07-07 00:10:45 [INFO] Opening package: Tony
2026-07-07 00:10:45 [INFO] Clicking Arrow button
2026-07-07 00:10:46 [ERROR] Test failed: Create and allocate commission package successfully
2026-07-07 00:10:46 [ERROR] Failure screenshot saved: C:\Users\shashwat.singh\Desktop\Playwright_Commission_Automation\reports\failure-screenshots\Create_and_allocate_commission_package_successfully.png
2026-07-07 00:11:05 [INFO] Starting test: Create and allocate commission package successfully
2026-07-07 00:11:05 [INFO] ===== Test Execution Started =====
2026-07-07 00:11:05 [INFO] Navigating to login page
2026-07-07 00:11:14 [INFO] Logging in with user: aih.admin@yopmail.com
2026-07-07 00:11:15 [INFO] Validating dashboard
2026-07-07 00:11:31 [INFO] Opening Agents dropdown
2026-07-07 00:11:31 [INFO] Selecting Easy Commission
2026-07-07 00:11:32 [INFO] Clicking Settings
2026-07-07 00:11:32 [INFO] Clicking Manage Packages
2026-07-07 00:11:34 [INFO] Validating Commission Packages Page
2026-07-07 00:11:38 [INFO] Clicking Add Package
2026-07-07 00:11:39 [INFO] Entering package name: Tony
2026-07-07 00:11:39 [INFO] Entering description: Test
2026-07-07 00:11:40 [INFO] Selecting current date from calendar
2026-07-07 00:11:40 [INFO] Clicking Done
2026-07-07 00:11:41 [INFO] Opening package: Tony
2026-07-07 00:11:41 [INFO] Clicking Arrow button
2026-07-07 00:11:45 [ERROR] Test failed: Create and allocate commission package successfully
2026-07-07 00:11:45 [ERROR] Failure screenshot saved: C:\Users\shashwat.singh\Desktop\Playwright_Commission_Automation\reports\failure-screenshots\Create_and_allocate_commission_package_successfully.png
2026-07-07 10:27:37 [INFO] Starting test: Create and allocate commission package successfully
2026-07-07 10:27:37 [INFO] ===== Test Execution Started =====
2026-07-07 10:27:37 [INFO] Navigating to login page
2026-07-07 10:27:42 [INFO] Logging in with user: aih.admin@yopmail.com
2026-07-07 10:27:44 [INFO] Validating dashboard
2026-07-07 10:27:54 [INFO] Opening Agents dropdown
2026-07-07 10:27:54 [INFO] Selecting Easy Commission
2026-07-07 10:27:55 [INFO] Clicking Settings
2026-07-07 10:27:55 [INFO] Clicking Manage Packages
2026-07-07 10:27:56 [INFO] Validating Commission Packages Page
2026-07-07 10:28:00 [INFO] Clicking Add Package
2026-07-07 10:28:00 [INFO] Entering package name: Pawan
2026-07-07 10:28:01 [INFO] Entering description: Test
2026-07-07 10:28:01 [INFO] Selecting current date from calendar
2026-07-07 10:28:01 [INFO] Clicking Done
2026-07-07 10:28:02 [INFO] Opening package: Pawan
2026-07-07 10:28:02 [INFO] Clicking Arrow button
2026-07-07 10:28:07 [INFO] Unchecking Courses
2026-07-07 10:28:07 [INFO] Unchecking Non Award Courses
2026-07-07 10:28:07 [INFO] Unchecking Packaged Awards
2026-07-07 10:28:07 [INFO] Selecting No radio button
2026-07-07 10:28:08 [INFO] Saving changes
2026-07-07 10:28:09 [INFO] Navigating to Award tab
2026-07-07 10:28:09 [INFO] Selecting No for variation option
2026-07-07 10:28:17 [ERROR] Test failed: Create and allocate commission package successfully
2026-07-07 10:28:17 [ERROR] Failure screenshot saved: C:\Users\shashwat.singh\Desktop\Playwright_Commission_Automation\reports\failure-screenshots\Create_and_allocate_commission_package_successfully.png
2026-07-07 12:20:23 [INFO] Starting test: Create and allocate commission package successfully
2026-07-07 12:20:23 [INFO] ===== Test Execution Started =====
2026-07-07 12:20:23 [INFO] Navigating to login page
2026-07-07 12:20:27 [INFO] Logging in with user: aih.admin@yopmail.com
2026-07-07 12:20:29 [INFO] Validating dashboard
2026-07-07 12:20:36 [INFO] Opening Agents dropdown
2026-07-07 12:20:36 [INFO] Selecting Easy Commission
2026-07-07 12:20:37 [INFO] Clicking Settings
2026-07-07 12:20:37 [INFO] Clicking Manage Packages
2026-07-07 12:20:38 [INFO] Validating Commission Packages Page
2026-07-07 12:20:42 [INFO] Clicking Add Package
2026-07-07 12:20:42 [INFO] Entering package name: Pawan
2026-07-07 12:20:43 [INFO] Entering description: Test
2026-07-07 12:20:43 [INFO] Selecting current date from calendar
2026-07-07 12:20:43 [INFO] Clicking Done
2026-07-07 12:20:44 [INFO] Opening package: Pawan
2026-07-07 12:20:44 [INFO] Clicking Arrow button
2026-07-07 12:20:48 [INFO] Unchecking Courses
2026-07-07 12:20:48 [INFO] Unchecking Non Award Courses
2026-07-07 12:20:48 [INFO] Unchecking Packaged Awards
2026-07-07 12:20:48 [INFO] Selecting No radio button
2026-07-07 12:20:48 [INFO] Saving changes
2026-07-07 12:20:49 [INFO] Navigating to Award tab
2026-07-07 12:20:50 [INFO] Selecting Yes radio button
2026-07-07 12:20:51 [INFO] Saving changes
2026-07-07 12:40:28 [INFO] Starting test: Create and allocate commission package successfully
2026-07-07 12:40:28 [INFO] ===== Test Execution Started =====
2026-07-07 12:40:28 [INFO] Navigating to login page
2026-07-07 12:40:33 [INFO] Logging in with user: aih.admin@yopmail.com
2026-07-07 12:40:33 [INFO] Validating dashboard
2026-07-07 12:40:47 [INFO] Opening Agents dropdown
2026-07-07 12:40:47 [INFO] Selecting Easy Commission
2026-07-07 12:40:48 [INFO] Clicking Settings
2026-07-07 12:40:48 [INFO] Clicking Manage Packages
2026-07-07 12:40:50 [INFO] Validating Commission Packages Page
2026-07-07 12:40:53 [INFO] Clicking Add Package
2026-07-07 12:40:53 [INFO] Entering package name: Pawan
2026-07-07 12:40:54 [INFO] Entering description: Test
2026-07-07 12:40:54 [INFO] Selecting current date from calendar
2026-07-07 12:40:54 [INFO] Clicking Done
2026-07-07 12:40:56 [INFO] Opening package: Pawan
2026-07-07 12:40:56 [INFO] Clicking Arrow button
2026-07-07 12:41:01 [INFO] Unchecking Courses
2026-07-07 12:41:01 [INFO] Unchecking Non Award Courses
2026-07-07 12:41:01 [INFO] Unchecking Packaged Awards
2026-07-07 12:41:01 [INFO] Selecting No radio button
2026-07-07 12:41:01 [INFO] Saving changes
2026-07-07 12:41:02 [INFO] Navigating to Award tab
2026-07-07 12:41:02 [INFO] Selecting Yes radio button
2026-07-07 12:41:03 [INFO] Saving changes
2026-07-07 12:41:07 [ERROR] Test failed: Create and allocate commission package successfully
2026-07-07 12:41:07 [ERROR] Failure screenshot saved: C:\Users\shashwat.singh\Desktop\Playwright_Commission_Automation\reports\failure-screenshots\Create_and_allocate_commission_package_successfully.png
2026-07-07 14:13:36 [INFO] Starting test: Create and allocate commission package successfully
2026-07-07 14:13:36 [INFO] ===== Test Execution Started =====
2026-07-07 14:13:36 [INFO] Navigating to login page
2026-07-07 14:13:40 [INFO] Logging in with user: aih.admin@yopmail.com
2026-07-07 14:13:41 [INFO] Validating dashboard
2026-07-07 14:13:49 [INFO] Opening Agents dropdown
2026-07-07 14:13:50 [INFO] Selecting Easy Commission
2026-07-07 14:13:51 [INFO] Clicking Settings
2026-07-07 14:13:51 [INFO] Clicking Manage Packages
2026-07-07 14:13:52 [INFO] Validating Commission Packages Page
2026-07-07 14:13:56 [INFO] Clicking Add Package
2026-07-07 14:13:56 [INFO] Entering package name: Pawan
2026-07-07 14:13:57 [INFO] Entering description: Test
2026-07-07 14:13:57 [INFO] Selecting current date from calendar
2026-07-07 14:13:57 [INFO] Clicking Done
2026-07-07 14:13:59 [INFO] Opening package: Pawan
2026-07-07 14:13:59 [INFO] Clicking Arrow button
2026-07-07 14:14:05 [INFO] Unchecking Courses
2026-07-07 14:14:05 [INFO] Unchecking Non Award Courses
2026-07-07 14:14:05 [INFO] Unchecking Packaged Awards
2026-07-07 14:14:05 [INFO] Selecting No radio button
2026-07-07 14:14:05 [INFO] Saving changes
2026-07-07 14:14:06 [ERROR] Test failed: Create and allocate commission package successfully
2026-07-07 14:14:06 [ERROR] Failure screenshot saved: C:\Users\shashwat.singh\Desktop\Playwright_Commission_Automation\reports\failure-screenshots\Create_and_allocate_commission_package_successfully.png
2026-07-07 14:30:13 [INFO] Starting test: Create and allocate commission package successfully
2026-07-07 14:30:13 [INFO] ===== Test Execution Started =====
2026-07-07 14:30:13 [INFO] Navigating to login page
2026-07-07 14:30:18 [INFO] Logging in with user: aih.admin@yopmail.com
2026-07-07 14:30:19 [INFO] Validating dashboard
2026-07-07 14:30:27 [INFO] Opening Agents dropdown
2026-07-07 14:30:28 [INFO] Selecting Easy Commission
2026-07-07 14:30:28 [INFO] Clicking Settings
2026-07-07 14:30:29 [INFO] Clicking Manage Packages
2026-07-07 14:30:30 [INFO] Validating Commission Packages Page
2026-07-07 14:30:33 [INFO] Clicking Add Package
2026-07-07 14:30:33 [INFO] Entering package name: Pawan
2026-07-07 14:30:34 [INFO] Entering description: Test
2026-07-07 14:30:34 [INFO] Selecting current date from calendar
2026-07-07 14:30:34 [INFO] Clicking Done
2026-07-07 14:30:36 [INFO] Opening package: Pawan
2026-07-07 14:30:36 [INFO] Clicking Arrow button
2026-07-07 14:30:42 [INFO] Unchecking Courses
2026-07-07 14:30:42 [INFO] Unchecking Non Award Courses
2026-07-07 14:30:42 [INFO] Unchecking Packaged Awards
2026-07-07 14:30:42 [INFO] Selecting No radio button
2026-07-07 14:30:42 [INFO] Saving changes
2026-07-07 14:30:43 [INFO] Navigating to Award tab
2026-07-07 14:30:43 [INFO] Selecting Yes radio button
2026-07-07 14:30:44 [ERROR] Test failed: Create and allocate commission package successfully
2026-07-07 14:30:44 [ERROR] Failure screenshot saved: C:\Users\shashwat.singh\Desktop\Playwright_Commission_Automation\reports\failure-screenshots\Create_and_allocate_commission_package_successfully.png
2026-07-07 16:15:22 [INFO] Starting test: Create and allocate commission package successfully
2026-07-07 16:15:22 [INFO] ===== Test Execution Started =====
2026-07-07 16:15:22 [INFO] Navigating to login page
2026-07-07 16:15:26 [INFO] Logging in with user: aih.admin@yopmail.com
2026-07-07 16:15:27 [INFO] Validating dashboard
2026-07-07 16:15:35 [INFO] Opening Agents dropdown
2026-07-07 16:15:36 [INFO] Selecting Easy Commission
2026-07-07 16:15:37 [INFO] Clicking Settings
2026-07-07 16:15:37 [INFO] Clicking Manage Packages
2026-07-07 16:15:38 [INFO] Validating Commission Packages Page
2026-07-07 16:15:41 [INFO] Clicking Add Package
2026-07-07 16:15:42 [INFO] Entering package name: Pawan
2026-07-07 16:15:43 [INFO] Entering description: Test
2026-07-07 16:15:43 [INFO] Selecting current date from calendar
2026-07-07 16:15:43 [INFO] Clicking Done
2026-07-07 16:15:44 [INFO] Opening package: Pawan
2026-07-07 16:15:44 [INFO] Clicking Arrow button
2026-07-07 16:15:49 [INFO] Unchecking Courses
2026-07-07 16:15:49 [INFO] Unchecking Non Award Courses
2026-07-07 16:15:49 [INFO] Unchecking Packaged Awards
2026-07-07 16:15:49 [INFO] Selecting No radio button
2026-07-07 16:15:49 [INFO] Saving changes
2026-07-07 16:15:51 [INFO] Navigating to Award tab
2026-07-07 16:15:51 [INFO] Selecting Yes radio button
2026-07-07 16:15:52 [INFO] Saving Award page
2026-07-07 16:16:01 [ERROR] Test failed: Create and allocate commission package successfully
2026-07-07 16:16:01 [ERROR] Failure screenshot saved: C:\Users\shashwat.singh\Desktop\Playwright_Commission_Automation\reports\failure-screenshots\Create_and_allocate_commission_package_successfully.png
2026-07-07 16:30:34 [INFO] Starting test: Create and allocate commission package successfully
2026-07-07 16:30:35 [INFO] ===== Test Execution Started =====
2026-07-07 16:30:35 [INFO] Navigating to login page
2026-07-07 16:30:40 [INFO] Logging in with user: aih.admin@yopmail.com
2026-07-07 16:30:41 [INFO] Validating dashboard
2026-07-07 16:30:51 [INFO] Opening Agents dropdown
2026-07-07 16:30:51 [INFO] Selecting Easy Commission
2026-07-07 16:31:05 [INFO] Clicking Settings
2026-07-07 16:31:05 [INFO] Clicking Manage Packages
2026-07-07 16:31:06 [INFO] Validating Commission Packages Page
2026-07-07 16:31:10 [INFO] Clicking Add Package
2026-07-07 16:31:10 [INFO] Entering package name: Pawan
2026-07-07 16:31:11 [INFO] Entering description: Test
2026-07-07 16:31:11 [INFO] Selecting current date from calendar
2026-07-07 16:31:11 [INFO] Clicking Done
2026-07-07 16:31:13 [INFO] Opening package: Pawan
2026-07-07 16:31:13 [INFO] Clicking Arrow button
2026-07-07 16:31:14 [ERROR] Test failed: Create and allocate commission package successfully
2026-07-07 16:31:14 [ERROR] Failure screenshot saved: C:\Users\shashwat.singh\Desktop\Playwright_Commission_Automation\reports\failure-screenshots\Create_and_allocate_commission_package_successfully.png
2026-07-07 16:31:35 [INFO] Starting test: Create and allocate commission package successfully
2026-07-07 16:31:35 [INFO] ===== Test Execution Started =====
2026-07-07 16:31:35 [INFO] Navigating to login page
2026-07-07 16:31:40 [INFO] Logging in with user: aih.admin@yopmail.com
2026-07-07 16:31:41 [INFO] Validating dashboard
2026-07-07 16:31:48 [INFO] Opening Agents dropdown
2026-07-07 16:31:49 [INFO] Selecting Easy Commission
2026-07-07 16:31:50 [INFO] Clicking Settings
2026-07-07 16:31:50 [INFO] Clicking Manage Packages
2026-07-07 16:31:51 [INFO] Validating Commission Packages Page
2026-07-07 16:31:54 [INFO] Clicking Add Package
2026-07-07 16:31:54 [INFO] Entering package name: Pawan
2026-07-07 16:31:55 [INFO] Entering description: Test
2026-07-07 16:31:55 [INFO] Selecting current date from calendar
2026-07-07 16:31:55 [INFO] Clicking Done
2026-07-07 16:31:57 [INFO] Opening package: Pawan
2026-07-07 16:31:57 [INFO] Clicking Arrow button
2026-07-07 16:32:02 [INFO] Unchecking Courses
2026-07-07 16:32:02 [INFO] Unchecking Non Award Courses
2026-07-07 16:32:02 [INFO] Unchecking Packaged Awards
2026-07-07 16:32:02 [INFO] Selecting No radio button
2026-07-07 16:32:02 [INFO] Saving changes
2026-07-07 16:32:03 [INFO] Navigating to Award tab
2026-07-07 16:32:03 [INFO] Selecting Yes radio button
2026-07-07 16:32:04 [INFO] Saving Award page
2026-07-07 16:32:15 [ERROR] Test failed: Create and allocate commission package successfully
2026-07-07 16:32:15 [ERROR] Failure screenshot saved: C:\Users\shashwat.singh\Desktop\Playwright_Commission_Automation\reports\failure-screenshots\Create_and_allocate_commission_package_successfully.png
2026-07-07 16:45:29 [INFO] Starting test: Create and allocate commission package successfully
2026-07-07 16:45:29 [INFO] ===== Test Execution Started =====
2026-07-07 16:45:29 [INFO] Navigating to login page
2026-07-07 16:45:34 [INFO] Logging in with user: aih.admin@yopmail.com
2026-07-07 16:45:35 [INFO] Validating dashboard
2026-07-07 16:45:41 [INFO] Opening Agents dropdown
2026-07-07 16:45:42 [INFO] Selecting Easy Commission
2026-07-07 16:45:43 [INFO] Clicking Settings
2026-07-07 16:45:43 [INFO] Clicking Manage Packages
2026-07-07 16:45:44 [INFO] Validating Commission Packages Page
2026-07-07 16:45:48 [INFO] Clicking Add Package
2026-07-07 16:45:48 [INFO] Entering package name: Pawan
2026-07-07 16:45:49 [INFO] Entering description: Test
2026-07-07 16:45:49 [INFO] Selecting current date from calendar
2026-07-07 16:45:49 [INFO] Clicking Done
2026-07-07 16:45:50 [INFO] Opening package: Pawan
2026-07-07 16:45:50 [INFO] Clicking Arrow button
2026-07-07 16:45:55 [INFO] Unchecking Courses
2026-07-07 16:45:55 [INFO] Unchecking Non Award Courses
2026-07-07 16:45:55 [INFO] Unchecking Packaged Awards
2026-07-07 16:45:55 [INFO] Selecting No radio button
2026-07-07 16:45:55 [INFO] Saving changes
2026-07-07 16:45:56 [INFO] Navigating to Award tab
2026-07-07 16:45:56 [INFO] Selecting Yes radio button
2026-07-07 16:45:57 [INFO] Saving Award page
2026-07-07 16:46:09 [ERROR] Test failed: Create and allocate commission package successfully
2026-07-07 16:46:09 [ERROR] Failure screenshot saved: C:\Users\shashwat.singh\Desktop\Playwright_Commission_Automation\reports\failure-screenshots\Create_and_allocate_commission_package_successfully.png
2026-07-07 16:53:34 [INFO] Starting test: Create and allocate commission package successfully
2026-07-07 16:53:34 [INFO] ===== Test Execution Started =====
2026-07-07 16:53:34 [INFO] Navigating to login page
2026-07-07 16:53:39 [INFO] Logging in with user: aih.admin@yopmail.com
2026-07-07 16:53:40 [INFO] Validating dashboard
2026-07-07 16:53:46 [INFO] Opening Agents dropdown
2026-07-07 16:53:47 [INFO] Selecting Easy Commission
2026-07-07 16:53:48 [INFO] Clicking Settings
2026-07-07 16:53:48 [INFO] Clicking Manage Packages
2026-07-07 16:53:49 [INFO] Validating Commission Packages Page
2026-07-07 16:53:52 [INFO] Clicking Add Package
2026-07-07 16:53:52 [INFO] Entering package name: Pawan
2026-07-07 16:53:52 [INFO] Entering description: Test
2026-07-07 16:53:53 [INFO] Selecting current date from calendar
2026-07-07 16:53:53 [INFO] Clicking Done
2026-07-07 16:53:54 [INFO] Opening package: Pawan
2026-07-07 16:53:54 [INFO] Clicking Arrow button
2026-07-07 16:54:00 [INFO] Unchecking Courses
2026-07-07 16:54:00 [INFO] Unchecking Non Award Courses
2026-07-07 16:54:00 [INFO] Unchecking Packaged Awards
2026-07-07 16:54:00 [INFO] Selecting No radio button
2026-07-07 16:54:00 [INFO] Saving changes
2026-07-07 16:54:01 [INFO] Navigating to Award tab
2026-07-07 16:54:01 [INFO] Selecting Yes radio button
2026-07-07 16:54:02 [INFO] Saving Award page
2026-07-07 16:54:05 [ERROR] Test failed: Create and allocate commission package successfully
2026-07-07 16:54:05 [ERROR] Failure screenshot saved: C:\Users\shashwat.singh\Desktop\Playwright_Commission_Automation\reports\failure-screenshots\Create_and_allocate_commission_package_successfully.png
2026-07-07 16:59:56 [INFO] Starting test: Create and allocate commission package successfully
2026-07-07 16:59:56 [INFO] ===== Test Execution Started =====
2026-07-07 16:59:56 [INFO] Navigating to login page
2026-07-07 16:59:59 [INFO] Logging in with user: aih.admin@yopmail.com
2026-07-07 17:00:00 [INFO] Validating dashboard
2026-07-07 17:00:08 [INFO] Opening Agents dropdown
2026-07-07 17:00:08 [INFO] Selecting Easy Commission
2026-07-07 17:00:09 [INFO] Clicking Settings
2026-07-07 17:00:10 [INFO] Clicking Manage Packages
2026-07-07 17:00:10 [INFO] Validating Commission Packages Page
2026-07-07 17:00:14 [INFO] Clicking Add Package
2026-07-07 17:00:14 [INFO] Entering package name: Pawan
2026-07-07 17:00:15 [INFO] Entering description: Test
2026-07-07 17:00:15 [INFO] Selecting current date from calendar
2026-07-07 17:00:15 [INFO] Clicking Done
2026-07-07 17:00:16 [INFO] Opening package: Pawan
2026-07-07 17:00:17 [INFO] Clicking Arrow button
2026-07-07 17:00:22 [INFO] Unchecking Courses
2026-07-07 17:00:22 [INFO] Unchecking Non Award Courses
2026-07-07 17:00:22 [INFO] Unchecking Packaged Awards
2026-07-07 17:00:22 [INFO] Selecting No radio button
2026-07-07 17:00:22 [INFO] Saving changes
2026-07-07 17:00:23 [INFO] Navigating to Award tab
2026-07-07 17:00:23 [INFO] Selecting Yes radio button
2026-07-07 17:00:24 [INFO] Saving Award page
2026-07-07 17:00:28 [ERROR] Test failed: Create and allocate commission package successfully
2026-07-07 17:00:28 [ERROR] Failure screenshot saved: C:\Users\shashwat.singh\Desktop\Playwright_Commission_Automation\reports\failure-screenshots\Create_and_allocate_commission_package_successfully.png
2026-07-07 17:09:52 [INFO] Starting test: Create and allocate commission package successfully
2026-07-07 17:09:52 [INFO] ===== Test Execution Started =====
2026-07-07 17:09:52 [INFO] Navigating to login page
2026-07-07 17:09:56 [INFO] Logging in with user: aih.admin@yopmail.com
2026-07-07 17:09:58 [INFO] Validating dashboard
2026-07-07 17:10:06 [INFO] Opening Agents dropdown
2026-07-07 17:10:06 [INFO] Selecting Easy Commission
2026-07-07 17:10:07 [INFO] Clicking Settings
2026-07-07 17:10:07 [INFO] Clicking Manage Packages
2026-07-07 17:10:08 [INFO] Validating Commission Packages Page
2026-07-07 17:10:12 [INFO] Clicking Add Package
2026-07-07 17:10:12 [INFO] Entering package name: Pawan
2026-07-07 17:10:13 [INFO] Entering description: Test
2026-07-07 17:10:13 [INFO] Selecting current date from calendar
2026-07-07 17:10:13 [INFO] Clicking Done
2026-07-07 17:10:14 [INFO] Opening package: Pawan
2026-07-07 17:10:14 [INFO] Clicking Arrow button
2026-07-07 17:10:19 [INFO] Unchecking Courses
2026-07-07 17:10:19 [INFO] Unchecking Non Award Courses
2026-07-07 17:10:19 [INFO] Unchecking Packaged Awards
2026-07-07 17:10:19 [INFO] Selecting No radio button
2026-07-07 17:10:19 [INFO] Saving changes
2026-07-07 17:10:20 [INFO] Navigating to Award tab
2026-07-07 17:10:20 [INFO] Selecting Yes radio button
2026-07-07 17:10:21 [INFO] Saving Award page
2026-07-07 17:10:31 [ERROR] Test failed: Create and allocate commission package successfully
2026-07-07 17:10:31 [ERROR] Failure screenshot saved: C:\Users\shashwat.singh\Desktop\Playwright_Commission_Automation\reports\failure-screenshots\Create_and_allocate_commission_package_successfully.png
2026-07-07 17:27:45 [INFO] Starting test: Create and allocate commission package successfully
2026-07-07 17:27:45 [INFO] ===== Test Execution Started =====
2026-07-07 17:27:45 [INFO] Navigating to login page
2026-07-07 17:27:50 [INFO] Logging in with user: aih.admin@yopmail.com
2026-07-07 17:27:51 [INFO] Validating dashboard
2026-07-07 17:27:59 [INFO] Opening Agents dropdown
2026-07-07 17:27:59 [INFO] Selecting Easy Commission
2026-07-07 17:28:00 [INFO] Clicking Settings
2026-07-07 17:28:00 [INFO] Clicking Manage Packages
2026-07-07 17:28:01 [INFO] Validating Commission Packages Page
2026-07-07 17:28:05 [INFO] Clicking Add Package
2026-07-07 17:28:06 [INFO] Entering package name: Pawan
2026-07-07 17:28:06 [INFO] Entering description: Test
2026-07-07 17:28:07 [INFO] Selecting current date from calendar
2026-07-07 17:28:07 [INFO] Clicking Done
2026-07-07 17:28:08 [INFO] Opening package: Pawan
2026-07-07 17:28:08 [INFO] Clicking Arrow button
2026-07-07 17:28:14 [INFO] Unchecking Courses
2026-07-07 17:28:14 [INFO] Unchecking Non Award Courses
2026-07-07 17:28:14 [INFO] Unchecking Packaged Awards
2026-07-07 17:28:14 [INFO] Selecting No radio button
2026-07-07 17:28:14 [INFO] Saving changes
2026-07-07 17:28:15 [INFO] Navigating to Award tab
2026-07-07 17:28:15 [INFO] Selecting Yes radio button
2026-07-07 17:28:16 [INFO] Saving Award page
2026-07-07 17:28:18 [INFO] Clicking Arrow button for package: Bachelor
2026-07-07 17:28:18 [ERROR] Test failed: Create and allocate commission package successfully
2026-07-07 17:28:18 [ERROR] Failure screenshot saved: C:\Users\shashwat.singh\Desktop\Playwright_Commission_Automation\reports\failure-screenshots\Create_and_allocate_commission_package_successfully.png
2026-07-07 18:00:16 [INFO] Starting test: Create and allocate commission package successfully
2026-07-07 18:00:16 [INFO] ===== Test Execution Started =====
2026-07-07 18:00:17 [INFO] Navigating to login page
2026-07-07 18:00:21 [INFO] Logging in with user: aih.admin@yopmail.com
2026-07-07 18:00:23 [INFO] Validating dashboard
2026-07-07 18:00:34 [INFO] Opening Agents dropdown
2026-07-07 18:00:34 [INFO] Selecting Easy Commission
2026-07-07 18:00:35 [INFO] Clicking Settings
2026-07-07 18:00:36 [INFO] Clicking Manage Packages
2026-07-07 18:00:37 [INFO] Validating Commission Packages Page
2026-07-07 18:00:41 [INFO] Clicking Add Package
2026-07-07 18:00:41 [INFO] Entering package name: Pawan
2026-07-07 18:00:42 [INFO] Entering description: Test
2026-07-07 18:00:42 [INFO] Selecting current date from calendar
2026-07-07 18:00:43 [INFO] Clicking Done
2026-07-07 18:00:44 [INFO] Opening package: Pawan
2026-07-07 18:00:44 [INFO] Clicking Arrow button
2026-07-07 18:00:50 [INFO] Unchecking Courses
2026-07-07 18:00:50 [INFO] Unchecking Non Award Courses
2026-07-07 18:00:50 [INFO] Unchecking Packaged Awards
2026-07-07 18:00:50 [INFO] Selecting No radio button
2026-07-07 18:00:50 [INFO] Saving changes
2026-07-07 18:00:51 [INFO] Navigating to Award tab
2026-07-07 18:00:51 [INFO] Selecting Yes radio button
2026-07-07 18:00:52 [INFO] Saving Award page
2026-07-07 18:00:55 [INFO] Clicking arrow button for award group: ${groupname}
2026-07-07 18:00:56 [ERROR] Test failed: Create and allocate commission package successfully
2026-07-07 18:00:56 [ERROR] Failure screenshot saved: C:\Users\shashwat.singh\Desktop\Playwright_Commission_Automation\reports\failure-screenshots\Create_and_allocate_commission_package_successfully.png
2026-07-07 18:02:01 [INFO] Starting test: Create and allocate commission package successfully
2026-07-07 18:02:01 [INFO] ===== Test Execution Started =====
2026-07-07 18:02:01 [INFO] Navigating to login page
2026-07-07 18:02:05 [INFO] Logging in with user: aih.admin@yopmail.com
2026-07-07 18:02:07 [INFO] Validating dashboard
2026-07-07 18:02:17 [INFO] Opening Agents dropdown
2026-07-07 18:02:17 [INFO] Selecting Easy Commission
2026-07-07 18:02:18 [INFO] Clicking Settings
2026-07-07 18:02:18 [INFO] Clicking Manage Packages
2026-07-07 18:02:19 [INFO] Validating Commission Packages Page
2026-07-07 18:02:23 [INFO] Clicking Add Package
2026-07-07 18:02:23 [INFO] Entering package name: Pawan
2026-07-07 18:02:24 [INFO] Entering description: Test
2026-07-07 18:02:24 [INFO] Selecting current date from calendar
2026-07-07 18:02:24 [INFO] Clicking Done
2026-07-07 18:02:25 [INFO] Opening package: Pawan
2026-07-07 18:02:25 [INFO] Clicking Arrow button
2026-07-07 18:02:29 [INFO] Unchecking Courses
2026-07-07 18:02:29 [INFO] Unchecking Non Award Courses
2026-07-07 18:02:29 [INFO] Unchecking Packaged Awards
2026-07-07 18:02:29 [INFO] Selecting No radio button
2026-07-07 18:02:30 [INFO] Saving changes
2026-07-07 18:02:31 [INFO] Navigating to Award tab
2026-07-07 18:02:31 [INFO] Selecting Yes radio button
2026-07-07 18:02:32 [INFO] Saving Award page
2026-07-07 18:02:33 [INFO] Clicking arrow button for award group: ${groupname}
2026-07-07 18:02:40 [ERROR] Test failed: Create and allocate commission package successfully
2026-07-07 18:02:40 [ERROR] Failure screenshot saved: C:\Users\shashwat.singh\Desktop\Playwright_Commission_Automation\reports\failure-screenshots\Create_and_allocate_commission_package_successfully.png
2026-07-07 18:07:32 [INFO] Starting test: Create and allocate commission package successfully
2026-07-07 18:07:32 [INFO] ===== Test Execution Started =====
2026-07-07 18:07:32 [INFO] Navigating to login page
2026-07-07 18:07:37 [INFO] Logging in with user: aih.admin@yopmail.com
2026-07-07 18:07:39 [INFO] Validating dashboard
2026-07-07 18:07:47 [INFO] Opening Agents dropdown
2026-07-07 18:07:48 [INFO] Selecting Easy Commission
2026-07-07 18:07:49 [INFO] Clicking Settings
2026-07-07 18:07:49 [INFO] Clicking Manage Packages
2026-07-07 18:07:50 [INFO] Validating Commission Packages Page
2026-07-07 18:07:54 [INFO] Clicking Add Package
2026-07-07 18:07:55 [INFO] Entering package name: Pawan
2026-07-07 18:07:56 [INFO] Entering description: Test
2026-07-07 18:07:56 [INFO] Selecting current date from calendar
2026-07-07 18:07:56 [INFO] Clicking Done
2026-07-07 18:07:57 [INFO] Opening package: Pawan
2026-07-07 18:07:57 [INFO] Clicking Arrow button
2026-07-07 18:08:03 [INFO] Unchecking Courses
2026-07-07 18:08:03 [INFO] Unchecking Non Award Courses
2026-07-07 18:08:03 [INFO] Unchecking Packaged Awards
2026-07-07 18:08:03 [INFO] Selecting No radio button
2026-07-07 18:08:03 [INFO] Saving changes
2026-07-07 18:08:04 [INFO] Navigating to Award tab
2026-07-07 18:08:05 [INFO] Selecting Yes radio button
2026-07-07 18:08:06 [INFO] Saving Award page
2026-07-07 18:08:07 [INFO] Clicking arrow button for award group: ${groupname}
2026-07-07 18:08:07 [ERROR] Test failed: Create and allocate commission package successfully
2026-07-07 18:08:07 [ERROR] Failure screenshot saved: C:\Users\shashwat.singh\Desktop\Playwright_Commission_Automation\reports\failure-screenshots\Create_and_allocate_commission_package_successfully.png
2026-07-07 18:09:04 [INFO] Starting test: Create and allocate commission package successfully
2026-07-07 18:09:04 [INFO] ===== Test Execution Started =====
2026-07-07 18:09:04 [INFO] Navigating to login page
2026-07-07 18:09:09 [INFO] Logging in with user: aih.admin@yopmail.com
2026-07-07 18:09:11 [INFO] Validating dashboard
2026-07-07 18:09:20 [INFO] Opening Agents dropdown
2026-07-07 18:09:20 [INFO] Selecting Easy Commission
2026-07-07 18:09:21 [INFO] Clicking Settings
2026-07-07 18:09:21 [INFO] Clicking Manage Packages
2026-07-07 18:09:22 [INFO] Validating Commission Packages Page
2026-07-07 18:09:26 [INFO] Clicking Add Package
2026-07-07 18:09:26 [INFO] Entering package name: Pawan
2026-07-07 18:09:27 [INFO] Entering description: Test
2026-07-07 18:09:27 [INFO] Selecting current date from calendar
2026-07-07 18:09:27 [INFO] Clicking Done
2026-07-07 18:09:28 [INFO] Opening package: Pawan
2026-07-07 18:09:29 [INFO] Clicking Arrow button
2026-07-07 18:09:33 [INFO] Unchecking Courses
2026-07-07 18:09:33 [INFO] Unchecking Non Award Courses
2026-07-07 18:09:33 [INFO] Unchecking Packaged Awards
2026-07-07 18:09:33 [INFO] Selecting No radio button
2026-07-07 18:09:33 [INFO] Saving changes
2026-07-07 18:09:34 [INFO] Navigating to Award tab
2026-07-07 18:09:35 [INFO] Selecting Yes radio button
2026-07-07 18:09:35 [INFO] Saving Award page
2026-07-07 18:09:35 [INFO] Clicking arrow button for award group: ${groupname}
2026-07-07 18:09:36 [ERROR] Test failed: Create and allocate commission package successfully
2026-07-07 18:09:36 [ERROR] Failure screenshot saved: C:\Users\shashwat.singh\Desktop\Playwright_Commission_Automation\reports\failure-screenshots\Create_and_allocate_commission_package_successfully.png
2026-07-07 18:14:22 [INFO] Starting test: Create and allocate commission package successfully
2026-07-07 18:14:22 [INFO] ===== Test Execution Started =====
2026-07-07 18:14:22 [INFO] Navigating to login page
2026-07-07 18:14:27 [INFO] Logging in with user: aih.admin@yopmail.com
2026-07-07 18:14:29 [INFO] Validating dashboard
2026-07-07 18:14:36 [INFO] Opening Agents dropdown
2026-07-07 18:14:37 [INFO] Selecting Easy Commission
2026-07-07 18:14:38 [INFO] Clicking Settings
2026-07-07 18:14:38 [INFO] Clicking Manage Packages
2026-07-07 18:14:39 [INFO] Validating Commission Packages Page
2026-07-07 18:14:42 [INFO] Clicking Add Package
2026-07-07 18:14:43 [INFO] Entering package name: Pawan
2026-07-07 18:14:44 [INFO] Entering description: Test
2026-07-07 18:14:44 [INFO] Selecting current date from calendar
2026-07-07 18:14:44 [INFO] Clicking Done
2026-07-07 18:14:45 [INFO] Opening package: Pawan
2026-07-07 18:14:46 [INFO] Clicking Arrow button
2026-07-07 18:14:50 [INFO] Unchecking Courses
2026-07-07 18:14:50 [INFO] Unchecking Non Award Courses
2026-07-07 18:14:50 [INFO] Unchecking Packaged Awards
2026-07-07 18:14:50 [INFO] Selecting No radio button
2026-07-07 18:14:50 [INFO] Saving changes
2026-07-07 18:14:51 [INFO] Navigating to Award tab
2026-07-07 18:14:51 [INFO] Selecting Yes radio button
2026-07-07 18:14:52 [INFO] Saving Award page
2026-07-07 18:14:52 [INFO] Clicking arrow button for award group: ${groupname}
2026-07-07 18:14:53 [INFO] Selecting Percentage from dropdown
2026-07-07 18:15:02 [ERROR] Test failed: Create and allocate commission package successfully
2026-07-07 18:15:02 [ERROR] Failure screenshot saved: C:\Users\shashwat.singh\Desktop\Playwright_Commission_Automation\reports\failure-screenshots\Create_and_allocate_commission_package_successfully.png
2026-07-08 14:44:12 [INFO] Starting test: Create and allocate commission package successfully
2026-07-08 14:44:12 [INFO] ===== Test Execution Started =====
2026-07-08 14:44:12 [INFO] Navigating to login page
2026-07-08 14:44:17 [INFO] Logging in with user: aih.admin@yopmail.com
2026-07-08 14:44:18 [INFO] Validating dashboard
2026-07-08 14:44:26 [INFO] Opening Agents dropdown
2026-07-08 14:44:27 [INFO] Selecting Easy Commission
2026-07-08 14:44:28 [INFO] Clicking Settings
2026-07-08 14:44:28 [INFO] Clicking Manage Packages
2026-07-08 14:44:29 [INFO] Validating Commission Packages Page
2026-07-08 14:44:32 [INFO] Clicking Add Package
2026-07-08 14:44:32 [INFO] Entering package name: Pawan
2026-07-08 14:44:33 [INFO] Entering description: Test
2026-07-08 14:44:33 [INFO] Selecting current date from calendar
2026-07-08 14:44:33 [INFO] Clicking Done
2026-07-08 14:44:35 [INFO] Opening package: Pawan
2026-07-08 14:44:35 [INFO] Clicking Arrow button
2026-07-08 14:44:47 [ERROR] Test failed: Create and allocate commission package successfully
2026-07-08 14:44:47 [ERROR] Failure screenshot saved: C:\Users\shashwat.singh\Desktop\Playwright_Commission_Automation\reports\failure-screenshots\Create_and_allocate_commission_package_successfully.png
2026-07-08 14:47:17 [INFO] Starting test: Create and allocate commission package successfully
2026-07-08 14:47:17 [INFO] ===== Test Execution Started =====
2026-07-08 14:47:17 [INFO] Navigating to login page
2026-07-08 14:47:22 [INFO] Logging in with user: aih.admin@yopmail.com
2026-07-08 14:47:23 [INFO] Validating dashboard
2026-07-08 14:47:33 [INFO] Opening Agents dropdown
2026-07-08 14:47:33 [INFO] Selecting Easy Commission
2026-07-08 14:47:34 [INFO] Clicking Settings
2026-07-08 14:47:34 [INFO] Clicking Manage Packages
2026-07-08 14:47:35 [INFO] Validating Commission Packages Page
2026-07-08 14:47:39 [INFO] Clicking Add Package
2026-07-08 14:47:39 [INFO] Entering package name: Pawan
2026-07-08 14:47:40 [INFO] Entering description: Test
2026-07-08 14:47:40 [INFO] Selecting current date from calendar
2026-07-08 14:47:40 [INFO] Clicking Done
2026-07-08 14:47:41 [INFO] Opening package: Pawan
2026-07-08 14:47:41 [INFO] Clicking Arrow button
2026-07-08 14:47:47 [INFO] Navigating to Award tab
2026-07-08 14:47:47 [INFO] Selecting Yes radio button
2026-07-08 14:47:48 [INFO] Saving Award page
2026-07-08 14:47:49 [INFO] Clicking arrow button for award group: ${groupname}
2026-07-08 14:47:50 [INFO] Selecting Percentage from dropdown
2026-07-08 14:47:50 [ERROR] Test failed: Create and allocate commission package successfully
2026-07-08 14:47:50 [ERROR] Failure screenshot saved: C:\Users\shashwat.singh\Desktop\Playwright_Commission_Automation\reports\failure-screenshots\Create_and_allocate_commission_package_successfully.png
2026-07-08 14:53:18 [INFO] Starting test: Create and allocate commission package successfully
2026-07-08 14:53:19 [INFO] ===== Test Execution Started =====
2026-07-08 14:53:19 [INFO] Navigating to login page
2026-07-08 14:53:23 [INFO] Logging in with user: aih.admin@yopmail.com
2026-07-08 14:53:24 [INFO] Validating dashboard
2026-07-08 14:53:32 [INFO] Opening Agents dropdown
2026-07-08 14:53:32 [INFO] Selecting Easy Commission
2026-07-08 14:53:33 [INFO] Clicking Settings
2026-07-08 14:53:34 [INFO] Clicking Manage Packages
2026-07-08 14:53:35 [INFO] Validating Commission Packages Page
2026-07-08 14:53:39 [INFO] Clicking Add Package
2026-07-08 14:53:39 [INFO] Entering package name: Pawan
2026-07-08 14:53:40 [INFO] Entering description: Test
2026-07-08 14:53:40 [INFO] Selecting current date from calendar
2026-07-08 14:53:40 [INFO] Clicking Done
2026-07-08 14:53:41 [INFO] Opening package: Pawan
2026-07-08 14:53:42 [INFO] Clicking Arrow button
2026-07-08 14:53:47 [INFO] Navigating to Award tab
2026-07-08 14:53:47 [INFO] Selecting Yes radio button
2026-07-08 14:53:48 [INFO] Saving Award page
2026-07-08 14:53:49 [INFO] Clicking arrow button for award group: ${groupname}
2026-07-08 14:53:49 [INFO] Selecting Percentage from dropdown
2026-07-08 14:53:58 [ERROR] Test failed: Create and allocate commission package successfully
2026-07-08 14:53:58 [ERROR] Failure screenshot saved: C:\Users\shashwat.singh\Desktop\Playwright_Commission_Automation\reports\failure-screenshots\Create_and_allocate_commission_package_successfully.png
2026-07-08 15:02:20 [INFO] Starting test: Create and allocate commission package successfully
2026-07-08 15:02:20 [INFO] ===== Test Execution Started =====
2026-07-08 15:02:20 [INFO] Navigating to login page
2026-07-08 15:02:25 [INFO] Logging in with user: aih.admin@yopmail.com
2026-07-08 15:02:25 [INFO] Validating dashboard
2026-07-08 15:02:33 [INFO] Opening Agents dropdown
2026-07-08 15:02:33 [INFO] Selecting Easy Commission
2026-07-08 15:02:34 [INFO] Clicking Settings
2026-07-08 15:02:34 [INFO] Clicking Manage Packages
2026-07-08 15:02:35 [INFO] Validating Commission Packages Page
2026-07-08 15:02:38 [INFO] Clicking Add Package
2026-07-08 15:02:38 [INFO] Entering package name: Pawan
2026-07-08 15:02:39 [INFO] Entering description: Test
2026-07-08 15:02:39 [INFO] Selecting current date from calendar
2026-07-08 15:02:39 [INFO] Clicking Done
2026-07-08 15:02:40 [INFO] Opening package: Pawan
2026-07-08 15:02:41 [INFO] Clicking Arrow button
2026-07-08 15:02:46 [INFO] Navigating to Award tab
2026-07-08 15:02:46 [INFO] Selecting Yes radio button
2026-07-08 15:02:47 [INFO] Saving Award page
2026-07-08 15:02:48 [INFO] Clicking arrow button for award group: ${groupname}
2026-07-08 15:02:49 [INFO] Selecting Percentage from dropdown
2026-07-08 15:02:51 [INFO] Entering Percentage value
2026-07-08 15:02:51 [INFO] Entering percentage value: 13
2026-07-08 15:03:00 [ERROR] Test failed: Create and allocate commission package successfully
2026-07-08 15:03:00 [ERROR] Failure screenshot saved: C:\Users\shashwat.singh\Desktop\Playwright_Commission_Automation\reports\failure-screenshots\Create_and_allocate_commission_package_successfully.png
2026-07-08 16:16:29 [INFO] Starting test: Create and allocate commission package successfully
2026-07-08 16:16:29 [INFO] ===== Test Execution Started =====
2026-07-08 16:16:29 [INFO] Navigating to login page
2026-07-08 16:16:44 [INFO] Logging in with user: aih.admin@yopmail.com
2026-07-08 16:16:46 [INFO] Validating dashboard
2026-07-08 16:17:19 [ERROR] Test failed: Create and allocate commission package successfully
2026-07-08 16:17:19 [ERROR] Failure screenshot saved: C:\Users\shashwat.singh\Desktop\Playwright_Commission_Automation\reports\failure-screenshots\Create_and_allocate_commission_package_successfully.png
2026-07-08 16:19:18 [INFO] Starting test: Create and allocate commission package successfully
2026-07-08 16:19:18 [INFO] ===== Test Execution Started =====
2026-07-08 16:19:18 [INFO] Navigating to login page
2026-07-08 16:19:26 [INFO] Logging in with user: aih.admin@yopmail.com
2026-07-08 16:19:29 [INFO] Validating dashboard
2026-07-08 16:19:58 [ERROR] Test failed: Create and allocate commission package successfully
2026-07-08 16:19:58 [ERROR] Failure screenshot saved: C:\Users\shashwat.singh\Desktop\Playwright_Commission_Automation\reports\failure-screenshots\Create_and_allocate_commission_package_successfully.png
2026-07-08 16:21:53 [INFO] Starting test: Create and allocate commission package successfully
2026-07-08 16:21:53 [INFO] ===== Test Execution Started =====
2026-07-08 16:21:53 [INFO] Navigating to login page
2026-07-08 16:22:00 [INFO] Logging in with user: aih.admin@yopmail.com
2026-07-08 16:22:03 [INFO] Validating dashboard
2026-07-08 16:22:32 [ERROR] Test failed: Create and allocate commission package successfully
2026-07-08 16:22:32 [ERROR] Failure screenshot saved: C:\Users\shashwat.singh\Desktop\Playwright_Commission_Automation\reports\failure-screenshots\Create_and_allocate_commission_package_successfully.png
2026-07-08 17:35:12 [INFO] Starting test: Create and allocate commission package successfully
2026-07-08 17:35:12 [INFO] ===== Test Execution Started =====
2026-07-08 17:35:12 [INFO] Navigating to login page
2026-07-08 17:35:17 [INFO] Logging in with user: aih.admin@yopmail.com
2026-07-08 17:35:18 [INFO] Validating dashboard
2026-07-08 17:35:26 [INFO] Opening Agents dropdown
2026-07-08 17:35:26 [INFO] Selecting Easy Commission
2026-07-08 17:35:27 [INFO] Clicking Settings
2026-07-08 17:35:27 [INFO] Clicking Manage Packages
2026-07-08 17:35:28 [INFO] Validating Commission Packages Page
2026-07-08 17:35:32 [INFO] Clicking Add Package
2026-07-08 17:35:33 [INFO] Entering package name: Pawan
2026-07-08 17:35:33 [INFO] Entering description: Test
2026-07-08 17:35:34 [INFO] Selecting current date from calendar
2026-07-08 17:35:34 [INFO] Clicking Done
2026-07-08 17:35:35 [INFO] Opening package: Pawan
2026-07-08 17:35:35 [INFO] Clicking Arrow button
2026-07-08 17:35:39 [INFO] Navigating to Award tab
2026-07-08 17:35:40 [INFO] Selecting Yes radio button
2026-07-08 17:35:41 [INFO] Saving Award page
2026-07-08 17:35:41 [INFO] Clicking arrow button for award group: ${groupname}
2026-07-08 17:35:42 [INFO] Selecting Percentage from dropdown
2026-07-08 17:35:44 [INFO] Entering Percentage value
2026-07-08 17:35:44 [INFO] Selecting Commission Rate Type
2026-07-08 17:35:44 [ERROR] Test failed: Create and allocate commission package successfully
2026-07-08 17:35:44 [ERROR] Failure screenshot saved: C:\Users\shashwat.singh\Desktop\Playwright_Commission_Automation\reports\failure-screenshots\Create_and_allocate_commission_package_successfully.png
2026-07-08 17:39:06 [INFO] Starting test: Create and allocate commission package successfully
2026-07-08 17:39:06 [INFO] ===== Test Execution Started =====
2026-07-08 17:39:06 [INFO] Navigating to login page
2026-07-08 17:39:11 [INFO] Logging in with user: aih.admin@yopmail.com
2026-07-08 17:39:12 [INFO] Validating dashboard
2026-07-08 17:39:27 [INFO] Opening Agents dropdown
2026-07-08 17:39:27 [INFO] Selecting Easy Commission
2026-07-08 17:39:28 [INFO] Clicking Settings
2026-07-08 17:39:28 [INFO] Clicking Manage Packages
2026-07-08 17:39:29 [INFO] Validating Commission Packages Page
2026-07-08 17:39:33 [INFO] Clicking Add Package
2026-07-08 17:39:33 [INFO] Entering package name: Pawan
2026-07-08 17:39:34 [INFO] Entering description: Test
2026-07-08 17:39:34 [INFO] Selecting current date from calendar
2026-07-08 17:39:34 [INFO] Clicking Done
2026-07-08 17:39:36 [INFO] Opening package: Pawan
2026-07-08 17:39:36 [INFO] Clicking Arrow button
2026-07-08 17:39:40 [INFO] Navigating to Award tab
2026-07-08 17:39:40 [INFO] Selecting Yes radio button
2026-07-08 17:39:42 [INFO] Saving Award page
2026-07-08 17:39:43 [INFO] Clicking arrow button for award group: ${groupname}
2026-07-08 17:39:44 [INFO] Selecting Percentage from dropdown
2026-07-08 17:39:46 [ERROR] Test failed: Create and allocate commission package successfully
2026-07-08 17:39:46 [ERROR] Failure screenshot saved: C:\Users\shashwat.singh\Desktop\Playwright_Commission_Automation\reports\failure-screenshots\Create_and_allocate_commission_package_successfully.png
2026-07-08 17:40:37 [INFO] Starting test: Create and allocate commission package successfully
2026-07-08 17:40:37 [INFO] ===== Test Execution Started =====
2026-07-08 17:40:37 [INFO] Navigating to login page
2026-07-08 17:40:42 [INFO] Logging in with user: aih.admin@yopmail.com
2026-07-08 17:40:44 [INFO] Validating dashboard
2026-07-08 17:40:52 [INFO] Opening Agents dropdown
2026-07-08 17:40:52 [INFO] Selecting Easy Commission
2026-07-08 17:40:53 [INFO] Clicking Settings
2026-07-08 17:40:53 [INFO] Clicking Manage Packages
2026-07-08 17:40:54 [INFO] Validating Commission Packages Page
2026-07-08 17:40:58 [INFO] Clicking Add Package
2026-07-08 17:40:58 [INFO] Entering package name: Pawan
2026-07-08 17:40:59 [INFO] Entering description: Test
2026-07-08 17:40:59 [INFO] Selecting current date from calendar
2026-07-08 17:40:59 [INFO] Clicking Done
2026-07-08 17:41:00 [INFO] Opening package: Pawan
2026-07-08 17:41:01 [INFO] Clicking Arrow button
2026-07-08 17:41:06 [INFO] Navigating to Award tab
2026-07-08 17:41:06 [INFO] Selecting Yes radio button
2026-07-08 17:41:07 [INFO] Saving Award page
2026-07-08 17:41:07 [INFO] Clicking arrow button for award group: ${groupname}
2026-07-08 17:41:08 [INFO] Selecting Percentage from dropdown
2026-07-08 17:41:10 [INFO] Entering Percentage value
2026-07-08 17:41:10 [INFO] Selecting Commission Rate Type
2026-07-08 17:41:11 [ERROR] Test failed: Create and allocate commission package successfully
2026-07-08 17:41:11 [ERROR] Failure screenshot saved: C:\Users\shashwat.singh\Desktop\Playwright_Commission_Automation\reports\failure-screenshots\Create_and_allocate_commission_package_successfully.png
2026-07-08 17:43:32 [INFO] Starting test: Create and allocate commission package successfully
2026-07-08 17:43:32 [INFO] ===== Test Execution Started =====
2026-07-08 17:43:32 [INFO] Navigating to login page
2026-07-08 17:43:37 [INFO] Logging in with user: aih.admin@yopmail.com
2026-07-08 17:43:38 [INFO] Validating dashboard
2026-07-08 17:43:46 [INFO] Opening Agents dropdown
2026-07-08 17:43:46 [INFO] Selecting Easy Commission
2026-07-08 17:43:47 [INFO] Clicking Settings
2026-07-08 17:43:47 [INFO] Clicking Manage Packages
2026-07-08 17:43:48 [INFO] Validating Commission Packages Page
2026-07-08 17:43:51 [INFO] Clicking Add Package
2026-07-08 17:43:51 [INFO] Entering package name: Pawan
2026-07-08 17:43:52 [INFO] Entering description: Test
2026-07-08 17:43:52 [INFO] Selecting current date from calendar
2026-07-08 17:43:53 [INFO] Clicking Done
2026-07-08 17:43:54 [INFO] Opening package: Pawan
2026-07-08 17:43:54 [INFO] Clicking Arrow button
2026-07-08 17:43:58 [INFO] Navigating to Award tab
2026-07-08 17:43:59 [INFO] Selecting Yes radio button
2026-07-08 17:43:59 [INFO] Saving Award page
2026-07-08 17:43:59 [INFO] Clicking arrow button for award group: ${groupname}
2026-07-08 17:44:00 [INFO] Selecting Percentage from dropdown
2026-07-08 17:44:01 [INFO] Entering Percentage value
2026-07-08 17:44:01 [INFO] Selecting Commission Rate Type
2026-07-08 17:44:02 [ERROR] Test failed: Create and allocate commission package successfully
2026-07-08 17:44:02 [ERROR] Failure screenshot saved: C:\Users\shashwat.singh\Desktop\Playwright_Commission_Automation\reports\failure-screenshots\Create_and_allocate_commission_package_successfully.png
2026-07-08 17:54:17 [INFO] Starting test: Create and allocate commission package successfully
2026-07-08 17:54:17 [INFO] ===== Test Execution Started =====
2026-07-08 17:54:17 [INFO] Navigating to login page
2026-07-08 17:54:22 [INFO] Logging in with user: aih.admin@yopmail.com
2026-07-08 17:54:24 [INFO] Validating dashboard
2026-07-08 17:54:35 [INFO] Opening Agents dropdown
2026-07-08 17:54:35 [INFO] Selecting Easy Commission
2026-07-08 17:54:36 [INFO] Clicking Settings
2026-07-08 17:54:36 [INFO] Clicking Manage Packages
2026-07-08 17:54:37 [INFO] Validating Commission Packages Page
2026-07-08 17:54:41 [INFO] Clicking Add Package
2026-07-08 17:54:41 [INFO] Entering package name: Pawan
2026-07-08 17:54:42 [INFO] Entering description: Test
2026-07-08 17:54:42 [INFO] Selecting current date from calendar
2026-07-08 17:54:42 [INFO] Clicking Done
2026-07-08 17:54:43 [INFO] Opening package: Pawan
2026-07-08 17:54:44 [INFO] Clicking Arrow button
2026-07-08 17:54:49 [INFO] Navigating to Award tab
2026-07-08 17:54:49 [INFO] Selecting Yes radio button
2026-07-08 17:54:50 [INFO] Saving Award page
2026-07-08 17:54:51 [INFO] Clicking arrow button for award group: ${groupname}
2026-07-08 17:54:52 [INFO] Selecting Percentage from dropdown
2026-07-08 17:54:54 [INFO] Entering Percentage value
2026-07-08 17:54:55 [INFO] Selecting Commission Rate Type
2026-07-08 17:54:55 [ERROR] Test failed: Create and allocate commission package successfully
2026-07-08 17:54:55 [ERROR] Failure screenshot saved: C:\Users\shashwat.singh\Desktop\Playwright_Commission_Automation\reports\failure-screenshots\Create_and_allocate_commission_package_successfully.png
2026-07-08 18:01:10 [INFO] Starting test: Create and allocate commission package successfully
2026-07-08 18:01:10 [INFO] ===== Test Execution Started =====
2026-07-08 18:01:10 [INFO] Navigating to login page
2026-07-08 18:01:15 [INFO] Logging in with user: aih.admin@yopmail.com
2026-07-08 18:01:17 [INFO] Validating dashboard
2026-07-08 18:01:28 [INFO] Opening Agents dropdown
2026-07-08 18:01:28 [INFO] Selecting Easy Commission
2026-07-08 18:01:29 [INFO] Clicking Settings
2026-07-08 18:01:29 [INFO] Clicking Manage Packages
2026-07-08 18:01:30 [INFO] Validating Commission Packages Page
2026-07-08 18:01:34 [INFO] Clicking Add Package
2026-07-08 18:01:34 [INFO] Entering package name: Pawan
2026-07-08 18:01:35 [INFO] Entering description: Test
2026-07-08 18:01:35 [INFO] Selecting current date from calendar
2026-07-08 18:01:35 [INFO] Clicking Done
2026-07-08 18:01:36 [INFO] Opening package: Pawan
2026-07-08 18:01:36 [INFO] Clicking Arrow button
2026-07-08 18:01:41 [INFO] Navigating to Award tab
2026-07-08 18:01:42 [INFO] Selecting Yes radio button
2026-07-08 18:01:43 [INFO] Saving Award page
2026-07-08 18:01:44 [INFO] Clicking arrow button for award group: ${groupname}
2026-07-08 18:01:45 [INFO] Selecting Percentage from dropdown
2026-07-08 18:01:47 [INFO] Entering Percentage value
2026-07-08 18:01:47 [INFO] Selecting Commission Rate Type
2026-07-08 18:01:47 [ERROR] Test failed: Create and allocate commission package successfully
2026-07-08 18:01:47 [ERROR] Failure screenshot saved: C:\Users\shashwat.singh\Desktop\Playwright_Commission_Automation\reports\failure-screenshots\Create_and_allocate_commission_package_successfully.png
2026-07-08 18:08:48 [INFO] Starting test: Create and allocate commission package successfully
2026-07-08 18:08:48 [INFO] ===== Test Execution Started =====
2026-07-08 18:08:48 [INFO] Navigating to login page
2026-07-08 18:08:54 [INFO] Logging in with user: aih.admin@yopmail.com
2026-07-08 18:08:55 [INFO] Validating dashboard
2026-07-08 18:09:05 [INFO] Opening Agents dropdown
2026-07-08 18:09:05 [INFO] Selecting Easy Commission
2026-07-08 18:09:06 [INFO] Clicking Settings
2026-07-08 18:09:07 [INFO] Clicking Manage Packages
2026-07-08 18:09:08 [INFO] Validating Commission Packages Page
2026-07-08 18:09:11 [INFO] Clicking Add Package
2026-07-08 18:09:12 [INFO] Entering package name: Pawan
2026-07-08 18:09:13 [INFO] Entering description: Test
2026-07-08 18:09:13 [INFO] Selecting current date from calendar
2026-07-08 18:09:13 [INFO] Clicking Done
2026-07-08 18:09:14 [INFO] Opening package: Pawan
2026-07-08 18:09:14 [INFO] Clicking Arrow button
2026-07-08 18:09:18 [INFO] Navigating to Award tab
2026-07-08 18:09:18 [INFO] Selecting Yes radio button
2026-07-08 18:09:19 [INFO] Saving Award page
2026-07-08 18:09:20 [INFO] Clicking arrow button for award group: ${groupname}
2026-07-08 18:09:21 [INFO] Selecting Percentage from dropdown
2026-07-08 18:09:23 [INFO] Entering Percentage value
2026-07-08 18:09:23 [INFO] Selecting Commission Rate Type
2026-07-08 18:09:28 [ERROR] Test failed: Create and allocate commission package successfully
2026-07-08 18:09:28 [ERROR] Failure screenshot saved: C:\Users\shashwat.singh\Desktop\Playwright_Commission_Automation\reports\failure-screenshots\Create_and_allocate_commission_package_successfully.png
2026-07-08 18:10:50 [INFO] Starting test: Create and allocate commission package successfully
2026-07-08 18:10:50 [INFO] ===== Test Execution Started =====
2026-07-08 18:10:50 [INFO] Navigating to login page
2026-07-08 18:10:55 [INFO] Logging in with user: aih.admin@yopmail.com
2026-07-08 18:10:56 [INFO] Validating dashboard
2026-07-08 18:11:07 [INFO] Opening Agents dropdown
2026-07-08 18:11:08 [INFO] Selecting Easy Commission
2026-07-08 18:11:08 [INFO] Clicking Settings
2026-07-08 18:11:08 [INFO] Clicking Manage Packages
2026-07-08 18:11:09 [INFO] Validating Commission Packages Page
2026-07-08 18:11:13 [INFO] Clicking Add Package
2026-07-08 18:11:13 [INFO] Entering package name: Pawan
2026-07-08 18:11:14 [INFO] Entering description: Test
2026-07-08 18:11:14 [INFO] Selecting current date from calendar
2026-07-08 18:11:14 [INFO] Clicking Done
2026-07-08 18:11:15 [INFO] Opening package: Pawan
2026-07-08 18:11:15 [INFO] Clicking Arrow button
2026-07-08 18:11:21 [INFO] Navigating to Award tab
2026-07-08 18:11:21 [INFO] Selecting Yes radio button
2026-07-08 18:11:22 [INFO] Saving Award page
2026-07-08 18:11:23 [INFO] Clicking arrow button for award group: ${groupname}
2026-07-08 18:11:24 [INFO] Selecting Percentage from dropdown
2026-07-08 18:11:26 [INFO] Entering Percentage value
2026-07-08 18:11:26 [INFO] Selecting Commission Rate Type
2026-07-08 18:11:30 [ERROR] Test failed: Create and allocate commission package successfully
2026-07-08 18:11:30 [ERROR] Failure screenshot saved: C:\Users\shashwat.singh\Desktop\Playwright_Commission_Automation\reports\failure-screenshots\Create_and_allocate_commission_package_successfully.png
2026-07-08 23:13:11 [INFO] Starting test: Create and allocate commission package successfully
2026-07-08 23:13:11 [INFO] ===== Test Execution Started =====
2026-07-08 23:13:11 [INFO] Navigating to login page
2026-07-08 23:13:20 [INFO] Logging in with user: aih.admin@yopmail.com
2026-07-08 23:13:21 [INFO] Validating dashboard
2026-07-08 23:13:37 [INFO] Opening Agents dropdown
2026-07-08 23:13:37 [INFO] Selecting Easy Commission
2026-07-08 23:13:38 [INFO] Clicking Settings
2026-07-08 23:13:38 [INFO] Clicking Manage Packages
2026-07-08 23:13:40 [INFO] Validating Commission Packages Page
2026-07-08 23:13:45 [INFO] Clicking Add Package
2026-07-08 23:13:46 [INFO] Entering package name: Pawan
2026-07-08 23:13:46 [INFO] Entering description: Test
2026-07-08 23:13:47 [INFO] Selecting current date from calendar
2026-07-08 23:13:47 [INFO] Clicking Done
2026-07-08 23:13:48 [INFO] Opening package: Pawan
2026-07-08 23:13:48 [INFO] Clicking Arrow button
2026-07-08 23:13:51 [ERROR] Test failed: Create and allocate commission package successfully
2026-07-08 23:13:51 [ERROR] Failure screenshot saved: C:\Users\shashwat.singh\Desktop\Playwright_Commission_Automation\reports\failure-screenshots\Create_and_allocate_commission_package_successfully.png
2026-07-08 23:14:17 [INFO] Starting test: Create and allocate commission package successfully
2026-07-08 23:14:18 [INFO] ===== Test Execution Started =====
2026-07-08 23:14:18 [INFO] Navigating to login page
2026-07-08 23:14:26 [INFO] Logging in with user: aih.admin@yopmail.com
2026-07-08 23:14:27 [INFO] Validating dashboard
2026-07-08 23:14:43 [INFO] Opening Agents dropdown
2026-07-08 23:14:43 [INFO] Selecting Easy Commission
2026-07-08 23:14:45 [INFO] Clicking Settings
2026-07-08 23:14:45 [INFO] Clicking Manage Packages
2026-07-08 23:14:47 [INFO] Validating Commission Packages Page
2026-07-08 23:14:51 [INFO] Clicking Add Package
2026-07-08 23:14:51 [INFO] Entering package name: Pawan
2026-07-08 23:14:52 [INFO] Entering description: Test
2026-07-08 23:14:52 [INFO] Selecting current date from calendar
2026-07-08 23:14:52 [INFO] Clicking Done
2026-07-08 23:14:54 [INFO] Opening package: Pawan
2026-07-08 23:14:54 [INFO] Clicking Arrow button
2026-07-08 23:14:57 [ERROR] Test failed: Create and allocate commission package successfully
2026-07-08 23:14:57 [ERROR] Failure screenshot saved: C:\Users\shashwat.singh\Desktop\Playwright_Commission_Automation\reports\failure-screenshots\Create_and_allocate_commission_package_successfully.png
2026-07-08 23:15:53 [INFO] Starting test: Create and allocate commission package successfully
2026-07-08 23:15:53 [INFO] ===== Test Execution Started =====
2026-07-08 23:15:53 [INFO] Navigating to login page
2026-07-08 23:16:02 [INFO] Logging in with user: aih.admin@yopmail.com
2026-07-08 23:16:02 [INFO] Validating dashboard
2026-07-08 23:16:11 [INFO] Opening Agents dropdown
2026-07-08 23:16:11 [INFO] Selecting Easy Commission
2026-07-08 23:16:12 [INFO] Clicking Settings
2026-07-08 23:16:12 [INFO] Clicking Manage Packages
2026-07-08 23:16:15 [INFO] Validating Commission Packages Page
2026-07-08 23:16:20 [INFO] Clicking Add Package
2026-07-08 23:16:21 [INFO] Entering package name: Pawan
2026-07-08 23:16:22 [INFO] Entering description: Test
2026-07-08 23:16:22 [INFO] Selecting current date from calendar
2026-07-08 23:16:22 [INFO] Clicking Done
2026-07-08 23:16:23 [INFO] Opening package: Pawan
2026-07-08 23:16:23 [INFO] Clicking Arrow button
2026-07-08 23:16:23 [INFO] Navigating to Award tab
2026-07-08 23:16:27 [INFO] Selecting Yes radio button
2026-07-08 23:16:28 [INFO] Saving Award page
2026-07-08 23:16:32 [ERROR] Test failed: Create and allocate commission package successfully
2026-07-08 23:16:32 [ERROR] Failure screenshot saved: C:\Users\shashwat.singh\Desktop\Playwright_Commission_Automation\reports\failure-screenshots\Create_and_allocate_commission_package_successfully.png
2026-07-08 23:18:38 [INFO] Starting test: Create and allocate commission package successfully
2026-07-08 23:18:38 [INFO] ===== Test Execution Started =====
2026-07-08 23:18:38 [INFO] Navigating to login page
2026-07-08 23:18:46 [INFO] Logging in with user: aih.admin@yopmail.com
2026-07-08 23:18:47 [INFO] Validating dashboard
2026-07-08 23:19:03 [INFO] Opening Agents dropdown
2026-07-08 23:19:03 [INFO] Selecting Easy Commission
2026-07-08 23:19:04 [INFO] Clicking Settings
2026-07-08 23:19:04 [INFO] Clicking Manage Packages
2026-07-08 23:19:07 [INFO] Validating Commission Packages Page
2026-07-08 23:19:13 [INFO] Clicking Add Package
2026-07-08 23:19:13 [INFO] Entering package name: Pawan
2026-07-08 23:19:14 [INFO] Entering description: Test
2026-07-08 23:19:14 [INFO] Selecting current date from calendar
2026-07-08 23:19:14 [INFO] Clicking Done
2026-07-08 23:19:15 [INFO] Opening package: Pawan
2026-07-08 23:19:15 [INFO] Clicking Arrow button
2026-07-08 23:19:17 [INFO] Navigating to Award tab
2026-07-08 23:19:18 [ERROR] Test failed: Create and allocate commission package successfully
2026-07-08 23:19:18 [ERROR] Failure screenshot saved: C:\Users\shashwat.singh\Desktop\Playwright_Commission_Automation\reports\failure-screenshots\Create_and_allocate_commission_package_successfully.png
2026-07-08 23:21:44 [INFO] Starting test: Create and allocate commission package successfully
2026-07-08 23:21:44 [INFO] ===== Test Execution Started =====
2026-07-08 23:21:44 [INFO] Navigating to login page
2026-07-08 23:21:53 [INFO] Logging in with user: aih.admin@yopmail.com
2026-07-08 23:21:54 [INFO] Validating dashboard
2026-07-08 23:22:02 [INFO] Opening Agents dropdown
2026-07-08 23:22:02 [INFO] Selecting Easy Commission
2026-07-08 23:22:03 [INFO] Clicking Settings
2026-07-08 23:22:03 [INFO] Clicking Manage Packages
2026-07-08 23:22:06 [INFO] Validating Commission Packages Page
2026-07-08 23:22:10 [INFO] Opening package: Pawan
2026-07-08 23:22:10 [INFO] Clicking Arrow button
2026-07-08 23:22:15 [INFO] Navigating to Award tab
2026-07-08 23:22:15 [INFO] Selecting Yes radio button
2026-07-08 23:22:16 [INFO] Saving Award page
2026-07-08 23:22:17 [INFO] Clicking arrow button for award group: ${groupname}
2026-07-08 23:22:19 [INFO] Selecting Percentage from dropdown
2026-07-08 23:22:21 [INFO] Entering Percentage value
2026-07-08 23:22:21 [INFO] Selecting Commission Rate Type
2026-07-08 23:22:21 [ERROR] Test failed: Create and allocate commission package successfully
2026-07-08 23:22:21 [ERROR] Failure screenshot saved: C:\Users\shashwat.singh\Desktop\Playwright_Commission_Automation\reports\failure-screenshots\Create_and_allocate_commission_package_successfully.png
2026-07-08 23:49:23 [INFO] Starting test: Create and allocate commission package successfully
2026-07-08 23:49:23 [INFO] ===== Test Execution Started =====
2026-07-08 23:49:23 [INFO] Navigating to login page
2026-07-08 23:49:34 [INFO] Logging in with user: aih.admin@yopmail.com
2026-07-08 23:49:39 [INFO] Validating dashboard
2026-07-08 23:49:51 [INFO] Opening Agents dropdown
2026-07-08 23:49:51 [INFO] Selecting Easy Commission
2026-07-08 23:49:51 [INFO] Clicking Settings
2026-07-08 23:49:51 [INFO] Clicking Manage Packages
2026-07-08 23:49:54 [INFO] Validating Commission Packages Page
2026-07-08 23:49:58 [INFO] Opening package: Pawan
2026-07-08 23:49:58 [INFO] Clicking Arrow button
2026-07-08 23:50:02 [INFO] Navigating to Award tab
2026-07-08 23:50:02 [INFO] Selecting Yes radio button
2026-07-08 23:50:02 [INFO] Saving Award page
2026-07-08 23:50:03 [INFO] Clicking arrow button for award group: ${groupname}
2026-07-08 23:50:03 [ERROR] Test failed: Create and allocate commission package successfully
2026-07-08 23:50:03 [ERROR] Failure screenshot saved: C:\Users\shashwat.singh\Desktop\Playwright_Commission_Automation\reports\failure-screenshots\Create_and_allocate_commission_package_successfully.png
2026-07-08 23:50:34 [INFO] Starting test: Create and allocate commission package successfully
2026-07-08 23:50:34 [INFO] ===== Test Execution Started =====
2026-07-08 23:50:34 [INFO] Navigating to login page
2026-07-08 23:50:43 [INFO] Logging in with user: aih.admin@yopmail.com
2026-07-08 23:50:43 [INFO] Validating dashboard
2026-07-08 23:50:55 [INFO] Opening Agents dropdown
2026-07-08 23:50:55 [INFO] Selecting Easy Commission
2026-07-08 23:50:56 [INFO] Clicking Settings
2026-07-08 23:50:56 [INFO] Clicking Manage Packages
2026-07-08 23:50:58 [INFO] Validating Commission Packages Page
2026-07-08 23:51:01 [INFO] Opening package: Pawan
2026-07-08 23:51:02 [INFO] Clicking Arrow button
2026-07-08 23:51:05 [INFO] Navigating to Award tab
2026-07-08 23:51:06 [INFO] Selecting Yes radio button
2026-07-08 23:51:06 [INFO] Saving Award page
2026-07-08 23:51:06 [INFO] Clicking arrow button for award group: ${groupname}
2026-07-08 23:51:08 [INFO] Selecting Percentage from dropdown
2026-07-08 23:51:09 [INFO] Entering Percentage value
2026-07-08 23:51:10 [INFO] Verifying Full course fee is selected
2026-07-08 23:51:10 [INFO] Opening Commission Rate Type dropdown
2026-07-08 23:51:10 [INFO] Selecting Year(s) option
2026-07-08 23:51:10 [INFO] Entering Commission Rate Duration
2026-07-08 23:51:10 [INFO] Saving changes
2026-07-08 23:51:14 [ERROR] Test failed: Create and allocate commission package successfully
2026-07-08 23:51:14 [ERROR] Failure screenshot saved: C:\Users\shashwat.singh\Desktop\Playwright_Commission_Automation\reports\failure-screenshots\Create_and_allocate_commission_package_successfully.png
2026-07-09 00:03:43 [INFO] Starting test: Create and allocate commission package successfully
2026-07-09 00:03:43 [INFO] ===== Test Execution Started =====
2026-07-09 00:03:43 [INFO] Navigating to login page
2026-07-09 00:03:51 [INFO] Logging in with user: aih.admin@yopmail.com
2026-07-09 00:03:53 [INFO] Validating dashboard
2026-07-09 00:04:09 [INFO] Opening Agents dropdown
2026-07-09 00:04:09 [INFO] Selecting Easy Commission
2026-07-09 00:04:10 [INFO] Clicking Settings
2026-07-09 00:04:10 [INFO] Clicking Manage Packages
2026-07-09 00:04:11 [INFO] Validating Commission Packages Page
2026-07-09 00:04:14 [INFO] Opening package: Pawan
2026-07-09 00:04:14 [INFO] Clicking Arrow button
2026-07-09 00:04:18 [INFO] Navigating to Award tab
2026-07-09 00:04:18 [INFO] Selecting Yes radio button
2026-07-09 00:04:19 [INFO] Saving Award page
2026-07-09 00:04:23 [ERROR] Test failed: Create and allocate commission package successfully
2026-07-09 00:04:23 [ERROR] Failure screenshot saved: C:\Users\shashwat.singh\Desktop\Playwright_Commission_Automation\reports\failure-screenshots\Create_and_allocate_commission_package_successfully.png
2026-07-09 00:05:30 [INFO] Starting test: Create and allocate commission package successfully
2026-07-09 00:05:30 [INFO] ===== Test Execution Started =====
2026-07-09 00:05:30 [INFO] Navigating to login page
2026-07-09 00:05:38 [INFO] Logging in with user: aih.admin@yopmail.com
2026-07-09 00:05:39 [INFO] Validating dashboard
2026-07-09 00:05:51 [INFO] Opening Agents dropdown
2026-07-09 00:05:52 [INFO] Selecting Easy Commission
2026-07-09 00:05:53 [INFO] Clicking Settings
2026-07-09 00:05:53 [INFO] Clicking Manage Packages
2026-07-09 00:05:54 [INFO] Validating Commission Packages Page
2026-07-09 00:05:59 [INFO] Opening package: Pawan
2026-07-09 00:05:59 [INFO] Clicking Arrow button
2026-07-09 00:06:03 [INFO] Navigating to Award tab
2026-07-09 00:06:04 [INFO] Clicking arrow button for award group: ${groupname}
2026-07-09 00:06:05 [INFO] Selecting Percentage from dropdown
2026-07-09 00:06:06 [INFO] Entering Percentage value
2026-07-09 00:06:06 [INFO] Verifying Full course fee is selected
2026-07-09 00:06:06 [INFO] Opening Commission Rate Type dropdown
2026-07-09 00:06:06 [INFO] Selecting Year(s) option
2026-07-09 00:06:06 [INFO] Entering Commission Rate Duration
2026-07-09 00:06:06 [INFO] Saving Award page
2026-07-09 00:06:07 [ERROR] Test failed: Create and allocate commission package successfully
2026-07-09 00:06:07 [ERROR] Failure screenshot saved: C:\Users\shashwat.singh\Desktop\Playwright_Commission_Automation\reports\failure-screenshots\Create_and_allocate_commission_package_successfully.png
2026-07-09 00:08:34 [INFO] Starting test: Create and allocate commission package successfully
2026-07-09 00:08:34 [INFO] ===== Test Execution Started =====
2026-07-09 00:08:34 [INFO] Navigating to login page
2026-07-09 00:08:45 [INFO] Logging in with user: aih.admin@yopmail.com
2026-07-09 00:08:47 [INFO] Validating dashboard
2026-07-09 00:08:55 [INFO] Opening Agents dropdown
2026-07-09 00:08:55 [INFO] Selecting Easy Commission
2026-07-09 00:08:56 [INFO] Clicking Settings
2026-07-09 00:08:56 [INFO] Clicking Manage Packages
2026-07-09 00:08:59 [INFO] Validating Commission Packages Page
2026-07-09 00:09:02 [INFO] Opening package: Pawan
2026-07-09 00:09:02 [INFO] Clicking Arrow button
2026-07-09 00:09:07 [INFO] Navigating to Award tab
2026-07-09 00:09:07 [INFO] Clicking arrow button for award group: ${groupname}
2026-07-09 00:09:08 [INFO] Selecting Percentage from dropdown
2026-07-09 00:09:09 [INFO] Entering Percentage value
2026-07-09 00:09:09 [INFO] Verifying Full course fee is selected
2026-07-09 00:09:13 [ERROR] Test failed: Create and allocate commission package successfully
2026-07-09 00:09:13 [ERROR] Failure screenshot saved: C:\Users\shashwat.singh\Desktop\Playwright_Commission_Automation\reports\failure-screenshots\Create_and_allocate_commission_package_successfully.png
2026-07-09 00:10:16 [INFO] Starting test: Create and allocate commission package successfully
2026-07-09 00:10:16 [INFO] ===== Test Execution Started =====
2026-07-09 00:10:16 [INFO] Navigating to login page
2026-07-09 00:10:24 [INFO] Logging in with user: aih.admin@yopmail.com
2026-07-09 00:10:25 [INFO] Validating dashboard
2026-07-09 00:10:34 [INFO] Opening Agents dropdown
2026-07-09 00:10:34 [INFO] Selecting Easy Commission
2026-07-09 00:10:35 [INFO] Clicking Settings
2026-07-09 00:10:35 [INFO] Clicking Manage Packages
2026-07-09 00:10:37 [INFO] Validating Commission Packages Page
2026-07-09 00:10:44 [INFO] Opening package: Pawan
2026-07-09 00:10:44 [INFO] Clicking Arrow button
2026-07-09 00:10:49 [INFO] Navigating to Award tab
2026-07-09 00:10:49 [INFO] Clicking arrow button for award group: ${groupname}
2026-07-09 00:10:50 [INFO] Selecting Percentage from dropdown
2026-07-09 00:10:52 [INFO] Entering Percentage value
2026-07-09 00:10:52 [INFO] Saving Award page
2026-07-09 00:10:53 [INFO] Go Back to previous page
2026-07-09 00:10:53 [ERROR] Test failed: Create and allocate commission package successfully
2026-07-09 00:10:53 [ERROR] Failure screenshot saved: C:\Users\shashwat.singh\Desktop\Playwright_Commission_Automation\reports\failure-screenshots\Create_and_allocate_commission_package_successfully.png
2026-07-09 00:28:40 [INFO] Starting test: Create and allocate commission package successfully
2026-07-09 00:28:40 [INFO] ===== Test Execution Started =====
2026-07-09 00:28:40 [INFO] Navigating to login page
2026-07-09 00:28:50 [INFO] Logging in with user: aih.admin@yopmail.com
2026-07-09 00:28:51 [INFO] Validating dashboard
2026-07-09 00:29:07 [INFO] Opening Agents dropdown
2026-07-09 00:29:07 [INFO] Selecting Easy Commission
2026-07-09 00:29:08 [INFO] Clicking Settings
2026-07-09 00:29:08 [INFO] Clicking Manage Packages
2026-07-09 00:29:11 [INFO] Validating Commission Packages Page
2026-07-09 00:29:16 [INFO] Opening package: Pawan
2026-07-09 00:29:17 [INFO] Clicking Arrow button
2026-07-09 00:29:20 [ERROR] Test failed: Create and allocate commission package successfully
2026-07-09 00:29:20 [ERROR] Failure screenshot saved: C:\Users\shashwat.singh\Desktop\Playwright_Commission_Automation\reports\failure-screenshots\Create_and_allocate_commission_package_successfully.png
2026-07-09 00:29:44 [INFO] Starting test: Create and allocate commission package successfully
2026-07-09 00:29:44 [INFO] ===== Test Execution Started =====
2026-07-09 00:29:44 [INFO] Navigating to login page
2026-07-09 00:30:06 [INFO] Logging in with user: aih.admin@yopmail.com
2026-07-09 00:30:07 [INFO] Validating dashboard
2026-07-09 00:30:16 [INFO] Opening Agents dropdown
2026-07-09 00:30:16 [INFO] Selecting Easy Commission
2026-07-09 00:30:17 [INFO] Clicking Settings
2026-07-09 00:30:17 [INFO] Clicking Manage Packages
2026-07-09 00:30:19 [INFO] Validating Commission Packages Page
2026-07-09 00:30:23 [ERROR] Test failed: Create and allocate commission package successfully
2026-07-09 00:30:23 [ERROR] Failure screenshot saved: C:\Users\shashwat.singh\Desktop\Playwright_Commission_Automation\reports\failure-screenshots\Create_and_allocate_commission_package_successfully.png
2026-07-09 00:31:03 [INFO] Starting test: Create and allocate commission package successfully
2026-07-09 00:31:03 [INFO] ===== Test Execution Started =====
2026-07-09 00:31:03 [INFO] Navigating to login page
2026-07-09 00:31:13 [INFO] Logging in with user: aih.admin@yopmail.com
2026-07-09 00:31:14 [INFO] Validating dashboard
2026-07-09 00:31:23 [INFO] Opening Agents dropdown
2026-07-09 00:31:23 [INFO] Selecting Easy Commission
2026-07-09 00:31:24 [INFO] Clicking Settings
2026-07-09 00:31:24 [INFO] Clicking Manage Packages
2026-07-09 00:31:25 [INFO] Validating Commission Packages Page
2026-07-09 00:31:30 [INFO] Opening package: Pawan
2026-07-09 00:31:30 [INFO] Clicking Arrow button
2026-07-09 00:31:34 [INFO] Navigating to Award tab
2026-07-09 00:31:34 [INFO] Clicking arrow button for award group: ${groupname}
2026-07-09 00:31:35 [INFO] Selecting Percentage from dropdown
2026-07-09 00:31:37 [INFO] Entering Percentage value
2026-07-09 00:31:37 [INFO] Saving Award page
2026-07-09 00:31:37 [INFO] Go Back to previous page
2026-07-09 00:31:38 [INFO] Clicking Filter
2026-07-09 00:31:43 [ERROR] Test failed: Create and allocate commission package successfully
2026-07-09 00:31:43 [ERROR] Failure screenshot saved: C:\Users\shashwat.singh\Desktop\Playwright_Commission_Automation\reports\failure-screenshots\Create_and_allocate_commission_package_successfully.png
2026-07-09 00:38:45 [INFO] Starting test: Create and allocate commission package successfully
2026-07-09 00:38:45 [INFO] ===== Test Execution Started =====
2026-07-09 00:38:45 [INFO] Navigating to login page
2026-07-09 00:38:54 [INFO] Logging in with user: aih.admin@yopmail.com
2026-07-09 00:38:55 [INFO] Validating dashboard
2026-07-09 00:39:31 [ERROR] Test failed: Create and allocate commission package successfully
2026-07-09 00:39:31 [ERROR] Failure screenshot saved: C:\Users\shashwat.singh\Desktop\Playwright_Commission_Automation\reports\failure-screenshots\Create_and_allocate_commission_package_successfully.png
2026-07-09 00:39:56 [INFO] Starting test: Create and allocate commission package successfully
2026-07-09 00:39:56 [INFO] ===== Test Execution Started =====
2026-07-09 00:39:56 [INFO] Navigating to login page
2026-07-09 00:40:04 [INFO] Logging in with user: aih.admin@yopmail.com
2026-07-09 00:40:05 [INFO] Validating dashboard
2026-07-09 00:40:37 [INFO] Opening Agents dropdown
2026-07-09 00:40:37 [INFO] Selecting Easy Commission
2026-07-09 00:40:38 [INFO] Clicking Settings
2026-07-09 00:40:39 [INFO] Clicking Manage Packages
2026-07-09 00:40:40 [INFO] Validating Commission Packages Page
2026-07-09 00:40:41 [ERROR] Test failed: Create and allocate commission package successfully
2026-07-09 00:40:41 [ERROR] Failure screenshot saved: C:\Users\shashwat.singh\Desktop\Playwright_Commission_Automation\reports\failure-screenshots\Create_and_allocate_commission_package_successfully.png
2026-07-09 00:41:38 [INFO] Starting test: Create and allocate commission package successfully
2026-07-09 00:41:38 [INFO] ===== Test Execution Started =====
2026-07-09 00:41:38 [INFO] Navigating to login page
2026-07-09 00:41:47 [INFO] Logging in with user: aih.admin@yopmail.com
2026-07-09 00:41:48 [INFO] Validating dashboard
2026-07-09 00:42:00 [INFO] Opening Agents dropdown
2026-07-09 00:42:00 [INFO] Selecting Easy Commission
2026-07-09 00:42:01 [INFO] Clicking Settings
2026-07-09 00:42:01 [INFO] Clicking Manage Packages
2026-07-09 00:42:04 [INFO] Validating Commission Packages Page
2026-07-09 00:42:09 [INFO] Opening package: Pawan
2026-07-09 00:42:09 [INFO] Clicking Arrow button
2026-07-09 00:42:14 [INFO] Navigating to Award tab
2026-07-09 00:42:15 [INFO] Clicking arrow button for award group: ${groupname}
2026-07-09 00:42:16 [INFO] Selecting Percentage from dropdown
2026-07-09 00:42:17 [INFO] Entering Percentage value
2026-07-09 00:42:18 [INFO] Saving Award page
2026-07-09 00:42:18 [ERROR] Test failed: Create and allocate commission package successfully
2026-07-09 00:42:18 [ERROR] Failure screenshot saved: C:\Users\shashwat.singh\Desktop\Playwright_Commission_Automation\reports\failure-screenshots\Create_and_allocate_commission_package_successfully.png
2026-07-09 00:43:05 [INFO] Starting test: Create and allocate commission package successfully
2026-07-09 00:43:05 [INFO] ===== Test Execution Started =====
2026-07-09 00:43:05 [INFO] Navigating to login page
2026-07-09 00:43:13 [INFO] Logging in with user: aih.admin@yopmail.com
2026-07-09 00:43:14 [INFO] Validating dashboard
2026-07-09 00:43:29 [INFO] Opening Agents dropdown
2026-07-09 00:43:30 [INFO] Selecting Easy Commission
2026-07-09 00:43:31 [INFO] Clicking Settings
2026-07-09 00:43:31 [INFO] Clicking Manage Packages
2026-07-09 00:43:32 [INFO] Validating Commission Packages Page
2026-07-09 00:43:35 [INFO] Opening package: Pawan
2026-07-09 00:43:35 [INFO] Clicking Arrow button
2026-07-09 00:43:39 [INFO] Navigating to Award tab
2026-07-09 00:43:39 [INFO] Clicking arrow button for award group: ${groupname}
2026-07-09 00:43:41 [INFO] Selecting Percentage from dropdown
2026-07-09 00:43:42 [INFO] Entering Percentage value
2026-07-09 00:43:42 [INFO] Go Back to previous page
2026-07-09 00:43:42 [INFO] Navigate Agent Tab
2026-07-09 00:43:42 [INFO] Clicking Filter
2026-07-09 00:43:44 [ERROR] Test failed: Create and allocate commission package successfully
2026-07-09 00:43:44 [ERROR] Failure screenshot saved: C:\Users\shashwat.singh\Desktop\Playwright_Commission_Automation\reports\failure-screenshots\Create_and_allocate_commission_package_successfully.png
2026-07-09 12:34:09 [INFO] Starting test: Create and allocate commission package successfully
2026-07-09 12:34:09 [INFO] ===== Test Execution Started =====
2026-07-09 12:34:09 [INFO] Navigating to login page
2026-07-09 12:34:15 [INFO] Logging in with user: aih.admin@yopmail.com
2026-07-09 12:34:16 [INFO] Validating dashboard
2026-07-09 12:34:27 [INFO] Opening Agents dropdown
2026-07-09 12:34:28 [INFO] Selecting Easy Commission
2026-07-09 12:34:29 [INFO] Clicking Settings
2026-07-09 12:34:29 [INFO] Clicking Manage Packages
2026-07-09 12:34:30 [INFO] Validating Commission Packages Page
2026-07-09 12:34:37 [INFO] Clicking Add Package
2026-07-09 12:34:38 [INFO] Entering package name: Sourav
2026-07-09 12:34:39 [INFO] Entering description: Test
2026-07-09 12:34:39 [INFO] Selecting current date from calendar
2026-07-09 12:34:39 [INFO] Clicking Done
2026-07-09 12:34:40 [INFO] Opening package: Sourav
2026-07-09 12:34:40 [INFO] Clicking Arrow button
2026-07-09 12:34:46 [INFO] Unchecking Courses
2026-07-09 12:34:46 [INFO] Unchecking Non Award Courses
2026-07-09 12:34:46 [INFO] Unchecking Packaged Awards
2026-07-09 12:34:46 [INFO] Selecting No radio button
2026-07-09 12:34:46 [INFO] Saving changes
2026-07-09 12:34:48 [INFO] Navigating to Award tab
2026-07-09 12:34:48 [INFO] Selecting Yes radio button
2026-07-09 12:34:49 [ERROR] Test failed: Create and allocate commission package successfully
2026-07-09 12:34:49 [ERROR] Failure screenshot saved: C:\Users\shashwat.singh\Desktop\Playwright_Commission_Automation\reports\failure-screenshots\Create_and_allocate_commission_package_successfully.png
2026-07-09 12:47:08 [INFO] Starting test: Create and allocate commission package successfully
2026-07-09 12:47:08 [INFO] ===== Test Execution Started =====
2026-07-09 12:47:08 [INFO] Navigating to login page
2026-07-09 12:47:13 [INFO] Logging in with user: aih.admin@yopmail.com
2026-07-09 12:47:14 [INFO] Validating dashboard
2026-07-09 12:47:48 [ERROR] Test failed: Create and allocate commission package successfully
2026-07-09 12:47:48 [ERROR] Failure screenshot saved: C:\Users\shashwat.singh\Desktop\Playwright_Commission_Automation\reports\failure-screenshots\Create_and_allocate_commission_package_successfully.png
2026-07-09 13:52:36 [INFO] Starting test: Create and allocate commission package successfully
2026-07-09 13:52:36 [INFO] ===== Test Execution Started =====
2026-07-09 13:52:36 [INFO] Navigating to login page
2026-07-09 13:52:42 [INFO] Logging in with user: aih.admin@yopmail.com
2026-07-09 13:52:44 [INFO] Validating dashboard
2026-07-09 13:52:51 [INFO] Opening Agents dropdown
2026-07-09 13:52:51 [INFO] Selecting Easy Commission
2026-07-09 13:52:53 [INFO] Clicking Settings
2026-07-09 13:52:53 [INFO] Clicking Manage Packages
2026-07-09 13:52:54 [INFO] Validating Commission Packages Page
2026-07-09 13:53:06 [ERROR] Test failed: Create and allocate commission package successfully
2026-07-09 13:53:06 [ERROR] Failure screenshot saved: C:\Users\shashwat.singh\Desktop\Playwright_Commission_Automation\reports\failure-screenshots\Create_and_allocate_commission_package_successfully.png
2026-07-09 13:53:29 [INFO] Starting test: Create and allocate commission package successfully
2026-07-09 13:53:29 [INFO] ===== Test Execution Started =====
2026-07-09 13:53:29 [INFO] Navigating to login page
2026-07-09 13:53:34 [INFO] Logging in with user: aih.admin@yopmail.com
2026-07-09 13:53:36 [INFO] Validating dashboard
2026-07-09 13:53:44 [INFO] Opening Agents dropdown
2026-07-09 13:53:45 [INFO] Selecting Easy Commission
2026-07-09 13:53:46 [INFO] Clicking Settings
2026-07-09 13:53:46 [INFO] Clicking Manage Packages
2026-07-09 13:53:47 [INFO] Validating Commission Packages Page
2026-07-09 13:53:50 [INFO] Opening package: Sourav
2026-07-09 13:53:51 [INFO] Clicking Arrow button
2026-07-09 13:53:55 [INFO] Navigating to Award tab
2026-07-09 13:53:55 [INFO] Selecting Yes radio button
2026-07-09 13:53:55 [ERROR] Test failed: Create and allocate commission package successfully
2026-07-09 13:53:55 [ERROR] Failure screenshot saved: C:\Users\shashwat.singh\Desktop\Playwright_Commission_Automation\reports\failure-screenshots\Create_and_allocate_commission_package_successfully.png
2026-07-09 13:55:09 [INFO] Starting test: Create and allocate commission package successfully
2026-07-09 13:55:09 [INFO] ===== Test Execution Started =====
2026-07-09 13:55:09 [INFO] Navigating to login page
2026-07-09 13:55:14 [INFO] Logging in with user: aih.admin@yopmail.com
2026-07-09 13:55:15 [INFO] Validating dashboard
2026-07-09 13:55:28 [INFO] Opening Agents dropdown
2026-07-09 13:55:28 [INFO] Selecting Easy Commission
2026-07-09 13:55:29 [INFO] Clicking Settings
2026-07-09 13:55:29 [INFO] Clicking Manage Packages
2026-07-09 13:55:30 [INFO] Validating Commission Packages Page
2026-07-09 13:55:35 [INFO] Opening package: Sourav
2026-07-09 13:55:35 [INFO] Clicking Arrow button
2026-07-09 13:55:41 [INFO] Navigating to Award tab
2026-07-09 13:55:41 [INFO] Selecting Yes radio button
2026-07-09 13:55:41 [INFO] Saving Award page
2026-07-09 13:55:49 [ERROR] Test failed: Create and allocate commission package successfully
2026-07-09 13:55:49 [ERROR] Failure screenshot saved: C:\Users\shashwat.singh\Desktop\Playwright_Commission_Automation\reports\failure-screenshots\Create_and_allocate_commission_package_successfully.png
2026-07-09 13:58:20 [INFO] Starting test: Create and allocate commission package successfully
2026-07-09 13:58:20 [INFO] ===== Test Execution Started =====
2026-07-09 13:58:20 [INFO] Navigating to login page
2026-07-09 13:58:25 [INFO] Logging in with user: aih.admin@yopmail.com
2026-07-09 13:58:27 [INFO] Validating dashboard
2026-07-09 13:58:36 [INFO] Opening Agents dropdown
2026-07-09 13:58:36 [INFO] Selecting Easy Commission
2026-07-09 13:58:36 [INFO] Clicking Settings
2026-07-09 13:58:37 [INFO] Clicking Manage Packages
2026-07-09 13:58:38 [INFO] Validating Commission Packages Page
2026-07-09 13:58:41 [INFO] Opening package: Sourav
2026-07-09 13:58:42 [INFO] Clicking Arrow button
2026-07-09 13:58:46 [INFO] Navigating to Award tab
2026-07-09 13:58:46 [INFO] Selecting Yes radio button
2026-07-09 13:58:47 [INFO] Saving Award page
2026-07-09 13:58:59 [ERROR] Test failed: Create and allocate commission package successfully
2026-07-09 13:58:59 [ERROR] Failure screenshot saved: C:\Users\shashwat.singh\Desktop\Playwright_Commission_Automation\reports\failure-screenshots\Create_and_allocate_commission_package_successfully.png
2026-07-09 14:01:35 [INFO] Starting test: Create and allocate commission package successfully
2026-07-09 14:01:35 [INFO] ===== Test Execution Started =====
2026-07-09 14:01:35 [INFO] Navigating to login page
2026-07-09 14:11:06 [INFO] Starting test: Create and allocate commission package successfully
2026-07-09 14:11:07 [INFO] ===== Test Execution Started =====
2026-07-09 14:11:07 [INFO] Navigating to login page
2026-07-09 14:11:11 [INFO] Logging in with user: aih.admin@yopmail.com
2026-07-09 14:11:13 [INFO] Validating dashboard
2026-07-09 14:11:22 [INFO] Opening Agents dropdown
2026-07-09 14:11:22 [INFO] Selecting Easy Commission
2026-07-09 14:11:34 [INFO] Clicking Settings
2026-07-09 14:11:34 [INFO] Clicking Manage Packages
2026-07-09 14:11:36 [INFO] Validating Commission Packages Page
2026-07-09 14:11:40 [INFO] Opening package: Sourav
2026-07-09 14:11:40 [INFO] Clicking Arrow button
2026-07-09 14:11:45 [INFO] Navigating to Award tab
2026-07-09 14:11:45 [INFO] Selecting Yes radio button
2026-07-09 14:11:46 [ERROR] Test failed: Create and allocate commission package successfully
2026-07-09 14:11:46 [ERROR] Failure screenshot saved: C:\Users\shashwat.singh\Desktop\Playwright_Commission_Automation\reports\failure-screenshots\Create_and_allocate_commission_package_successfully.png
2026-07-09 14:12:29 [INFO] Starting test: Create and allocate commission package successfully
2026-07-09 14:12:29 [INFO] ===== Test Execution Started =====
2026-07-09 14:12:29 [INFO] Navigating to login page
2026-07-09 14:12:34 [INFO] Logging in with user: aih.admin@yopmail.com
2026-07-09 14:12:36 [INFO] Validating dashboard
2026-07-09 14:12:44 [INFO] Opening Agents dropdown
2026-07-09 14:12:44 [INFO] Selecting Easy Commission
2026-07-09 14:12:45 [INFO] Clicking Settings
2026-07-09 14:12:45 [INFO] Clicking Manage Packages
2026-07-09 14:12:47 [INFO] Validating Commission Packages Page
2026-07-09 14:12:51 [INFO] Opening package: Sourav
2026-07-09 14:12:51 [INFO] Clicking Arrow button
2026-07-09 14:12:55 [INFO] Navigating to Award tab
2026-07-09 14:12:55 [INFO] Selecting Yes radio button
2026-07-09 14:12:56 [INFO] Saving Award page
2026-07-09 14:12:57 [ERROR] Test failed: Create and allocate commission package successfully
2026-07-09 14:12:57 [ERROR] Failure screenshot saved: C:\Users\shashwat.singh\Desktop\Playwright_Commission_Automation\reports\failure-screenshots\Create_and_allocate_commission_package_successfully.png
2026-07-09 14:14:44 [INFO] Starting test: Create and allocate commission package successfully
2026-07-09 14:14:44 [INFO] ===== Test Execution Started =====
2026-07-09 14:14:44 [INFO] Navigating to login page
2026-07-09 14:14:49 [INFO] Logging in with user: aih.admin@yopmail.com
2026-07-09 14:14:50 [INFO] Validating dashboard
2026-07-09 14:14:57 [INFO] Opening Agents dropdown
2026-07-09 14:14:57 [INFO] Selecting Easy Commission
2026-07-09 14:14:59 [INFO] Clicking Settings
2026-07-09 14:14:59 [INFO] Clicking Manage Packages
2026-07-09 14:15:00 [INFO] Validating Commission Packages Page
2026-07-09 14:15:04 [INFO] Opening package: Sourav
2026-07-09 14:15:04 [INFO] Clicking Arrow button
2026-07-09 14:15:08 [INFO] Navigating to Award tab
2026-07-09 14:15:08 [INFO] Selecting Yes radio button
2026-07-09 14:15:09 [INFO] Saving Award page
2026-07-09 14:15:10 [INFO] Clicking arrow button for award group: ${groupname}
2026-07-09 14:15:11 [INFO] Selecting Percentage from dropdown
2026-07-09 14:15:13 [INFO] Entering Percentage value
2026-07-09 14:15:13 [INFO] Verifying Full course fee is selected
2026-07-09 14:15:13 [INFO] Opening Commission Rate Type dropdown
2026-07-09 14:15:14 [INFO] Selecting Year(s) option
2026-07-09 14:15:14 [INFO] Entering Commission Rate Duration
2026-07-09 14:15:14 [INFO] Saving Award page
2026-07-09 14:15:23 [ERROR] Test failed: Create and allocate commission package successfully
2026-07-09 14:15:23 [ERROR] Failure screenshot saved: C:\Users\shashwat.singh\Desktop\Playwright_Commission_Automation\reports\failure-screenshots\Create_and_allocate_commission_package_successfully.png
2026-07-09 14:22:55 [INFO] Starting test: Create and allocate commission package successfully
2026-07-09 14:22:55 [INFO] ===== Test Execution Started =====
2026-07-09 14:22:55 [INFO] Navigating to login page
2026-07-09 14:23:01 [INFO] Logging in with user: aih.admin@yopmail.com
2026-07-09 14:23:02 [INFO] Validating dashboard
2026-07-09 14:23:11 [INFO] Opening Agents dropdown
2026-07-09 14:23:11 [INFO] Selecting Easy Commission
2026-07-09 14:23:12 [INFO] Clicking Settings
2026-07-09 14:23:12 [INFO] Clicking Manage Packages
2026-07-09 14:23:13 [INFO] Validating Commission Packages Page
2026-07-09 14:23:17 [INFO] Opening package: Sourav
2026-07-09 14:23:17 [INFO] Clicking Arrow button
2026-07-09 14:23:21 [INFO] Navigating to Award tab
2026-07-09 14:23:21 [INFO] Selecting Yes radio button
2026-07-09 14:23:22 [INFO] Saving Award page
2026-07-09 14:23:34 [ERROR] Test failed: Create and allocate commission package successfully
2026-07-09 14:23:34 [ERROR] Failure screenshot saved: C:\Users\shashwat.singh\Desktop\Playwright_Commission_Automation\reports\failure-screenshots\Create_and_allocate_commission_package_successfully.png
2026-07-09 14:38:51 [INFO] Starting test: Create and allocate commission package successfully
2026-07-09 14:38:51 [INFO] ===== Test Execution Started =====
2026-07-09 14:38:51 [INFO] Navigating to login page
2026-07-09 14:38:56 [INFO] Logging in with user: aih.admin@yopmail.com
2026-07-09 14:38:57 [INFO] Validating dashboard
2026-07-09 14:39:05 [INFO] Opening Agents dropdown
2026-07-09 14:39:05 [INFO] Selecting Easy Commission
2026-07-09 14:39:06 [INFO] Clicking Settings
2026-07-09 14:39:07 [INFO] Clicking Manage Packages
2026-07-09 14:39:08 [INFO] Validating Commission Packages Page
2026-07-09 14:39:12 [INFO] Opening package: Sourav
2026-07-09 14:39:13 [INFO] Clicking Arrow button
2026-07-09 14:39:17 [INFO] Navigating to Award tab
2026-07-09 14:39:17 [INFO] Selecting Yes radio button
2026-07-09 14:39:18 [INFO] Saving Award page
2026-07-09 14:39:20 [INFO] Clicking arrow button for award group: ${groupname}
2026-07-09 14:39:21 [INFO] Selecting Percentage from dropdown
2026-07-09 14:39:23 [INFO] Entering Percentage value
2026-07-09 14:39:23 [INFO] Verifying Full course fee is selected
2026-07-09 14:39:23 [INFO] Opening Commission Rate Type dropdown
2026-07-09 14:39:23 [INFO] Selecting Year(s) option
2026-07-09 14:39:24 [INFO] Entering Commission Rate Duration
2026-07-09 14:39:24 [INFO] Saving Award page
2026-07-09 14:39:25 [INFO] Go Back to previous page
2026-07-09 14:39:25 [INFO] Navigate Agent Tab
2026-07-09 14:39:25 [INFO] Clicking Filter
2026-07-09 14:39:27 [ERROR] Test failed: Create and allocate commission package successfully
2026-07-09 14:39:27 [ERROR] Failure screenshot saved: C:\Users\shashwat.singh\Desktop\Playwright_Commission_Automation\reports\failure-screenshots\Create_and_allocate_commission_package_successfully.png
2026-07-09 15:03:28 [INFO] Starting test: Create and allocate commission package successfully
2026-07-09 15:03:28 [INFO] ===== Test Execution Started =====
2026-07-09 15:03:28 [INFO] Navigating to login page
2026-07-09 15:03:34 [INFO] Logging in with user: aih.admin@yopmail.com
2026-07-09 15:03:36 [INFO] Validating dashboard
2026-07-09 15:03:51 [INFO] Opening Agents dropdown
2026-07-09 15:03:51 [INFO] Selecting Easy Commission
2026-07-09 15:03:52 [INFO] Clicking Settings
2026-07-09 15:03:52 [INFO] Clicking Manage Packages
2026-07-09 15:03:53 [INFO] Validating Commission Packages Page
2026-07-09 15:03:57 [INFO] Opening package: Sourav
2026-07-09 15:03:58 [INFO] Clicking Arrow button
2026-07-09 15:04:02 [INFO] Navigating to Award tab
2026-07-09 15:04:02 [INFO] Selecting Yes radio button
2026-07-09 15:04:03 [INFO] Saving Award page
2026-07-09 15:04:07 [INFO] Clicking arrow button for award group: ${groupname}
2026-07-09 15:04:07 [ERROR] Test failed: Create and allocate commission package successfully
2026-07-09 15:04:07 [ERROR] Failure screenshot saved: C:\Users\shashwat.singh\Desktop\Playwright_Commission_Automation\reports\failure-screenshots\Create_and_allocate_commission_package_successfully.png
2026-07-09 15:05:34 [INFO] Starting test: Create and allocate commission package successfully
2026-07-09 15:05:34 [INFO] ===== Test Execution Started =====
2026-07-09 15:05:34 [INFO] Navigating to login page
2026-07-09 15:05:39 [INFO] Logging in with user: aih.admin@yopmail.com
2026-07-09 15:05:40 [INFO] Validating dashboard
2026-07-09 15:05:48 [INFO] Opening Agents dropdown
2026-07-09 15:05:48 [INFO] Selecting Easy Commission
2026-07-09 15:05:49 [INFO] Clicking Settings
2026-07-09 15:05:49 [INFO] Clicking Manage Packages
2026-07-09 15:05:50 [INFO] Validating Commission Packages Page
2026-07-09 15:05:55 [INFO] Opening package: Sourav
2026-07-09 15:05:55 [INFO] Clicking Arrow button
2026-07-09 15:05:59 [INFO] Navigating to Award tab
2026-07-09 15:05:59 [INFO] Selecting Yes radio button
2026-07-09 15:06:00 [INFO] Saving Award page
2026-07-09 15:06:03 [INFO] Clicking arrow button for award group: ${groupname}
2026-07-09 15:06:04 [INFO] Selecting Percentage from dropdown
2026-07-09 15:06:06 [INFO] Entering Percentage value
2026-07-09 15:06:06 [INFO] Verifying Full course fee is selected
2026-07-09 15:06:06 [INFO] Opening Commission Rate Type dropdown
2026-07-09 15:06:06 [INFO] Selecting Year(s) option
2026-07-09 15:06:06 [INFO] Entering Commission Rate Duration
2026-07-09 15:06:06 [INFO] Saving Award page
2026-07-09 15:06:07 [INFO] Go Back to previous page
2026-07-09 15:06:08 [INFO] Navigate Agent Tab
2026-07-09 15:06:08 [INFO] Clicking Filter
2026-07-09 15:06:09 [ERROR] Test failed: Create and allocate commission package successfully
2026-07-09 15:06:09 [ERROR] Failure screenshot saved: C:\Users\shashwat.singh\Desktop\Playwright_Commission_Automation\reports\failure-screenshots\Create_and_allocate_commission_package_successfully.png
2026-07-09 15:10:11 [INFO] Starting test: Create and allocate commission package successfully
2026-07-09 15:10:11 [INFO] ===== Test Execution Started =====
2026-07-09 15:10:11 [INFO] Navigating to login page
2026-07-09 15:10:15 [INFO] Logging in with user: aih.admin@yopmail.com
2026-07-09 15:10:17 [INFO] Validating dashboard
2026-07-09 15:10:24 [INFO] Opening Agents dropdown
2026-07-09 15:10:24 [INFO] Selecting Easy Commission
2026-07-09 15:10:25 [INFO] Clicking Settings
2026-07-09 15:10:25 [INFO] Clicking Manage Packages
2026-07-09 15:10:26 [INFO] Validating Commission Packages Page
2026-07-09 15:10:30 [INFO] Opening package: Sourav
2026-07-09 15:10:30 [INFO] Clicking Arrow button
2026-07-09 15:10:34 [INFO] Navigating to Award tab
2026-07-09 15:10:34 [INFO] Selecting Yes radio button
2026-07-09 15:10:35 [INFO] Saving Award page
2026-07-09 15:10:38 [INFO] Clicking arrow button for award group: ${groupname}
2026-07-09 15:10:38 [INFO] Selecting Percentage from dropdown
2026-07-09 15:10:40 [INFO] Entering Percentage value
2026-07-09 15:10:40 [INFO] Verifying Full course fee is selected
2026-07-09 15:10:40 [INFO] Opening Commission Rate Type dropdown
2026-07-09 15:10:40 [INFO] Selecting Year(s) option
2026-07-09 15:10:40 [INFO] Entering Commission Rate Duration
2026-07-09 15:10:40 [INFO] Saving Award page
2026-07-09 15:10:40 [INFO] Go Back to previous page
2026-07-09 15:10:40 [INFO] Navigate Agent Tab
2026-07-09 15:10:41 [INFO] Clicking Filter
2026-07-09 15:10:42 [INFO] Selecting Allocation = Allocate Another Package
2026-07-09 15:10:43 [INFO] Clicking Done
2026-07-09 15:10:43 [INFO] Selecting agent: 4Nation Group Australia Pty Ltd
2026-07-09 15:10:50 [ERROR] Test failed: Create and allocate commission package successfully
2026-07-09 15:10:50 [ERROR] Failure screenshot saved: C:\Users\shashwat.singh\Desktop\Playwright_Commission_Automation\reports\failure-screenshots\Create_and_allocate_commission_package_successfully.png
2026-07-09 15:56:53 [INFO] Starting test: Create and allocate commission package successfully
2026-07-09 15:56:53 [INFO] ===== Test Execution Started =====
2026-07-09 15:56:53 [INFO] Navigating to login page
2026-07-09 15:56:58 [INFO] Logging in with user: aih.admin@yopmail.com
2026-07-09 15:56:58 [INFO] Validating dashboard
2026-07-09 15:57:06 [INFO] Opening Agents dropdown
2026-07-09 15:57:06 [INFO] Selecting Easy Commission
2026-07-09 15:57:07 [INFO] Clicking Settings
2026-07-09 15:57:08 [INFO] Clicking Manage Packages
2026-07-09 15:57:08 [INFO] Validating Commission Packages Page
2026-07-09 15:57:13 [INFO] Opening package: Sourav
2026-07-09 15:57:13 [INFO] Clicking Arrow button
2026-07-09 15:57:17 [INFO] Navigating to Award tab
2026-07-09 15:57:18 [INFO] Selecting Yes radio button
2026-07-09 15:57:19 [INFO] Saving Award page
2026-07-09 15:57:22 [INFO] Clicking arrow button for award group: ${groupname}
2026-07-09 15:57:23 [INFO] Selecting Percentage from dropdown
2026-07-09 15:57:25 [INFO] Entering Percentage value
2026-07-09 15:57:25 [INFO] Verifying Full course fee is selected
2026-07-09 15:57:25 [INFO] Opening Commission Rate Type dropdown
2026-07-09 15:57:25 [INFO] Selecting Year(s) option
2026-07-09 15:57:25 [INFO] Entering Commission Rate Duration
2026-07-09 15:57:25 [INFO] Saving Award page
2026-07-09 15:57:26 [INFO] Go Back to previous page
2026-07-09 15:57:27 [INFO] Navigate Agent Tab
2026-07-09 15:57:27 [INFO] Clicking Filter
2026-07-09 15:57:28 [INFO] Selecting Allocation = Allocate Another Package
2026-07-09 15:57:29 [INFO] Clicking Done
2026-07-09 15:57:29 [INFO] Selecting agent: Oceanic Consultants Pvt Ltd
2026-07-09 15:57:29 [INFO] Clicking Allocate Package
2026-07-09 15:57:30 [INFO] Selecting current date
2026-07-09 15:57:30 [ERROR] Test failed: Create and allocate commission package successfully
2026-07-09 15:57:30 [ERROR] Failure screenshot saved: C:\Users\shashwat.singh\Desktop\Playwright_Commission_Automation\reports\failure-screenshots\Create_and_allocate_commission_package_successfully.png
2026-07-09 16:12:43 [INFO] Starting test: Create and allocate commission package successfully
2026-07-09 16:12:43 [INFO] ===== Test Execution Started =====
2026-07-09 16:12:43 [INFO] Navigating to login page
2026-07-09 16:12:48 [INFO] Logging in with user: aih.admin@yopmail.com
2026-07-09 16:12:49 [INFO] Validating dashboard
2026-07-09 16:12:59 [INFO] Opening Agents dropdown
2026-07-09 16:12:59 [INFO] Selecting Easy Commission
2026-07-09 16:13:00 [INFO] Clicking Settings
2026-07-09 16:13:00 [INFO] Clicking Manage Packages
2026-07-09 16:13:01 [INFO] Validating Commission Packages Page
2026-07-09 16:13:05 [INFO] Opening package: Sourav
2026-07-09 16:13:05 [INFO] Clicking Arrow button
2026-07-09 16:13:09 [INFO] Navigate Agent Tab
2026-07-09 16:13:09 [INFO] Clicking Filter
2026-07-09 16:13:11 [INFO] Selecting Allocation = Allocate Another Package
2026-07-09 16:13:11 [INFO] Clicking Done
2026-07-09 16:13:11 [INFO] Selecting agent: Oceanic Consultants Pvt Ltd
2026-07-09 16:13:12 [ERROR] Test failed: Create and allocate commission package successfully
2026-07-09 16:13:12 [ERROR] Failure screenshot saved: C:\Users\shashwat.singh\Desktop\Playwright_Commission_Automation\reports\failure-screenshots\Create_and_allocate_commission_package_successfully.png
2026-07-09 16:16:49 [INFO] Starting test: Create and allocate commission package successfully
2026-07-09 16:16:49 [INFO] ===== Test Execution Started =====
2026-07-09 16:16:49 [INFO] Navigating to login page
2026-07-09 16:16:53 [INFO] Logging in with user: aih.admin@yopmail.com
2026-07-09 16:16:54 [INFO] Validating dashboard
2026-07-09 16:17:04 [INFO] Opening Agents dropdown
2026-07-09 16:17:04 [INFO] Selecting Easy Commission
2026-07-09 16:17:05 [INFO] Clicking Settings
2026-07-09 16:17:06 [INFO] Clicking Manage Packages
2026-07-09 16:17:07 [INFO] Validating Commission Packages Page
2026-07-09 16:17:10 [INFO] Opening package: Sourav
2026-07-09 16:17:10 [INFO] Clicking Arrow button
2026-07-09 16:17:14 [INFO] Navigate Agent Tab
2026-07-09 16:17:14 [INFO] Clicking Filter
2026-07-09 16:17:16 [INFO] Selecting Allocation = Allocate Another Package
2026-07-09 16:17:16 [INFO] Clicking Done
2026-07-09 16:17:17 [INFO] Selecting agent: Oceanic Consultants Pvt Ltd
2026-07-09 16:17:28 [ERROR] Test failed: Create and allocate commission package successfully
2026-07-09 16:17:28 [ERROR] Failure screenshot saved: C:\Users\shashwat.singh\Desktop\Playwright_Commission_Automation\reports\failure-screenshots\Create_and_allocate_commission_package_successfully.png
2026-07-09 16:31:30 [INFO] Starting test: Create and allocate commission package successfully
2026-07-09 16:31:30 [INFO] ===== Test Execution Started =====
2026-07-09 16:31:30 [INFO] Navigating to login page
2026-07-09 16:31:34 [INFO] Logging in with user: aih.admin@yopmail.com
2026-07-09 16:31:35 [INFO] Validating dashboard
2026-07-09 16:31:42 [INFO] Opening Agents dropdown
2026-07-09 16:31:42 [INFO] Selecting Easy Commission
2026-07-09 16:31:43 [INFO] Clicking Settings
2026-07-09 16:31:43 [INFO] Clicking Manage Packages
2026-07-09 16:31:44 [INFO] Validating Commission Packages Page
2026-07-09 16:31:47 [INFO] Opening package: Sourav
2026-07-09 16:31:48 [INFO] Clicking Arrow button
2026-07-09 16:31:52 [INFO] Navigate Agent Tab
2026-07-09 16:31:52 [INFO] Clicking Filter
2026-07-09 16:31:54 [INFO] Selecting Allocation = Allocate Another Package
2026-07-09 16:31:55 [INFO] Clicking Done
2026-07-09 16:31:55 [INFO] Selecting agent: Oceanic Consultants Pvt Ltd
2026-07-09 16:31:56 [INFO] Clicking Allocate Package
2026-07-09 16:31:56 [INFO] Selecting current date
2026-07-09 16:31:56 [ERROR] Test failed: Create and allocate commission package successfully
2026-07-09 16:31:56 [ERROR] Failure screenshot saved: C:\Users\shashwat.singh\Desktop\Playwright_Commission_Automation\reports\failure-screenshots\Create_and_allocate_commission_package_successfully.png
2026-07-09 17:05:06 [INFO] Starting test: Create and allocate commission package successfully
2026-07-09 17:05:06 [INFO] ===== Test Execution Started =====
2026-07-09 17:05:06 [INFO] Navigating to login page
2026-07-09 17:05:10 [INFO] Logging in with user: aih.admin@yopmail.com
2026-07-09 17:05:12 [INFO] Validating dashboard
2026-07-09 17:05:23 [INFO] Opening Agents dropdown
2026-07-09 17:05:23 [INFO] Selecting Easy Commission
2026-07-09 17:05:24 [INFO] Clicking Settings
2026-07-09 17:05:24 [INFO] Clicking Manage Packages
2026-07-09 17:05:25 [INFO] Validating Commission Packages Page
2026-07-09 17:05:34 [INFO] Opening package: Sourav
2026-07-09 17:05:34 [INFO] Clicking Arrow button
2026-07-09 17:05:38 [INFO] Navigate Agent Tab
2026-07-09 17:05:38 [INFO] Clicking Filter
2026-07-09 17:05:39 [INFO] Selecting Allocation = Allocate Another Package
2026-07-09 17:05:40 [INFO] Clicking Done
2026-07-09 17:05:40 [INFO] Selecting agent: Oceanic Consultants Pvt Ltd
2026-07-09 17:05:41 [INFO] Clicking Allocate Package
2026-07-09 17:05:41 [INFO] Selecting current date
2026-07-09 17:05:42 [ERROR] Test failed: Create and allocate commission package successfully
2026-07-09 17:05:42 [ERROR] Failure screenshot saved: C:\Users\shashwat.singh\Desktop\Playwright_Commission_Automation\reports\failure-screenshots\Create_and_allocate_commission_package_successfully.png
2026-07-09 17:27:22 [INFO] Starting test: Create and allocate commission package successfully
2026-07-09 17:27:22 [INFO] ===== Test Execution Started =====
2026-07-09 17:27:22 [INFO] Navigating to login page
2026-07-09 17:41:00 [INFO] Starting test: Create and allocate commission package successfully
2026-07-09 17:41:01 [INFO] ===== Test Execution Started =====
2026-07-09 17:41:01 [INFO] Navigating to login page
2026-07-09 17:41:05 [INFO] Logging in with user: aih.admin@yopmail.com
2026-07-09 17:41:07 [INFO] Validating dashboard
2026-07-09 17:41:15 [INFO] Opening Agents dropdown
2026-07-09 17:41:16 [INFO] Selecting Easy Commission
2026-07-09 17:41:17 [INFO] Clicking Settings
2026-07-09 17:41:17 [INFO] Clicking Manage Packages
2026-07-09 17:41:18 [INFO] Validating Commission Packages Page
2026-07-09 17:41:21 [INFO] Opening package: Sourav
2026-07-09 17:41:21 [INFO] Clicking Arrow button
2026-07-09 17:41:26 [INFO] Navigate Agent Tab
2026-07-09 17:41:26 [INFO] Clicking Filter
2026-07-09 17:41:27 [INFO] Selecting Allocation = Allocate Another Package
2026-07-09 17:41:28 [INFO] Clicking Done
2026-07-09 17:41:28 [INFO] Selecting agent: Oceanic Consultants Pvt Ltd
2026-07-09 17:41:29 [INFO] Clicking Allocate Package
2026-07-09 17:41:29 [INFO] Selecting current date
2026-07-09 17:41:30 [INFO] Clicking Done
2026-07-09 17:41:30 [INFO] Closing popup
2026-07-09 17:41:40 [ERROR] Test failed: Create and allocate commission package successfully
2026-07-09 17:41:40 [ERROR] Failure screenshot saved: C:\Users\shashwat.singh\Desktop\Playwright_Commission_Automation\reports\failure-screenshots\Create_and_allocate_commission_package_successfully.png
2026-07-09 22:21:48 [INFO] Starting test: Create and allocate commission package successfully
2026-07-09 22:21:48 [INFO] ===== Test Execution Started =====
2026-07-09 22:21:48 [INFO] Navigating to login page
2026-07-09 23:00:02 [INFO] Starting test: Create and allocate commission package successfully
2026-07-09 23:00:02 [INFO] ===== Test Execution Started =====
2026-07-09 23:00:02 [INFO] Navigating to login page
2026-07-09 23:00:11 [INFO] Logging in with user: aih.admin@yopmail.com
2026-07-09 23:00:24 [ERROR] Test failed: Create and allocate commission package successfully
2026-07-09 23:00:24 [ERROR] Failure screenshot saved: C:\Users\shashwat.singh\Desktop\Playwright_Commission_Automation\reports\failure-screenshots\Create_and_allocate_commission_package_successfully.png
2026-07-10 09:25:15 [INFO] Starting test: Create and allocate commission package successfully
2026-07-10 09:25:15 [INFO] ===== Test Execution Started =====
2026-07-10 09:25:15 [INFO] Navigating to login page
2026-07-10 09:25:20 [INFO] Logging in with user: aih.admin@yopmail.com
2026-07-10 09:25:20 [INFO] Validating dashboard
2026-07-10 09:25:29 [INFO] Opening Agents dropdown
2026-07-10 09:25:29 [INFO] Selecting Easy Commission
2026-07-10 09:25:30 [INFO] Clicking Settings
2026-07-10 09:25:30 [INFO] Clicking Manage Packages
2026-07-10 09:25:31 [INFO] Validating Commission Packages Page
2026-07-10 09:25:35 [INFO] Opening package: Sourav
2026-07-10 09:25:35 [INFO] Clicking Arrow button
2026-07-10 09:25:39 [INFO] Validating package is inactive
2026-07-10 09:25:39 [INFO] Validating toggle is OFF
2026-07-10 09:25:39 [INFO] Clicking Active toggle
2026-07-10 09:25:40 [INFO] Validating confirmation popup
2026-07-10 09:25:40 [INFO] Confirming activation
2026-07-10 09:25:50 [ERROR] Test failed: Create and allocate commission package successfully
2026-07-10 09:25:50 [ERROR] Failure screenshot saved: C:\Users\shashwat.singh\Desktop\Playwright_Commission_Automation\reports\failure-screenshots\Create_and_allocate_commission_package_successfully.png
2026-07-10 09:31:25 [INFO] Starting test: Create and allocate commission package successfully
2026-07-10 09:31:25 [INFO] ===== Test Execution Started =====
2026-07-10 09:31:25 [INFO] Navigating to login page
2026-07-10 09:31:29 [INFO] Logging in with user: aih.admin@yopmail.com
2026-07-10 09:31:30 [INFO] Validating dashboard
2026-07-10 09:31:40 [INFO] Opening Agents dropdown
2026-07-10 09:31:40 [INFO] Selecting Easy Commission
2026-07-10 09:31:41 [INFO] Clicking Settings
2026-07-10 09:31:41 [INFO] Clicking Manage Packages
2026-07-10 09:31:42 [INFO] Validating Commission Packages Page
2026-07-10 09:31:46 [INFO] Opening package: Sourav
2026-07-10 09:31:47 [INFO] Clicking Arrow button
2026-07-10 09:31:51 [INFO] Validating package is inactive
2026-07-10 09:31:51 [INFO] Validating toggle is OFF
2026-07-10 09:31:51 [INFO] Clicking Active toggle
2026-07-10 09:31:51 [INFO] Validating confirmation popup
2026-07-10 09:31:51 [INFO] Confirming activation
2026-07-10 09:32:01 [ERROR] Test failed: Create and allocate commission package successfully
2026-07-10 09:32:01 [ERROR] Failure screenshot saved: C:\Users\shashwat.singh\Desktop\Playwright_Commission_Automation\reports\failure-screenshots\Create_and_allocate_commission_package_successfully.png
2026-07-10 09:39:10 [INFO] Starting test: Create and allocate commission package successfully
2026-07-10 09:39:10 [INFO] ===== Test Execution Started =====
2026-07-10 09:39:10 [INFO] Navigating to login page
2026-07-10 09:39:14 [INFO] Logging in with user: aih.admin@yopmail.com
2026-07-10 09:39:15 [INFO] Validating dashboard
2026-07-10 09:39:26 [INFO] Opening Agents dropdown
2026-07-10 09:39:26 [INFO] Selecting Easy Commission
2026-07-10 09:39:27 [INFO] Clicking Settings
2026-07-10 09:39:27 [INFO] Clicking Manage Packages
2026-07-10 09:39:29 [INFO] Validating Commission Packages Page
2026-07-10 09:39:36 [INFO] Opening package: Sourav
2026-07-10 09:39:37 [INFO] Clicking Arrow button
2026-07-10 09:39:49 [ERROR] Test failed: Create and allocate commission package successfully
2026-07-10 09:39:49 [ERROR] Failure screenshot saved: C:\Users\shashwat.singh\Desktop\Playwright_Commission_Automation\reports\failure-screenshots\Create_and_allocate_commission_package_successfully.png
2026-07-10 09:41:22 [INFO] Starting test: Create and allocate commission package successfully
2026-07-10 09:41:22 [INFO] ===== Test Execution Started =====
2026-07-10 09:41:22 [INFO] Navigating to login page
2026-07-10 09:41:26 [INFO] Logging in with user: aih.admin@yopmail.com
2026-07-10 09:41:26 [INFO] Validating dashboard
2026-07-10 09:41:34 [INFO] Opening Agents dropdown
2026-07-10 09:41:35 [INFO] Selecting Easy Commission
2026-07-10 09:41:36 [INFO] Clicking Settings
2026-07-10 09:41:36 [INFO] Clicking Manage Packages
2026-07-10 09:41:37 [INFO] Validating Commission Packages Page
2026-07-10 09:41:40 [INFO] Opening package: Sourav
2026-07-10 09:41:40 [INFO] Clicking Arrow button
2026-07-10 09:41:45 [INFO] Validating package is inactive
2026-07-10 09:41:45 [INFO] Validating toggle is OFF
2026-07-10 09:41:45 [INFO] Clicking Active toggle
2026-07-10 09:41:45 [INFO] Validating confirmation popup
2026-07-10 09:41:45 [INFO] Confirming activation
2026-07-10 09:41:45 [INFO] ===== Test Execution Completed Successfully =====
2026-07-10 09:41:45 [INFO] Test passed: Create and allocate commission package successfully
2026-07-10 09:53:18 [INFO] Starting test: Create and allocate commission package successfully
2026-07-10 09:53:18 [INFO] ===== Test Execution Started =====
2026-07-10 09:53:18 [INFO] Navigating to login page
2026-07-10 09:53:23 [INFO] Logging in with user: aih.admin@yopmail.com
2026-07-10 09:53:24 [INFO] Validating dashboard
2026-07-10 09:53:31 [INFO] Opening Agents dropdown
2026-07-10 09:53:31 [INFO] Selecting Easy Commission
2026-07-10 09:53:33 [INFO] Clicking Settings
2026-07-10 09:53:33 [INFO] Clicking Manage Packages
2026-07-10 09:53:34 [INFO] Validating Commission Packages Page
2026-07-10 09:53:37 [INFO] Clicking Add Package
2026-07-10 09:53:37 [INFO] Entering package name: Manpreet
2026-07-10 09:53:38 [INFO] Entering description: Test
2026-07-10 09:53:38 [INFO] Selecting current date from calendar
2026-07-10 09:53:38 [INFO] Clicking Done
2026-07-10 09:53:39 [INFO] Opening package: Manpreet
2026-07-10 09:53:40 [INFO] Clicking Arrow button
2026-07-10 09:53:44 [INFO] Unchecking Courses
2026-07-10 09:53:44 [INFO] Unchecking Non Award Courses
2026-07-10 09:53:44 [INFO] Unchecking Packaged Awards
2026-07-10 09:53:44 [INFO] Selecting No radio button
2026-07-10 09:53:44 [INFO] Saving changes
2026-07-10 09:53:46 [INFO] Navigating to Award tab
2026-07-10 09:53:46 [INFO] Selecting Yes radio button
2026-07-10 09:53:47 [INFO] Saving Award page
2026-07-10 09:53:50 [INFO] Clicking arrow button for award group: ${groupname}
2026-07-10 09:53:50 [INFO] Selecting Percentage from dropdown
2026-07-10 09:53:51 [INFO] Entering Percentage value
2026-07-10 09:53:51 [INFO] Verifying Full course fee is selected
2026-07-10 09:53:51 [INFO] Opening Commission Rate Type dropdown
2026-07-10 09:53:51 [INFO] Selecting Year(s) option
2026-07-10 09:53:51 [INFO] Entering Commission Rate Duration
2026-07-10 09:53:51 [INFO] Saving Award page
2026-07-10 09:53:52 [INFO] Go Back to previous page
2026-07-10 09:53:52 [INFO] Navigate Agent Tab
2026-07-10 09:53:52 [INFO] Clicking Filter
2026-07-10 09:53:54 [INFO] Selecting Allocation = Allocate Another Package
2026-07-10 09:53:55 [INFO] Clicking Done
2026-07-10 09:53:55 [INFO] Selecting agent: Oceanic Consultants Pvt Ltd
2026-07-10 09:53:56 [INFO] Clicking Allocate Package
2026-07-10 09:53:56 [INFO] Selecting current date
2026-07-10 09:53:56 [INFO] Clicking Done
2026-07-10 09:53:57 [INFO] Validating package is inactive
2026-07-10 09:53:57 [INFO] Validating toggle is OFF
2026-07-10 09:53:57 [INFO] Clicking Active toggle
2026-07-10 09:53:58 [ERROR] Test failed: Create and allocate commission package successfully
2026-07-10 09:53:58 [ERROR] Failure screenshot saved: C:\Users\shashwat.singh\Desktop\Playwright_Commission_Automation\reports\failure-screenshots\Create_and_allocate_commission_package_successfully.png
2026-07-10 10:05:15 [INFO] Starting test: Create and allocate commission package successfully
2026-07-10 10:05:16 [INFO] ===== Test Execution Started =====
2026-07-10 10:05:16 [INFO] Navigating to login page
2026-07-10 10:05:19 [INFO] Logging in with user: aih.admin@yopmail.com
2026-07-10 10:05:21 [INFO] Validating dashboard
2026-07-10 10:05:30 [INFO] Opening Agents dropdown
2026-07-10 10:05:31 [INFO] Selecting Easy Commission
2026-07-10 10:05:32 [INFO] Clicking Settings
2026-07-10 10:05:32 [INFO] Clicking Manage Packages
2026-07-10 10:05:33 [INFO] Validating Commission Packages Page
2026-07-10 10:05:37 [INFO] Opening package: Manpreet
2026-07-10 10:05:37 [INFO] Clicking Arrow button
2026-07-10 10:05:41 [INFO] Validating package is inactive
2026-07-10 10:05:41 [INFO] Validating toggle is OFF
2026-07-10 10:05:41 [INFO] Clicking Active toggle
2026-07-10 10:05:55 [ERROR] Test failed: Create and allocate commission package successfully
2026-07-10 10:05:55 [ERROR] Failure screenshot saved: C:\Users\shashwat.singh\Desktop\Playwright_Commission_Automation\reports\failure-screenshots\Create_and_allocate_commission_package_successfully.png
2026-07-10 10:07:00 [INFO] Starting test: Create and allocate commission package successfully
2026-07-10 10:07:00 [INFO] ===== Test Execution Started =====
2026-07-10 10:07:00 [INFO] Navigating to login page
2026-07-10 10:07:04 [INFO] Logging in with user: aih.admin@yopmail.com
2026-07-10 10:07:05 [INFO] Validating dashboard
2026-07-10 10:07:13 [INFO] Opening Agents dropdown
2026-07-10 10:07:13 [INFO] Selecting Easy Commission
2026-07-10 10:07:14 [INFO] Clicking Settings
2026-07-10 10:07:14 [INFO] Clicking Manage Packages
2026-07-10 10:07:15 [INFO] Validating Commission Packages Page
2026-07-10 10:07:19 [INFO] Opening package: Manpreet
2026-07-10 10:07:19 [INFO] Clicking Arrow button
2026-07-10 10:07:24 [INFO] Validating package is inactive
2026-07-10 10:07:24 [INFO] Validating toggle is OFF
2026-07-10 10:07:24 [INFO] Clicking Active toggle
2026-07-10 10:07:39 [ERROR] Test failed: Create and allocate commission package successfully
2026-07-10 10:07:39 [ERROR] Failure screenshot saved: C:\Users\shashwat.singh\Desktop\Playwright_Commission_Automation\reports\failure-screenshots\Create_and_allocate_commission_package_successfully.png
2026-07-10 10:09:59 [INFO] Starting test: Create and allocate commission package successfully
2026-07-10 10:09:59 [INFO] ===== Test Execution Started =====
2026-07-10 10:09:59 [INFO] Navigating to login page
2026-07-10 10:10:03 [INFO] Logging in with user: aih.admin@yopmail.com
2026-07-10 10:10:03 [INFO] Validating dashboard
2026-07-10 10:10:11 [INFO] Opening Agents dropdown
2026-07-10 10:10:11 [INFO] Selecting Easy Commission
2026-07-10 10:10:12 [INFO] Clicking Settings
2026-07-10 10:10:13 [INFO] Clicking Manage Packages
2026-07-10 10:10:14 [INFO] Validating Commission Packages Page
2026-07-10 10:10:17 [INFO] Opening package: Manpreet
2026-07-10 10:10:17 [INFO] Clicking Arrow button
2026-07-10 10:10:21 [INFO] Validating package is inactive
2026-07-10 10:10:21 [INFO] Validating toggle is OFF
2026-07-10 10:10:21 [INFO] Clicking Active toggle
2026-07-10 10:10:38 [ERROR] Test failed: Create and allocate commission package successfully
2026-07-10 10:10:38 [ERROR] Failure screenshot saved: C:\Users\shashwat.singh\Desktop\Playwright_Commission_Automation\reports\failure-screenshots\Create_and_allocate_commission_package_successfully.png
2026-07-10 10:11:42 [INFO] Starting test: Create and allocate commission package successfully
2026-07-10 10:11:42 [INFO] ===== Test Execution Started =====
2026-07-10 10:11:42 [INFO] Navigating to login page
2026-07-10 10:11:46 [INFO] Logging in with user: aih.admin@yopmail.com
2026-07-10 10:11:47 [INFO] Validating dashboard
2026-07-10 10:11:54 [INFO] Opening Agents dropdown
2026-07-10 10:11:55 [INFO] Selecting Easy Commission
2026-07-10 10:11:56 [INFO] Clicking Settings
2026-07-10 10:11:56 [INFO] Clicking Manage Packages
2026-07-10 10:11:57 [INFO] Validating Commission Packages Page
2026-07-10 10:12:01 [INFO] Opening package: Manpreet
2026-07-10 10:12:01 [INFO] Clicking Arrow button
2026-07-10 10:12:05 [INFO] Validating package is inactive
2026-07-10 10:12:05 [INFO] Validating toggle is OFF
2026-07-10 10:12:05 [INFO] Clicking Active toggle
2026-07-10 10:12:05 [INFO] Validating confirmation popup
2026-07-10 10:12:05 [INFO] Confirming activation
2026-07-10 10:12:05 [INFO] ===== Test Execution Completed Successfully =====
2026-07-10 10:12:05 [INFO] Test passed: Create and allocate commission package successfully
2026-07-10 10:19:39 [INFO] Starting test: Create and allocate commission package successfully
2026-07-10 10:19:39 [INFO] ===== Test Execution Started =====
2026-07-10 10:19:39 [INFO] Navigating to login page
2026-07-10 10:19:43 [INFO] Logging in with user: aih.admin@yopmail.com
2026-07-10 10:19:45 [INFO] Validating dashboard
2026-07-10 10:19:55 [INFO] Opening Agents dropdown
2026-07-10 10:19:55 [INFO] Selecting Easy Commission
2026-07-10 10:19:56 [INFO] Clicking Settings
2026-07-10 10:19:57 [INFO] Clicking Manage Packages
2026-07-10 10:19:57 [INFO] Validating Commission Packages Page
2026-07-10 10:20:01 [INFO] Clicking Add Package
2026-07-10 10:20:01 [INFO] Entering package name: Mani
2026-07-10 10:20:02 [INFO] Entering description: Test
2026-07-10 10:20:02 [INFO] Selecting current date from calendar
2026-07-10 10:20:02 [INFO] Clicking Done
2026-07-10 10:20:04 [INFO] Opening package: Mani
2026-07-10 10:20:04 [INFO] Clicking Arrow button
2026-07-10 10:20:09 [INFO] Unchecking Courses
2026-07-10 10:20:09 [INFO] Unchecking Non Award Courses
2026-07-10 10:20:09 [INFO] Unchecking Packaged Awards
2026-07-10 10:20:09 [INFO] Selecting No radio button
2026-07-10 10:20:09 [INFO] Saving changes
2026-07-10 10:20:10 [INFO] Navigating to Award tab
2026-07-10 10:20:10 [INFO] Selecting Yes radio button
2026-07-10 10:20:11 [INFO] Saving Award page
2026-07-10 10:20:14 [INFO] Clicking arrow button for award group: ${groupname}
2026-07-10 10:20:15 [INFO] Selecting Percentage from dropdown
2026-07-10 10:20:17 [INFO] Entering Percentage value
2026-07-10 10:20:17 [INFO] Verifying Full course fee is selected
2026-07-10 10:20:17 [INFO] Opening Commission Rate Type dropdown
2026-07-10 10:20:17 [INFO] Selecting Year(s) option
2026-07-10 10:20:18 [INFO] Entering Commission Rate Duration
2026-07-10 10:20:18 [INFO] Saving Award page
2026-07-10 10:20:18 [ERROR] Test failed: Create and allocate commission package successfully
2026-07-10 10:20:18 [ERROR] Failure screenshot saved: C:\Users\shashwat.singh\Desktop\Playwright_Commission_Automation\reports\failure-screenshots\Create_and_allocate_commission_package_successfully.png
2026-07-10 10:21:07 [INFO] Starting test: Create and allocate commission package successfully
2026-07-10 10:21:07 [INFO] ===== Test Execution Started =====
2026-07-10 10:21:07 [INFO] Navigating to login page
2026-07-10 10:21:11 [INFO] Logging in with user: aih.admin@yopmail.com
2026-07-10 10:21:12 [INFO] Validating dashboard
2026-07-10 10:21:22 [INFO] Opening Agents dropdown
2026-07-10 10:21:22 [INFO] Selecting Easy Commission
2026-07-10 10:21:23 [INFO] Clicking Settings
2026-07-10 10:21:23 [INFO] Clicking Manage Packages
2026-07-10 10:21:24 [INFO] Validating Commission Packages Page
2026-07-10 10:21:28 [INFO] Clicking Add Package
2026-07-10 10:21:28 [INFO] Entering package name: Amit Sir
2026-07-10 10:21:29 [INFO] Entering description: Test
2026-07-10 10:21:29 [INFO] Selecting current date from calendar
2026-07-10 10:21:29 [INFO] Clicking Done
2026-07-10 10:21:30 [INFO] Opening package: Amit Sir
2026-07-10 10:21:31 [INFO] Clicking Arrow button
2026-07-10 10:21:34 [INFO] Unchecking Courses
2026-07-10 10:21:35 [INFO] Unchecking Non Award Courses
2026-07-10 10:21:35 [INFO] Unchecking Packaged Awards
2026-07-10 10:21:35 [INFO] Selecting No radio button
2026-07-10 10:21:35 [INFO] Saving changes
2026-07-10 10:21:36 [INFO] Navigating to Award tab
2026-07-10 10:21:36 [INFO] Selecting Yes radio button
2026-07-10 10:21:37 [INFO] Saving Award page
2026-07-10 10:21:39 [INFO] Clicking arrow button for award group: ${groupname}
2026-07-10 10:21:39 [INFO] Selecting Percentage from dropdown
2026-07-10 10:21:40 [INFO] Entering Percentage value
2026-07-10 10:21:40 [INFO] Verifying Full course fee is selected
2026-07-10 10:21:40 [INFO] Opening Commission Rate Type dropdown
2026-07-10 10:21:40 [INFO] Selecting Year(s) option
2026-07-10 10:21:40 [INFO] Entering Commission Rate Duration
2026-07-10 10:21:41 [INFO] Saving Award page
2026-07-10 10:21:42 [INFO] Go Back to previous page
2026-07-10 10:21:42 [INFO] Navigate Agent Tab
2026-07-10 10:21:42 [INFO] Clicking Filter
2026-07-10 10:21:43 [INFO] Selecting Allocation = Allocate Another Package
2026-07-10 10:21:44 [INFO] Clicking Done
2026-07-10 10:21:44 [INFO] Selecting agent: Oceanic Consultants Pvt Ltd
2026-07-10 10:21:45 [INFO] Clicking Allocate Package
2026-07-10 10:21:45 [INFO] Selecting current date
2026-07-10 10:21:45 [INFO] Clicking Done
2026-07-10 10:21:45 [INFO] Validating package is inactive
2026-07-10 10:21:46 [INFO] Validating toggle is OFF
2026-07-10 10:21:46 [INFO] Clicking Active toggle
2026-07-10 10:21:46 [ERROR] Test failed: Create and allocate commission package successfully
2026-07-10 10:21:46 [ERROR] Failure screenshot saved: C:\Users\shashwat.singh\Desktop\Playwright_Commission_Automation\reports\failure-screenshots\Create_and_allocate_commission_package_successfully.png
2026-07-10 10:24:39 [INFO] Starting test: Create and allocate commission package successfully
2026-07-10 10:24:39 [INFO] ===== Test Execution Started =====
2026-07-10 10:24:39 [INFO] Navigating to login page
2026-07-10 10:24:54 [INFO] Logging in with user: aih.admin@yopmail.com
2026-07-10 10:25:14 [INFO] Validating dashboard
2026-07-10 10:26:25 [INFO] Opening Agents dropdown
2026-07-10 10:26:42 [INFO] Selecting Easy Commission
2026-07-10 10:26:48 [INFO] Clicking Settings
2026-07-10 10:26:51 [INFO] Clicking Manage Packages
2026-07-10 10:26:55 [INFO] Validating Commission Packages Page
2026-07-10 10:27:27 [INFO] Clicking Add Package
2026-07-10 10:27:53 [INFO] Entering package name: Amit Sir
2026-07-10 10:28:03 [INFO] Entering description: Test
2026-07-10 10:28:05 [INFO] Selecting current date from calendar
2026-07-10 10:28:23 [INFO] Clicking Done
2026-07-10 10:29:19 [INFO] Opening package: Amit Sir
2026-07-10 10:31:46 [INFO] Clicking Arrow button
2026-07-10 10:32:40 [INFO] Unchecking Courses
2026-07-10 10:32:50 [INFO] Unchecking Non Award Courses
2026-07-10 10:33:22 [INFO] Unchecking Packaged Awards
2026-07-10 10:33:26 [INFO] Selecting No radio button
2026-07-10 10:33:40 [INFO] Saving changes
2026-07-10 10:36:00 [INFO] Navigating to Award tab
2026-07-10 10:36:13 [INFO] Selecting Yes radio button
2026-07-10 10:36:42 [INFO] Saving Award page
2026-07-10 10:37:01 [INFO] Clicking arrow button for award group: ${groupname}
2026-07-10 10:37:41 [INFO] Selecting Percentage from dropdown
2026-07-10 10:37:43 [INFO] Entering Percentage value
2026-07-10 10:37:43 [INFO] Verifying Full course fee is selected
2026-07-10 10:37:53 [ERROR] Test failed: Create and allocate commission package successfully
2026-07-10 10:37:53 [ERROR] Failure screenshot saved: C:\Users\shashwat.singh\Desktop\Playwright_Commission_Automation\reports\failure-screenshots\Create_and_allocate_commission_package_successfully.png
2026-07-10 10:41:04 [INFO] Starting test: Create and allocate commission package successfully
2026-07-10 10:41:04 [INFO] ===== Test Execution Started =====
2026-07-10 10:41:04 [INFO] Navigating to login page
2026-07-10 10:41:09 [INFO] Logging in with user: aih.admin@yopmail.com
2026-07-10 10:41:10 [INFO] Validating dashboard
2026-07-10 10:41:19 [INFO] Opening Agents dropdown
2026-07-10 10:41:19 [INFO] Selecting Easy Commission
2026-07-10 10:41:19 [INFO] Clicking Settings
2026-07-10 10:41:20 [INFO] Clicking Manage Packages
2026-07-10 10:41:21 [INFO] Validating Commission Packages Page
2026-07-10 10:41:24 [INFO] Clicking Add Package
2026-07-10 10:41:25 [INFO] Entering package name: shubham
2026-07-10 10:41:26 [INFO] Entering description: Test
2026-07-10 10:41:26 [INFO] Selecting current date from calendar
2026-07-10 10:41:26 [INFO] Clicking Done
2026-07-10 10:41:27 [INFO] Opening package: shubham
2026-07-10 10:41:28 [INFO] Clicking Arrow button
2026-07-10 10:41:33 [INFO] Unchecking Courses
2026-07-10 10:41:33 [INFO] Unchecking Non Award Courses
2026-07-10 10:41:33 [INFO] Unchecking Packaged Awards
2026-07-10 10:41:33 [INFO] Selecting No radio button
2026-07-10 10:41:33 [INFO] Saving changes
2026-07-10 10:41:34 [INFO] Navigating to Award tab
2026-07-10 10:41:34 [INFO] Selecting Yes radio button
2026-07-10 10:41:35 [INFO] Saving Award page
2026-07-10 10:41:38 [INFO] Clicking arrow button for award group: ${groupname}
2026-07-10 10:41:39 [INFO] Selecting Percentage from dropdown
2026-07-10 10:41:39 [INFO] Entering Percentage value
2026-07-10 10:41:40 [INFO] Verifying Full course fee is selected
2026-07-10 10:41:40 [INFO] Opening Commission Rate Type dropdown
2026-07-10 10:41:40 [INFO] Selecting Year(s) option
2026-07-10 10:41:40 [INFO] Entering Commission Rate Duration
2026-07-10 10:41:40 [INFO] Saving Award page
2026-07-10 10:41:41 [INFO] Go Back to previous page
2026-07-10 10:41:41 [INFO] Navigate Agent Tab
2026-07-10 10:41:41 [INFO] Clicking Filter
2026-07-10 10:41:42 [INFO] Selecting Allocation = Allocate Another Package
2026-07-10 10:41:43 [INFO] Clicking Done
2026-07-10 10:41:43 [INFO] Selecting agent: Oceanic Consultants Pvt Ltd
2026-07-10 10:41:44 [ERROR] Test failed: Create and allocate commission package successfully
2026-07-10 10:41:44 [ERROR] Failure screenshot saved: C:\Users\shashwat.singh\Desktop\Playwright_Commission_Automation\reports\failure-screenshots\Create_and_allocate_commission_package_successfully.png
